Order,Length_1,Length_2,Length_3,Length_4,Length_5,Length_6,Length_7,Rule_1,Rule_2,Rule_3,Rule_4,Rule_5,Rule_6,Rule_7
1,6,4,4,9,4,6,,(bottom-right-square-o > 0.5) & (top-right-square-o <= 0.5) & (middle-right-square-x <= 0.5) & (top-left-square-o <= 0.5) & (bottom-left-square-o <= 0.5) & (bottom-middle-square-x <= 0.5),(middle-middle-square-o > 0.5) & (bottom-left-square-x > 0.5) & (top-left-square-x > 0.5) & (middle-left-square-x > 0.5),(middle-middle-square-o > 0.5) & (top-left-square-x > 0.5) & (top-right-square-x > 0.5) & (top-middle-square-x > 0.5),(middle-middle-square-o > 0.5) & (bottom-right-square-x <= 0.5) & (top-left-square-x > 0.5) & (bottom-middle-square-x <= 0.5) & (top-middle-square-o <= 0.5) & (top-right-square-o <= 0.5) & (middle-right-square-b <= 0.5) & (top-middle-square-x > 0.5) & (top-right-square-b <= 0.5),(middle-middle-square-o > 0.5) & (top-right-square-x > 0.5) & (top-left-square-x > 0.5) & (top-middle-square-x > 0.5),(middle-middle-square-o > 0.5) & (bottom-right-square-x <= 0.5) & (top-left-square-x > 0.5) & (bottom-middle-square-x <= 0.5) & (middle-right-square-x <= 0.5) & (bottom-right-square-o > 0.5),
2,7,8,4,7,4,7,,(bottom-right-square-o > 0.5) & (top-right-square-o <= 0.5) & (middle-right-square-x <= 0.5) & (top-left-square-o <= 0.5) & (bottom-left-square-o > 0.5) & (bottom-middle-square-o <= 0.5) & (top-middle-square-o <= 0.5),(middle-middle-square-o > 0.5) & (bottom-left-square-x <= 0.5) & (top-right-square-x > 0.5) & (bottom-middle-square-x > 0.5) & (top-left-square-o <= 0.5) & (middle-right-square-o > 0.5) & (middle-left-square-o <= 0.5) & (top-middle-square-x > 0.5),(middle-middle-square-o > 0.5) & (top-left-square-x > 0.5) & (top-right-square-x > 0.5) & (top-middle-square-x > 0.5),(middle-middle-square-o > 0.5) & (bottom-right-square-x <= 0.5) & (top-left-square-x > 0.5) & (bottom-middle-square-x > 0.5) & (top-right-square-o <= 0.5) & (middle-left-square-o <= 0.5) & (middle-right-square-x <= 0.5),(middle-middle-square-o > 0.5) & (top-right-square-x > 0.5) & (top-left-square-x > 0.5) & (top-middle-square-x > 0.5),(middle-middle-square-o > 0.5) & (bottom-right-square-x <= 0.5) & (top-left-square-x > 0.5) & (bottom-middle-square-x > 0.5) & (top-right-square-o <= 0.5) & (middle-left-square-o <= 0.5) & (middle-right-square-x <= 0.5),
3,8,10,4,11,4,11,,(bottom-right-square-o <= 0.5) & (top-right-square-o <= 0.5) & (middle-left-square-b <= 0.5) & (bottom-middle-square-x <= 0.5) & (top-middle-square-b <= 0.5) & (top-left-square-x > 0.5) & (top-middle-square-x > 0.5) & (top-right-square-x > 0.5),(middle-middle-square-o > 0.5) & (bottom-left-square-x <= 0.5) & (top-right-square-x > 0.5) & (bottom-middle-square-x <= 0.5) & (top-middle-square-o <= 0.5) & (top-left-square-o <= 0.5) & (middle-left-square-b <= 0.5) & (middle-right-square-b <= 0.5) & (middle-right-square-x <= 0.5) & (middle-left-square-o <= 0.5),(middle-middle-square-o > 0.5) & (top-left-square-x > 0.5) & (top-right-square-x > 0.5) & (top-middle-square-x > 0.5),(middle-middle-square-o > 0.5) & (bottom-right-square-x > 0.5) & (top-right-square-x > 0.5) & (middle-right-square-x <= 0.5) & (middle-left-square-b <= 0.5) & (middle-right-square-b <= 0.5) & (middle-left-square-o <= 0.5) & (top-left-square-b <= 0.5) & (bottom-middle-square-o > 0.5) & (top-left-square-x > 0.5) & (top-middle-square-x > 0.5),(middle-middle-square-o > 0.5) & (top-right-square-x > 0.5) & (top-left-square-x > 0.5) & (top-middle-square-x > 0.5),(middle-middle-square-o > 0.5) & (bottom-right-square-x > 0.5) & (top-right-square-x > 0.5) & (middle-right-square-x <= 0.5) & (middle-left-square-b <= 0.5) & (middle-right-square-b <= 0.5) & (middle-left-square-o <= 0.5) & (top-left-square-b <= 0.5) & (bottom-left-square-b <= 0.5) & (bottom-middle-square-x <= 0.5) & (bottom-left-square-x <= 0.5),
4,8,10,4,9,4,8,,(bottom-right-square-o <= 0.5) & (top-right-square-o <= 0.5) & (middle-left-square-b <= 0.5) & (bottom-middle-square-x <= 0.5) & (top-middle-square-b <= 0.5) & (top-left-square-x > 0.5) & (top-middle-square-x > 0.5) & (top-right-square-x > 0.5),(middle-middle-square-o > 0.5) & (bottom-left-square-x <= 0.5) & (top-right-square-x > 0.5) & (bottom-middle-square-x <= 0.5) & (top-middle-square-o <= 0.5) & (top-left-square-o <= 0.5) & (middle-left-square-b <= 0.5) & (middle-right-square-b <= 0.5) & (middle-right-square-x <= 0.5) & (middle-left-square-o <= 0.5),(middle-middle-square-o > 0.5) & (top-left-square-x > 0.5) & (top-right-square-x > 0.5) & (top-middle-square-x > 0.5),(middle-middle-square-o > 0.5) & (bottom-right-square-x <= 0.5) & (top-left-square-x > 0.5) & (bottom-middle-square-x <= 0.5) & (top-middle-square-o <= 0.5) & (top-right-square-o <= 0.5) & (middle-right-square-b <= 0.5) & (top-middle-square-x > 0.5) & (top-right-square-b <= 0.5),(middle-middle-square-o > 0.5) & (top-right-square-x > 0.5) & (top-left-square-x > 0.5) & (top-middle-square-x > 0.5),(middle-middle-square-o > 0.5) & (bottom-right-square-x <= 0.5) & (top-left-square-x > 0.5) & (bottom-middle-square-x <= 0.5) & (middle-right-square-x <= 0.5) & (bottom-right-square-o <= 0.5) & (middle-left-square-o <= 0.5) & (middle-right-square-b <= 0.5),
5,8,10,4,9,4,8,,(bottom-right-square-o <= 0.5) & (top-right-square-o <= 0.5) & (middle-left-square-b <= 0.5) & (bottom-middle-square-x <= 0.5) & (top-middle-square-b <= 0.5) & (top-left-square-x > 0.5) & (top-middle-square-x > 0.5) & (top-right-square-x > 0.5),(middle-middle-square-o > 0.5) & (bottom-left-square-x <= 0.5) & (top-right-square-x > 0.5) & (bottom-middle-square-x <= 0.5) & (top-middle-square-o <= 0.5) & (top-left-square-o <= 0.5) & (middle-left-square-b <= 0.5) & (middle-right-square-b <= 0.5) & (middle-right-square-x <= 0.5) & (middle-left-square-o <= 0.5),(middle-middle-square-o > 0.5) & (top-left-square-x > 0.5) & (top-right-square-x > 0.5) & (top-middle-square-x > 0.5),(middle-middle-square-o > 0.5) & (bottom-right-square-x <= 0.5) & (top-left-square-x > 0.5) & (bottom-middle-square-x <= 0.5) & (top-middle-square-o <= 0.5) & (top-right-square-o <= 0.5) & (middle-right-square-b <= 0.5) & (top-middle-square-x > 0.5) & (top-right-square-b <= 0.5),(middle-middle-square-o > 0.5) & (top-right-square-x > 0.5) & (top-left-square-x > 0.5) & (top-middle-square-x > 0.5),(middle-middle-square-o > 0.5) & (bottom-right-square-x <= 0.5) & (top-left-square-x > 0.5) & (bottom-middle-square-x <= 0.5) & (middle-right-square-x <= 0.5) & (bottom-right-square-o <= 0.5) & (middle-left-square-o <= 0.5) & (middle-right-square-b <= 0.5),
6,6,10,4,9,4,6,,(bottom-right-square-o > 0.5) & (top-right-square-o <= 0.5) & (middle-right-square-x <= 0.5) & (top-left-square-o <= 0.5) & (bottom-left-square-o <= 0.5) & (bottom-middle-square-x <= 0.5),(middle-middle-square-o > 0.5) & (bottom-left-square-x <= 0.5) & (top-right-square-x > 0.5) & (bottom-middle-square-x <= 0.5) & (top-middle-square-o <= 0.5) & (top-left-square-o <= 0.5) & (middle-left-square-b <= 0.5) & (middle-right-square-b <= 0.5) & (middle-right-square-x <= 0.5) & (middle-left-square-o <= 0.5),(middle-middle-square-o > 0.5) & (top-left-square-x > 0.5) & (top-right-square-x > 0.5) & (top-middle-square-x > 0.5),(middle-middle-square-o > 0.5) & (bottom-right-square-x <= 0.5) & (top-left-square-x > 0.5) & (bottom-middle-square-x <= 0.5) & (top-middle-square-o <= 0.5) & (top-right-square-o <= 0.5) & (middle-right-square-b <= 0.5) & (top-middle-square-x > 0.5) & (top-right-square-b <= 0.5),(middle-middle-square-o > 0.5) & (top-right-square-x > 0.5) & (top-left-square-x > 0.5) & (top-middle-square-x > 0.5),(middle-middle-square-o > 0.5) & (bottom-right-square-x <= 0.5) & (top-left-square-x > 0.5) & (bottom-middle-square-x <= 0.5) & (middle-right-square-x <= 0.5) & (bottom-right-square-o > 0.5),
7,8,8,4,7,4,13,,(bottom-right-square-o <= 0.5) & (top-right-square-o <= 0.5) & (middle-left-square-b <= 0.5) & (bottom-middle-square-x <= 0.5) & (top-middle-square-b <= 0.5) & (top-left-square-x > 0.5) & (top-middle-square-x > 0.5) & (top-right-square-x > 0.5),(middle-middle-square-o > 0.5) & (bottom-left-square-x <= 0.5) & (top-right-square-x > 0.5) & (bottom-middle-square-x <= 0.5) & (top-middle-square-o <= 0.5) & (top-left-square-o <= 0.5) & (middle-left-square-b <= 0.5) & (middle-right-square-b > 0.5),(middle-middle-square-o > 0.5) & (top-left-square-x > 0.5) & (top-right-square-x > 0.5) & (top-middle-square-x > 0.5),(middle-middle-square-o > 0.5) & (bottom-right-square-x <= 0.5) & (top-left-square-x > 0.5) & (bottom-middle-square-x <= 0.5) & (top-middle-square-o <= 0.5) & (top-right-square-o <= 0.5) & (middle-right-square-b > 0.5),(middle-middle-square-o > 0.5) & (top-right-square-x > 0.5) & (top-left-square-x > 0.5) & (top-middle-square-x > 0.5),(middle-middle-square-o > 0.5) & (bottom-right-square-x <= 0.5) & (top-left-square-x > 0.5) & (bottom-middle-square-x <= 0.5) & (middle-right-square-x <= 0.5) & (bottom-right-square-o <= 0.5) & (middle-left-square-o <= 0.5) & (middle-right-square-b > 0.5) & (top-right-square-b <= 0.5) & (bottom-left-square-b <= 0.5) & (middle-left-square-x > 0.5) & (bottom-left-square-x <= 0.5) & (bottom-middle-square-o > 0.5),
8,7,8,4,7,4,6,,(bottom-right-square-o > 0.5) & (top-right-square-o <= 0.5) & (middle-right-square-x <= 0.5) & (top-left-square-o <= 0.5) & (bottom-left-square-o > 0.5) & (bottom-middle-square-o <= 0.5) & (top-middle-square-o <= 0.5),(middle-middle-square-o > 0.5) & (bottom-left-square-x <= 0.5) & (top-right-square-x > 0.5) & (bottom-middle-square-x <= 0.5) & (top-middle-square-o <= 0.5) & (top-left-square-o <= 0.5) & (middle-left-square-b <= 0.5) & (middle-right-square-b > 0.5),(middle-middle-square-o > 0.5) & (top-left-square-x > 0.5) & (top-right-square-x > 0.5) & (top-middle-square-x > 0.5),(middle-middle-square-o > 0.5) & (bottom-right-square-x <= 0.5) & (top-left-square-x > 0.5) & (bottom-middle-square-x <= 0.5) & (top-middle-square-o <= 0.5) & (top-right-square-o <= 0.5) & (middle-right-square-b > 0.5),(middle-middle-square-o > 0.5) & (top-right-square-x > 0.5) & (top-left-square-x > 0.5) & (top-middle-square-x > 0.5),(middle-middle-square-o > 0.5) & (bottom-right-square-x <= 0.5) & (top-left-square-x > 0.5) & (bottom-middle-square-x <= 0.5) & (middle-right-square-x <= 0.5) & (bottom-right-square-o > 0.5),
9,6,8,4,7,4,6,,(bottom-right-square-o > 0.5) & (top-right-square-o <= 0.5) & (middle-right-square-x <= 0.5) & (top-left-square-o <= 0.5) & (bottom-left-square-o <= 0.5) & (bottom-middle-square-x <= 0.5),(middle-middle-square-o > 0.5) & (bottom-left-square-x <= 0.5) & (top-right-square-x > 0.5) & (bottom-middle-square-x <= 0.5) & (top-middle-square-o <= 0.5) & (top-left-square-o <= 0.5) & (middle-left-square-b <= 0.5) & (middle-right-square-b > 0.5),(middle-middle-square-o > 0.5) & (top-left-square-x > 0.5) & (top-right-square-x > 0.5) & (top-middle-square-x > 0.5),(middle-middle-square-o > 0.5) & (bottom-right-square-x <= 0.5) & (top-left-square-x > 0.5) & (bottom-middle-square-x <= 0.5) & (top-middle-square-o <= 0.5) & (top-right-square-o <= 0.5) & (middle-right-square-b > 0.5),(middle-middle-square-o > 0.5) & (top-right-square-x > 0.5) & (top-left-square-x > 0.5) & (top-middle-square-x > 0.5),(middle-middle-square-o > 0.5) & (bottom-right-square-x <= 0.5) & (top-left-square-x > 0.5) & (bottom-middle-square-x <= 0.5) & (middle-right-square-x <= 0.5) & (bottom-right-square-o > 0.5),
10,8,10,3,4,3,,,(bottom-right-square-o <= 0.5) & (top-right-square-o <= 0.5) & (middle-left-square-b <= 0.5) & (bottom-middle-square-x <= 0.5) & (top-middle-square-b <= 0.5) & (top-left-square-x > 0.5) & (top-middle-square-x > 0.5) & (top-right-square-x > 0.5),(middle-middle-square-o <= 0.5) & (top-right-square-o <= 0.5) & (bottom-left-square-o > 0.5) & (top-left-square-o <= 0.5) & (bottom-middle-square-o > 0.5) & (top-middle-square-o <= 0.5) & (middle-left-square-o <= 0.5) & (middle-right-square-o > 0.5) & (middle-left-square-b <= 0.5) & (middle-middle-square-x <= 0.5),(middle-middle-square-o <= 0.5) & (top-left-square-o <= 0.5) & (bottom-right-square-o <= 0.5),(middle-middle-square-o <= 0.5) & (bottom-left-square-o > 0.5) & (top-left-square-o <= 0.5) & (bottom-right-square-o <= 0.5),(middle-middle-square-o <= 0.5) & (top-left-square-o <= 0.5) & (bottom-right-square-o <= 0.5),,
11,7,6,6,9,8,,,(bottom-right-square-o > 0.5) & (top-right-square-o <= 0.5) & (middle-right-square-x <= 0.5) & (top-left-square-o <= 0.5) & (bottom-left-square-o > 0.5) & (bottom-middle-square-o <= 0.5) & (top-middle-square-o <= 0.5),(middle-middle-square-o <= 0.5) & (top-right-square-o <= 0.5) & (bottom-left-square-o > 0.5) & (top-left-square-o <= 0.5) & (bottom-middle-square-o <= 0.5) & (top-middle-square-o <= 0.5),(middle-middle-square-o <= 0.5) & (top-left-square-o <= 0.5) & (bottom-right-square-o > 0.5) & (top-right-square-o <= 0.5) & (bottom-middle-square-o <= 0.5) & (top-middle-square-o <= 0.5),(middle-middle-square-o <= 0.5) & (bottom-left-square-o > 0.5) & (top-left-square-o <= 0.5) & (bottom-right-square-o > 0.5) & (bottom-middle-square-o <= 0.5) & (top-left-square-b <= 0.5) & (middle-left-square-x > 0.5) & (bottom-middle-square-x <= 0.5) & (top-right-square-o <= 0.5),(middle-middle-square-o <= 0.5) & (top-left-square-o <= 0.5) & (bottom-right-square-o > 0.5) & (top-right-square-o <= 0.5) & (bottom-left-square-o > 0.5) & (bottom-middle-square-o <= 0.5) & (top-left-square-b <= 0.5) & (bottom-middle-square-x <= 0.5),,
12,6,3,9,3,5,,,(bottom-right-square-o > 0.5) & (top-right-square-o <= 0.5) & (middle-right-square-x <= 0.5) & (top-left-square-o <= 0.5) & (bottom-left-square-o <= 0.5) & (bottom-middle-square-x <= 0.5),(middle-middle-square-o <= 0.5) & (top-right-square-o <= 0.5) & (bottom-left-square-o <= 0.5),(middle-middle-square-o <= 0.5) & (top-left-square-o <= 0.5) & (bottom-right-square-o > 0.5) & (top-right-square-o <= 0.5) & (bottom-middle-square-o > 0.5) & (top-middle-square-o <= 0.5) & (middle-right-square-o > 0.5) & (middle-left-square-x > 0.5) & (middle-middle-square-b > 0.5),(middle-middle-square-o <= 0.5) & (bottom-left-square-o <= 0.5) & (top-right-square-o <= 0.5),(middle-middle-square-o <= 0.5) & (top-left-square-o <= 0.5) & (bottom-right-square-o > 0.5) & (top-right-square-o <= 0.5) & (bottom-left-square-o <= 0.5),,
13,6,3,8,3,5,,,(bottom-right-square-o > 0.5) & (top-right-square-o <= 0.5) & (middle-right-square-x <= 0.5) & (top-left-square-o <= 0.5) & (bottom-left-square-o <= 0.5) & (bottom-middle-square-x <= 0.5),(middle-middle-square-o <= 0.5) & (top-right-square-o <= 0.5) & (bottom-left-square-o <= 0.5),(middle-middle-square-o <= 0.5) & (top-left-square-o <= 0.5) & (bottom-right-square-o > 0.5) & (top-right-square-o <= 0.5) & (bottom-middle-square-o > 0.5) & (top-middle-square-o <= 0.5) & (middle-right-square-o > 0.5) & (middle-left-square-x <= 0.5),(middle-middle-square-o <= 0.5) & (bottom-left-square-o <= 0.5) & (top-right-square-o <= 0.5),(middle-middle-square-o <= 0.5) & (top-left-square-o <= 0.5) & (bottom-right-square-o > 0.5) & (top-right-square-o <= 0.5) & (bottom-left-square-o <= 0.5),,
14,7,6,6,8,10,,,(bottom-right-square-o > 0.5) & (top-right-square-o <= 0.5) & (middle-right-square-x <= 0.5) & (top-left-square-o <= 0.5) & (bottom-left-square-o > 0.5) & (bottom-middle-square-o <= 0.5) & (top-middle-square-o <= 0.5),(middle-middle-square-o <= 0.5) & (top-right-square-o <= 0.5) & (bottom-left-square-o > 0.5) & (top-left-square-o <= 0.5) & (bottom-middle-square-o <= 0.5) & (top-middle-square-o <= 0.5),(middle-middle-square-o <= 0.5) & (top-left-square-o <= 0.5) & (bottom-right-square-o > 0.5) & (top-right-square-o <= 0.5) & (bottom-middle-square-o <= 0.5) & (top-middle-square-o <= 0.5),(middle-middle-square-o <= 0.5) & (bottom-left-square-o > 0.5) & (top-left-square-o <= 0.5) & (bottom-right-square-o > 0.5) & (bottom-middle-square-o <= 0.5) & (top-left-square-b <= 0.5) & (middle-left-square-x <= 0.5) & (top-middle-square-x > 0.5),(middle-middle-square-o <= 0.5) & (top-left-square-o <= 0.5) & (bottom-right-square-o > 0.5) & (top-right-square-o <= 0.5) & (bottom-left-square-o > 0.5) & (bottom-middle-square-o <= 0.5) & (top-left-square-b <= 0.5) & (bottom-middle-square-x > 0.5) & (middle-left-square-x <= 0.5) & (middle-right-square-x <= 0.5),,
15,8,8,3,4,3,,,(bottom-right-square-o <= 0.5) & (top-right-square-o <= 0.5) & (middle-left-square-b <= 0.5) & (bottom-middle-square-x <= 0.5) & (top-middle-square-b <= 0.5) & (top-left-square-x > 0.5) & (top-middle-square-x > 0.5) & (top-right-square-x > 0.5),(middle-middle-square-o <= 0.5) & (top-right-square-o <= 0.5) & (bottom-left-square-o > 0.5) & (top-left-square-o <= 0.5) & (bottom-middle-square-o > 0.5) & (top-middle-square-o <= 0.5) & (middle-left-square-o > 0.5) & (middle-right-square-x <= 0.5),(middle-middle-square-o <= 0.5) & (top-left-square-o <= 0.5) & (bottom-right-square-o <= 0.5),(middle-middle-square-o <= 0.5) & (bottom-left-square-o > 0.5) & (top-left-square-o <= 0.5) & (bottom-right-square-o <= 0.5),(middle-middle-square-o <= 0.5) & (top-left-square-o <= 0.5) & (bottom-right-square-o <= 0.5),,
16,8,6,3,4,3,,,(bottom-right-square-o <= 0.5) & (top-right-square-o <= 0.5) & (middle-left-square-b <= 0.5) & (bottom-middle-square-x <= 0.5) & (top-middle-square-b <= 0.5) & (top-left-square-x > 0.5) & (top-middle-square-x > 0.5) & (top-right-square-x > 0.5),(middle-middle-square-o <= 0.5) & (top-right-square-o <= 0.5) & (bottom-left-square-o > 0.5) & (top-left-square-o <= 0.5) & (bottom-middle-square-o <= 0.5) & (top-middle-square-o <= 0.5),(middle-middle-square-o <= 0.5) & (top-left-square-o <= 0.5) & (bottom-right-square-o <= 0.5),(middle-middle-square-o <= 0.5) & (bottom-left-square-o > 0.5) & (top-left-square-o <= 0.5) & (bottom-right-square-o <= 0.5),(middle-middle-square-o <= 0.5) & (top-left-square-o <= 0.5) & (bottom-right-square-o <= 0.5),,
17,8,3,3,3,3,,,(bottom-right-square-o <= 0.5) & (top-right-square-o <= 0.5) & (middle-left-square-b <= 0.5) & (bottom-middle-square-x <= 0.5) & (top-middle-square-b <= 0.5) & (top-left-square-x > 0.5) & (top-middle-square-x > 0.5) & (top-right-square-x > 0.5),(middle-middle-square-o <= 0.5) & (top-right-square-o <= 0.5) & (bottom-left-square-o <= 0.5),(middle-middle-square-o <= 0.5) & (top-left-square-o <= 0.5) & (bottom-right-square-o <= 0.5),(middle-middle-square-o <= 0.5) & (bottom-left-square-o <= 0.5) & (top-right-square-o <= 0.5),(middle-middle-square-o <= 0.5) & (top-left-square-o <= 0.5) & (bottom-right-square-o <= 0.5),,
18,6,3,6,3,5,,,(bottom-right-square-o > 0.5) & (top-right-square-o <= 0.5) & (middle-right-square-x <= 0.5) & (top-left-square-o <= 0.5) & (bottom-left-square-o <= 0.5) & (bottom-middle-square-x <= 0.5),(middle-middle-square-o <= 0.5) & (top-right-square-o <= 0.5) & (bottom-left-square-o <= 0.5),(middle-middle-square-o <= 0.5) & (top-left-square-o <= 0.5) & (bottom-right-square-o > 0.5) & (top-right-square-o <= 0.5) & (bottom-middle-square-o <= 0.5) & (top-middle-square-o <= 0.5),(middle-middle-square-o <= 0.5) & (bottom-left-square-o <= 0.5) & (top-right-square-o <= 0.5),(middle-middle-square-o <= 0.5) & (top-left-square-o <= 0.5) & (bottom-right-square-o > 0.5) & (top-right-square-o <= 0.5) & (bottom-left-square-o <= 0.5),,
19,8,8,3,4,3,,,(bottom-right-square-o <= 0.5) & (top-right-square-o <= 0.5) & (middle-left-square-b <= 0.5) & (bottom-middle-square-x <= 0.5) & (top-middle-square-b <= 0.5) & (top-left-square-x > 0.5) & (top-middle-square-x > 0.5) & (top-right-square-x > 0.5),(middle-middle-square-o <= 0.5) & (top-right-square-o <= 0.5) & (bottom-left-square-o > 0.5) & (top-left-square-o <= 0.5) & (bottom-middle-square-o > 0.5) & (top-middle-square-o <= 0.5) & (middle-left-square-o > 0.5) & (middle-right-square-x <= 0.5),(middle-middle-square-o <= 0.5) & (top-left-square-o <= 0.5) & (bottom-right-square-o <= 0.5),(middle-middle-square-o <= 0.5) & (bottom-left-square-o > 0.5) & (top-left-square-o <= 0.5) & (bottom-right-square-o <= 0.5),(middle-middle-square-o <= 0.5) & (top-left-square-o <= 0.5) & (bottom-right-square-o <= 0.5),,
20,7,6,6,8,8,,,(bottom-right-square-o > 0.5) & (top-right-square-o <= 0.5) & (middle-right-square-x <= 0.5) & (top-left-square-o <= 0.5) & (bottom-left-square-o > 0.5) & (bottom-middle-square-o <= 0.5) & (top-middle-square-o <= 0.5),(middle-middle-square-o <= 0.5) & (top-right-square-o <= 0.5) & (bottom-left-square-o > 0.5) & (top-left-square-o <= 0.5) & (bottom-middle-square-o <= 0.5) & (top-middle-square-o <= 0.5),(middle-middle-square-o <= 0.5) & (top-left-square-o <= 0.5) & (bottom-right-square-o > 0.5) & (top-right-square-o <= 0.5) & (bottom-middle-square-o <= 0.5) & (top-middle-square-o <= 0.5),(middle-middle-square-o <= 0.5) & (bottom-left-square-o > 0.5) & (top-left-square-o <= 0.5) & (bottom-right-square-o > 0.5) & (bottom-middle-square-o <= 0.5) & (top-left-square-b <= 0.5) & (middle-left-square-x <= 0.5) & (top-middle-square-x > 0.5),(middle-middle-square-o <= 0.5) & (top-left-square-o <= 0.5) & (bottom-right-square-o > 0.5) & (top-right-square-o <= 0.5) & (bottom-left-square-o > 0.5) & (bottom-middle-square-o <= 0.5) & (top-left-square-b <= 0.5) & (bottom-middle-square-x <= 0.5),,
21,6,3,9,3,5,,,(bottom-right-square-o > 0.5) & (top-right-square-o <= 0.5) & (middle-right-square-x <= 0.5) & (top-left-square-o <= 0.5) & (bottom-left-square-o <= 0.5) & (bottom-middle-square-x <= 0.5),(middle-middle-square-o <= 0.5) & (top-right-square-o <= 0.5) & (bottom-left-square-o <= 0.5),(middle-middle-square-o <= 0.5) & (top-left-square-o <= 0.5) & (bottom-right-square-o > 0.5) & (top-right-square-o <= 0.5) & (bottom-middle-square-o > 0.5) & (top-middle-square-o <= 0.5) & (middle-right-square-o <= 0.5) & (middle-left-square-o > 0.5) & (middle-right-square-b > 0.5),(middle-middle-square-o <= 0.5) & (bottom-left-square-o <= 0.5) & (top-right-square-o <= 0.5),(middle-middle-square-o <= 0.5) & (top-left-square-o <= 0.5) & (bottom-right-square-o > 0.5) & (top-right-square-o <= 0.5) & (bottom-left-square-o <= 0.5),,
22,7,10,4,9,4,9,,(bottom-right-square-o > 0.5) & (top-right-square-o <= 0.5) & (middle-right-square-x > 0.5) & (top-middle-square-o <= 0.5) & (middle-left-square-b <= 0.5) & (bottom-left-square-o <= 0.5) & (top-left-square-o <= 0.5),(middle-middle-square-o > 0.5) & (bottom-left-square-x > 0.5) & (top-left-square-x > 0.5) & (middle-left-square-x <= 0.5) & (middle-right-square-b <= 0.5) & (middle-left-square-b <= 0.5) & (middle-right-square-o <= 0.5) & (top-right-square-b <= 0.5) & (top-right-square-o <= 0.5) & (top-middle-square-x > 0.5),(middle-middle-square-o > 0.5) & (top-left-square-x > 0.5) & (top-right-square-x > 0.5) & (top-middle-square-x > 0.5),(middle-middle-square-o > 0.5) & (bottom-right-square-x <= 0.5) & (top-left-square-x > 0.5) & (bottom-middle-square-x <= 0.5) & (top-middle-square-o <= 0.5) & (top-right-square-o <= 0.5) & (middle-right-square-b <= 0.5) & (top-middle-square-x > 0.5) & (top-right-square-b <= 0.5),(middle-middle-square-o > 0.5) & (top-right-square-x > 0.5) & (top-left-square-x > 0.5) & (top-middle-square-x > 0.5),(middle-middle-square-o > 0.5) & (bottom-right-square-x <= 0.5) & (top-left-square-x > 0.5) & (bottom-middle-square-x <= 0.5) & (middle-right-square-x > 0.5) & (bottom-left-square-x > 0.5) & (middle-left-square-x <= 0.5) & (bottom-right-square-o > 0.5) & (middle-left-square-o > 0.5),
23,8,7,4,8,4,8,,(bottom-right-square-o > 0.5) & (top-right-square-o <= 0.5) & (middle-right-square-x > 0.5) & (top-middle-square-o <= 0.5) & (middle-left-square-b <= 0.5) & (bottom-left-square-o > 0.5) & (bottom-middle-square-o <= 0.5) & (top-left-square-o <= 0.5),(middle-middle-square-o > 0.5) & (bottom-left-square-x <= 0.5) & (top-right-square-x > 0.5) & (bottom-middle-square-x > 0.5) & (top-left-square-o <= 0.5) & (middle-right-square-o <= 0.5) & (middle-left-square-x <= 0.5),(middle-middle-square-o > 0.5) & (top-left-square-x > 0.5) & (top-right-square-x > 0.5) & (top-middle-square-x > 0.5),(middle-middle-square-o > 0.5) & (bottom-right-square-x <= 0.5) & (top-left-square-x > 0.5) & (bottom-middle-square-x > 0.5) & (top-right-square-o <= 0.5) & (middle-left-square-o > 0.5) & (middle-right-square-o <= 0.5) & (top-middle-square-x > 0.5),(middle-middle-square-o > 0.5) & (top-right-square-x > 0.5) & (top-left-square-x > 0.5) & (top-middle-square-x > 0.5),(middle-middle-square-o > 0.5) & (bottom-right-square-x <= 0.5) & (top-left-square-x > 0.5) & (bottom-middle-square-x > 0.5) & (top-right-square-o <= 0.5) & (middle-left-square-o > 0.5) & (middle-right-square-o <= 0.5) & (bottom-left-square-x <= 0.5),
24,8,10,4,4,4,4,4,(bottom-right-square-o <= 0.5) & (top-right-square-o <= 0.5) & (middle-left-square-b <= 0.5) & (bottom-middle-square-x <= 0.5) & (top-middle-square-b <= 0.5) & (top-left-square-x > 0.5) & (top-middle-square-x > 0.5) & (top-right-square-x > 0.5),(middle-middle-square-o > 0.5) & (bottom-left-square-x <= 0.5) & (top-right-square-x > 0.5) & (bottom-middle-square-x <= 0.5) & (top-middle-square-o <= 0.5) & (top-left-square-o <= 0.5) & (middle-left-square-b <= 0.5) & (middle-right-square-b <= 0.5) & (middle-right-square-x > 0.5) & (middle-left-square-x <= 0.5),(middle-middle-square-o > 0.5) & (top-left-square-x > 0.5) & (top-right-square-x > 0.5) & (top-middle-square-x > 0.5),(middle-middle-square-o > 0.5) & (bottom-right-square-x > 0.5) & (top-right-square-x > 0.5) & (middle-right-square-x > 0.5),(middle-middle-square-o > 0.5) & (bottom-right-square-x > 0.5) & (top-right-square-x > 0.5) & (middle-right-square-x > 0.5),(middle-middle-square-o > 0.5) & (top-right-square-x > 0.5) & (top-left-square-x > 0.5) & (top-middle-square-x > 0.5),(middle-middle-square-o > 0.5) & (bottom-right-square-x > 0.5) & (top-right-square-x > 0.5) & (middle-right-square-x > 0.5)
25,8,10,4,9,4,9,,(bottom-right-square-o <= 0.5) & (top-right-square-o <= 0.5) & (middle-left-square-b <= 0.5) & (bottom-middle-square-x <= 0.5) & (top-middle-square-b <= 0.5) & (top-left-square-x > 0.5) & (top-middle-square-x > 0.5) & (top-right-square-x > 0.5),(middle-middle-square-o > 0.5) & (bottom-left-square-x <= 0.5) & (top-right-square-x > 0.5) & (bottom-middle-square-x <= 0.5) & (top-middle-square-o <= 0.5) & (top-left-square-o <= 0.5) & (middle-left-square-b <= 0.5) & (middle-right-square-b <= 0.5) & (middle-right-square-x > 0.5) & (middle-left-square-x <= 0.5),(middle-middle-square-o > 0.5) & (top-left-square-x > 0.5) & (top-right-square-x > 0.5) & (top-middle-square-x > 0.5),(middle-middle-square-o > 0.5) & (bottom-right-square-x <= 0.5) & (top-left-square-x > 0.5) & (bottom-middle-square-x <= 0.5) & (top-middle-square-o <= 0.5) & (top-right-square-o <= 0.5) & (middle-right-square-b <= 0.5) & (top-middle-square-x > 0.5) & (top-right-square-b <= 0.5),(middle-middle-square-o > 0.5) & (top-right-square-x > 0.5) & (top-left-square-x > 0.5) & (top-middle-square-x > 0.5),(middle-middle-square-o > 0.5) & (bottom-right-square-x <= 0.5) & (top-left-square-x > 0.5) & (bottom-middle-square-x <= 0.5) & (middle-right-square-x > 0.5) & (bottom-left-square-x <= 0.5) & (middle-left-square-x <= 0.5) & (top-right-square-o <= 0.5) & (bottom-middle-square-o <= 0.5),
26,8,10,4,9,4,12,,(bottom-right-square-o <= 0.5) & (top-right-square-o <= 0.5) & (middle-left-square-b <= 0.5) & (bottom-middle-square-x <= 0.5) & (top-middle-square-b <= 0.5) & (top-left-square-x > 0.5) & (top-middle-square-x > 0.5) & (top-right-square-x > 0.5),(middle-middle-square-o > 0.5) & (bottom-left-square-x <= 0.5) & (top-right-square-x > 0.5) & (bottom-middle-square-x <= 0.5) & (top-middle-square-o <= 0.5) & (top-left-square-o <= 0.5) & (middle-left-square-b <= 0.5) & (middle-right-square-b <= 0.5) & (middle-right-square-x > 0.5) & (middle-left-square-x <= 0.5),(middle-middle-square-o > 0.5) & (top-left-square-x > 0.5) & (top-right-square-x > 0.5) & (top-middle-square-x > 0.5),(middle-middle-square-o > 0.5) & (bottom-right-square-x <= 0.5) & (top-left-square-x > 0.5) & (bottom-middle-square-x <= 0.5) & (top-middle-square-o <= 0.5) & (top-right-square-o <= 0.5) & (middle-right-square-b <= 0.5) & (top-middle-square-x > 0.5) & (top-right-square-b <= 0.5),(middle-middle-square-o > 0.5) & (top-right-square-x > 0.5) & (top-left-square-x > 0.5) & (top-middle-square-x > 0.5),(middle-middle-square-o > 0.5) & (bottom-right-square-x <= 0.5) & (top-left-square-x > 0.5) & (bottom-middle-square-x <= 0.5) & (middle-right-square-x > 0.5) & (bottom-left-square-x <= 0.5) & (middle-left-square-x <= 0.5) & (top-right-square-o <= 0.5) & (bottom-middle-square-o > 0.5) & (bottom-right-square-o <= 0.5) & (bottom-left-square-b > 0.5) & (middle-left-square-o > 0.5),
27,7,10,4,9,4,9,,(bottom-right-square-o > 0.5) & (top-right-square-o <= 0.5) & (middle-right-square-x > 0.5) & (top-middle-square-o <= 0.5) & (middle-left-square-b <= 0.5) & (bottom-left-square-o <= 0.5) & (top-left-square-o <= 0.5),(middle-middle-square-o > 0.5) & (bottom-left-square-x <= 0.5) & (top-right-square-x > 0.5) & (bottom-middle-square-x <= 0.5) & (top-middle-square-o <= 0.5) & (top-left-square-o <= 0.5) & (middle-left-square-b <= 0.5) & (middle-right-square-b <= 0.5) & (middle-right-square-x > 0.5) & (middle-left-square-x <= 0.5),(middle-middle-square-o > 0.5) & (top-left-square-x > 0.5) & (top-right-square-x > 0.5) & (top-middle-square-x > 0.5),(middle-middle-square-o > 0.5) & (bottom-right-square-x <= 0.5) & (top-left-square-x > 0.5) & (bottom-middle-square-x <= 0.5) & (top-middle-square-o <= 0.5) & (top-right-square-o <= 0.5) & (middle-right-square-b <= 0.5) & (top-middle-square-x > 0.5) & (top-right-square-b <= 0.5),(middle-middle-square-o > 0.5) & (top-right-square-x > 0.5) & (top-left-square-x > 0.5) & (top-middle-square-x > 0.5),(middle-middle-square-o > 0.5) & (bottom-right-square-x <= 0.5) & (top-left-square-x > 0.5) & (bottom-middle-square-x <= 0.5) & (middle-right-square-x > 0.5) & (bottom-left-square-x <= 0.5) & (middle-left-square-x <= 0.5) & (top-right-square-o <= 0.5) & (bottom-middle-square-o <= 0.5),
28,8,7,4,7,4,8,,(bottom-right-square-o <= 0.5) & (top-right-square-o <= 0.5) & (middle-left-square-b <= 0.5) & (bottom-middle-square-x <= 0.5) & (top-middle-square-b <= 0.5) & (top-left-square-x > 0.5) & (top-middle-square-x > 0.5) & (top-right-square-x > 0.5),(middle-middle-square-o > 0.5) & (bottom-left-square-x > 0.5) & (top-left-square-x > 0.5) & (middle-left-square-x <= 0.5) & (middle-right-square-b > 0.5) & (bottom-middle-square-o > 0.5) & (top-middle-square-x > 0.5),(middle-middle-square-o > 0.5) & (top-left-square-x > 0.5) & (top-right-square-x > 0.5) & (top-middle-square-x > 0.5),(middle-middle-square-o > 0.5) & (bottom-right-square-x <= 0.5) & (top-left-square-x > 0.5) & (bottom-middle-square-x <= 0.5) & (top-middle-square-o <= 0.5) & (top-right-square-o <= 0.5) & (middle-right-square-b > 0.5),(middle-middle-square-o > 0.5) & (top-right-square-x > 0.5) & (top-left-square-x > 0.5) & (top-middle-square-x > 0.5),(middle-middle-square-o > 0.5) & (bottom-right-square-x <= 0.5) & (top-left-square-x > 0.5) & (bottom-middle-square-x <= 0.5) & (middle-right-square-x <= 0.5) & (bottom-right-square-o <= 0.5) & (middle-left-square-o > 0.5) & (middle-right-square-o <= 0.5),
29,6,6,4,7,4,6,,(bottom-right-square-o > 0.5) & (top-right-square-o <= 0.5) & (middle-right-square-x <= 0.5) & (top-left-square-o <= 0.5) & (bottom-left-square-o <= 0.5) & (bottom-middle-square-x <= 0.5),(middle-middle-square-o > 0.5) & (bottom-left-square-x > 0.5) & (top-left-square-x > 0.5) & (middle-left-square-x <= 0.5) & (middle-right-square-b > 0.5) & (bottom-middle-square-o <= 0.5),(middle-middle-square-o > 0.5) & (top-left-square-x > 0.5) & (top-right-square-x > 0.5) & (top-middle-square-x > 0.5),(middle-middle-square-o > 0.5) & (bottom-right-square-x <= 0.5) & (top-left-square-x > 0.5) & (bottom-middle-square-x <= 0.5) & (top-middle-square-o <= 0.5) & (top-right-square-o <= 0.5) & (middle-right-square-b > 0.5),(middle-middle-square-o > 0.5) & (top-right-square-x > 0.5) & (top-left-square-x > 0.5) & (top-middle-square-x > 0.5),(middle-middle-square-o > 0.5) & (bottom-right-square-x <= 0.5) & (top-left-square-x > 0.5) & (bottom-middle-square-x <= 0.5) & (middle-right-square-x <= 0.5) & (bottom-right-square-o > 0.5),
30,7,7,4,8,4,8,,(bottom-right-square-o <= 0.5) & (top-right-square-o <= 0.5) & (middle-left-square-b <= 0.5) & (bottom-middle-square-x > 0.5) & (bottom-left-square-x <= 0.5) & (top-left-square-o <= 0.5) & (middle-right-square-o <= 0.5),(middle-middle-square-o > 0.5) & (bottom-left-square-x <= 0.5) & (top-right-square-x > 0.5) & (bottom-middle-square-x > 0.5) & (top-left-square-o <= 0.5) & (middle-right-square-o <= 0.5) & (middle-left-square-x <= 0.5),(middle-middle-square-o > 0.5) & (top-left-square-x > 0.5) & (top-right-square-x > 0.5) & (top-middle-square-x > 0.5),(middle-middle-square-o > 0.5) & (bottom-right-square-x <= 0.5) & (top-left-square-x > 0.5) & (bottom-middle-square-x > 0.5) & (top-right-square-o <= 0.5) & (middle-left-square-o > 0.5) & (middle-right-square-o <= 0.5) & (top-middle-square-x > 0.5),(middle-middle-square-o > 0.5) & (top-right-square-x > 0.5) & (top-left-square-x > 0.5) & (top-middle-square-x > 0.5),(middle-middle-square-o > 0.5) & (bottom-right-square-x <= 0.5) & (top-left-square-x > 0.5) & (bottom-middle-square-x > 0.5) & (top-right-square-o <= 0.5) & (middle-left-square-o > 0.5) & (middle-right-square-o <= 0.5) & (bottom-left-square-x <= 0.5),
31,8,8,4,10,4,8,,(bottom-right-square-o <= 0.5) & (top-right-square-o <= 0.5) & (middle-left-square-b <= 0.5) & (bottom-middle-square-x <= 0.5) & (top-middle-square-b <= 0.5) & (top-left-square-x > 0.5) & (top-middle-square-x > 0.5) & (top-right-square-x > 0.5),(middle-middle-square-o > 0.5) & (bottom-left-square-x <= 0.5) & (top-right-square-x > 0.5) & (bottom-middle-square-x <= 0.5) & (top-middle-square-o <= 0.5) & (top-left-square-o <= 0.5) & (middle-left-square-b <= 0.5) & (middle-right-square-b > 0.5),(middle-middle-square-o > 0.5) & (top-left-square-x > 0.5) & (top-right-square-x > 0.5) & (top-middle-square-x > 0.5),(middle-middle-square-o > 0.5) & (bottom-right-square-x > 0.5) & (top-right-square-x > 0.5) & (middle-right-square-x <= 0.5) & (middle-left-square-b <= 0.5) & (middle-right-square-b > 0.5) & (middle-left-square-x <= 0.5) & (top-left-square-b <= 0.5) & (top-middle-square-o <= 0.5) & (top-left-square-o <= 0.5),(middle-middle-square-o > 0.5) & (top-right-square-x > 0.5) & (top-left-square-x > 0.5) & (top-middle-square-x > 0.5),(middle-middle-square-o > 0.5) & (bottom-right-square-x > 0.5) & (top-right-square-x > 0.5) & (middle-right-square-x <= 0.5) & (middle-left-square-b <= 0.5) & (middle-right-square-b > 0.5) & (middle-left-square-x <= 0.5) & (bottom-middle-square-b > 0.5),
32,8,7,4,8,4,8,,(bottom-right-square-o > 0.5) & (top-right-square-o <= 0.5) & (middle-right-square-x <= 0.5) & (top-left-square-o <= 0.5) & (bottom-left-square-o <= 0.5) & (bottom-middle-square-x > 0.5) & (middle-left-square-o > 0.5) & (bottom-left-square-b > 0.5),(middle-middle-square-o > 0.5) & (bottom-left-square-x <= 0.5) & (top-right-square-x > 0.5) & (bottom-middle-square-x > 0.5) & (top-left-square-o <= 0.5) & (middle-right-square-o <= 0.5) & (middle-left-square-x <= 0.5),(middle-middle-square-o > 0.5) & (top-left-square-x > 0.5) & (top-right-square-x > 0.5) & (top-middle-square-x > 0.5),(middle-middle-square-o > 0.5) & (bottom-right-square-x <= 0.5) & (top-left-square-x > 0.5) & (bottom-middle-square-x > 0.5) & (top-right-square-o <= 0.5) & (middle-left-square-o > 0.5) & (middle-right-square-o <= 0.5) & (top-middle-square-x > 0.5),(middle-middle-square-o > 0.5) & (top-right-square-x > 0.5) & (top-left-square-x > 0.5) & (top-middle-square-x > 0.5),(middle-middle-square-o > 0.5) & (bottom-right-square-x <= 0.5) & (top-left-square-x > 0.5) & (bottom-middle-square-x > 0.5) & (top-right-square-o <= 0.5) & (middle-left-square-o > 0.5) & (middle-right-square-o <= 0.5) & (bottom-left-square-x <= 0.5),
33,8,8,4,10,4,11,,(bottom-right-square-o <= 0.5) & (top-right-square-o <= 0.5) & (middle-left-square-b <= 0.5) & (bottom-middle-square-x <= 0.5) & (top-middle-square-b <= 0.5) & (top-left-square-x > 0.5) & (top-middle-square-x > 0.5) & (top-right-square-x > 0.5),(middle-middle-square-o > 0.5) & (bottom-left-square-x <= 0.5) & (top-right-square-x > 0.5) & (bottom-middle-square-x <= 0.5) & (top-middle-square-o <= 0.5) & (top-left-square-o <= 0.5) & (middle-left-square-b <= 0.5) & (middle-right-square-b > 0.5),(middle-middle-square-o > 0.5) & (top-left-square-x > 0.5) & (top-right-square-x > 0.5) & (top-middle-square-x > 0.5),(middle-middle-square-o > 0.5) & (bottom-right-square-x > 0.5) & (top-right-square-x > 0.5) & (middle-right-square-x <= 0.5) & (middle-left-square-b <= 0.5) & (middle-right-square-b > 0.5) & (middle-left-square-x <= 0.5) & (top-left-square-b <= 0.5) & (top-middle-square-o <= 0.5) & (top-left-square-o <= 0.5),(middle-middle-square-o > 0.5) & (top-right-square-x > 0.5) & (top-left-square-x > 0.5) & (top-middle-square-x > 0.5),(middle-middle-square-o > 0.5) & (bottom-right-square-x > 0.5) & (top-right-square-x > 0.5) & (middle-right-square-x <= 0.5) & (middle-left-square-b <= 0.5) & (middle-right-square-b > 0.5) & (middle-left-square-x <= 0.5) & (bottom-middle-square-b <= 0.5) & (bottom-left-square-o <= 0.5) & (bottom-middle-square-x <= 0.5) & (bottom-left-square-b > 0.5),
34,8,8,4,7,4,8,,(bottom-right-square-o <= 0.5) & (top-right-square-o <= 0.5) & (middle-left-square-b <= 0.5) & (bottom-middle-square-x <= 0.5) & (top-middle-square-b <= 0.5) & (top-left-square-x > 0.5) & (top-middle-square-x > 0.5) & (top-right-square-x > 0.5),(middle-middle-square-o > 0.5) & (bottom-left-square-x <= 0.5) & (top-right-square-x > 0.5) & (bottom-middle-square-x <= 0.5) & (top-middle-square-o <= 0.5) & (top-left-square-o <= 0.5) & (middle-left-square-b <= 0.5) & (middle-right-square-b > 0.5),(middle-middle-square-o > 0.5) & (top-left-square-x > 0.5) & (top-right-square-x > 0.5) & (top-middle-square-x > 0.5),(middle-middle-square-o > 0.5) & (bottom-right-square-x <= 0.5) & (top-left-square-x > 0.5) & (bottom-middle-square-x <= 0.5) & (top-middle-square-o <= 0.5) & (top-right-square-o <= 0.5) & (middle-right-square-b > 0.5),(middle-middle-square-o > 0.5) & (top-right-square-x > 0.5) & (top-left-square-x > 0.5) & (top-middle-square-x > 0.5),(middle-middle-square-o > 0.5) & (bottom-right-square-x <= 0.5) & (top-left-square-x > 0.5) & (bottom-middle-square-x <= 0.5) & (middle-right-square-x <= 0.5) & (bottom-right-square-o <= 0.5) & (middle-left-square-o > 0.5) & (middle-right-square-o <= 0.5),
35,8,9,3,4,3,,,(bottom-right-square-o <= 0.5) & (top-right-square-o <= 0.5) & (middle-left-square-b <= 0.5) & (bottom-middle-square-x <= 0.5) & (top-middle-square-b <= 0.5) & (top-left-square-x > 0.5) & (top-middle-square-x > 0.5) & (top-right-square-x > 0.5),(middle-middle-square-o <= 0.5) & (top-right-square-o <= 0.5) & (bottom-left-square-o > 0.5) & (top-left-square-o <= 0.5) & (bottom-middle-square-o > 0.5) & (top-middle-square-o <= 0.5) & (middle-left-square-o > 0.5) & (middle-right-square-x > 0.5) & (middle-middle-square-b > 0.5),(middle-middle-square-o <= 0.5) & (top-left-square-o <= 0.5) & (bottom-right-square-o <= 0.5),(middle-middle-square-o <= 0.5) & (bottom-left-square-o > 0.5) & (top-left-square-o <= 0.5) & (bottom-right-square-o <= 0.5),(middle-middle-square-o <= 0.5) & (top-left-square-o <= 0.5) & (bottom-right-square-o <= 0.5),,
36,8,6,6,8,8,,,(bottom-right-square-o > 0.5) & (top-right-square-o <= 0.5) & (middle-right-square-x > 0.5) & (top-middle-square-o <= 0.5) & (middle-left-square-b <= 0.5) & (bottom-left-square-o > 0.5) & (bottom-middle-square-o <= 0.5) & (top-left-square-o <= 0.5),(middle-middle-square-o <= 0.5) & (top-right-square-o <= 0.5) & (bottom-left-square-o > 0.5) & (top-left-square-o <= 0.5) & (bottom-middle-square-o <= 0.5) & (top-middle-square-o <= 0.5),(middle-middle-square-o <= 0.5) & (top-left-square-o <= 0.5) & (bottom-right-square-o > 0.5) & (top-right-square-o <= 0.5) & (bottom-middle-square-o <= 0.5) & (top-middle-square-o <= 0.5),(middle-middle-square-o <= 0.5) & (bottom-left-square-o > 0.5) & (top-left-square-o <= 0.5) & (bottom-right-square-o > 0.5) & (bottom-middle-square-o <= 0.5) & (top-left-square-b <= 0.5) & (middle-left-square-x <= 0.5) & (top-middle-square-x > 0.5),(middle-middle-square-o <= 0.5) & (top-left-square-o <= 0.5) & (bottom-right-square-o > 0.5) & (top-right-square-o <= 0.5) & (bottom-left-square-o > 0.5) & (bottom-middle-square-o <= 0.5) & (top-left-square-b <= 0.5) & (bottom-middle-square-x <= 0.5),,
37,7,3,10,3,5,,,(bottom-right-square-o > 0.5) & (top-right-square-o <= 0.5) & (middle-right-square-x > 0.5) & (top-middle-square-o <= 0.5) & (middle-left-square-b <= 0.5) & (bottom-left-square-o <= 0.5) & (top-left-square-o <= 0.5),(middle-middle-square-o <= 0.5) & (top-right-square-o <= 0.5) & (bottom-left-square-o <= 0.5),(middle-middle-square-o <= 0.5) & (top-left-square-o <= 0.5) & (bottom-right-square-o > 0.5) & (top-right-square-o <= 0.5) & (bottom-middle-square-o > 0.5) & (top-middle-square-o <= 0.5) & (middle-right-square-o <= 0.5) & (middle-left-square-o > 0.5) & (middle-right-square-b <= 0.5) & (middle-middle-square-x <= 0.5),(middle-middle-square-o <= 0.5) & (bottom-left-square-o <= 0.5) & (top-right-square-o <= 0.5),(middle-middle-square-o <= 0.5) & (top-left-square-o <= 0.5) & (bottom-right-square-o > 0.5) & (top-right-square-o <= 0.5) & (bottom-left-square-o <= 0.5),,
38,8,3,3,3,3,,,(bottom-right-square-o <= 0.5) & (top-right-square-o <= 0.5) & (middle-left-square-b <= 0.5) & (bottom-middle-square-x <= 0.5) & (top-middle-square-b <= 0.5) & (top-left-square-x > 0.5) & (top-middle-square-x > 0.5) & (top-right-square-x > 0.5),(middle-middle-square-o <= 0.5) & (top-right-square-o <= 0.5) & (bottom-left-square-o <= 0.5),(middle-middle-square-o <= 0.5) & (top-left-square-o <= 0.5) & (bottom-right-square-o <= 0.5),(middle-middle-square-o <= 0.5) & (bottom-left-square-o <= 0.5) & (top-right-square-o <= 0.5),(middle-middle-square-o <= 0.5) & (top-left-square-o <= 0.5) & (bottom-right-square-o <= 0.5),,
39,6,3,6,3,5,,,(bottom-right-square-o > 0.5) & (top-right-square-o <= 0.5) & (middle-right-square-x <= 0.5) & (top-left-square-o <= 0.5) & (bottom-left-square-o <= 0.5) & (bottom-middle-square-x <= 0.5),(middle-middle-square-o <= 0.5) & (top-right-square-o <= 0.5) & (bottom-left-square-o <= 0.5),(middle-middle-square-o <= 0.5) & (top-left-square-o <= 0.5) & (bottom-right-square-o > 0.5) & (top-right-square-o <= 0.5) & (bottom-middle-square-o <= 0.5) & (top-middle-square-o <= 0.5),(middle-middle-square-o <= 0.5) & (bottom-left-square-o <= 0.5) & (top-right-square-o <= 0.5),(middle-middle-square-o <= 0.5) & (top-left-square-o <= 0.5) & (bottom-right-square-o > 0.5) & (top-right-square-o <= 0.5) & (bottom-left-square-o <= 0.5),,
40,9,6,3,4,3,,,(bottom-right-square-o <= 0.5) & (top-right-square-o <= 0.5) & (middle-left-square-b <= 0.5) & (bottom-middle-square-x > 0.5) & (bottom-left-square-x <= 0.5) & (top-left-square-o <= 0.5) & (middle-right-square-o > 0.5) & (bottom-left-square-o > 0.5) & (bottom-right-square-x <= 0.5),(middle-middle-square-o <= 0.5) & (top-right-square-o <= 0.5) & (bottom-left-square-o > 0.5) & (top-left-square-o <= 0.5) & (bottom-middle-square-o <= 0.5) & (top-middle-square-o <= 0.5),(middle-middle-square-o <= 0.5) & (top-left-square-o <= 0.5) & (bottom-right-square-o <= 0.5),(middle-middle-square-o <= 0.5) & (bottom-left-square-o > 0.5) & (top-left-square-o <= 0.5) & (bottom-right-square-o <= 0.5),(middle-middle-square-o <= 0.5) & (top-left-square-o <= 0.5) & (bottom-right-square-o <= 0.5),,
41,8,6,3,4,3,,,(bottom-right-square-o <= 0.5) & (top-right-square-o <= 0.5) & (middle-left-square-b <= 0.5) & (bottom-middle-square-x <= 0.5) & (top-middle-square-b <= 0.5) & (top-left-square-x > 0.5) & (top-middle-square-x > 0.5) & (top-right-square-x > 0.5),(middle-middle-square-o <= 0.5) & (top-right-square-o <= 0.5) & (bottom-left-square-o > 0.5) & (top-left-square-o <= 0.5) & (bottom-middle-square-o <= 0.5) & (top-middle-square-o <= 0.5),(middle-middle-square-o <= 0.5) & (top-left-square-o <= 0.5) & (bottom-right-square-o <= 0.5),(middle-middle-square-o <= 0.5) & (bottom-left-square-o > 0.5) & (top-left-square-o <= 0.5) & (bottom-right-square-o <= 0.5),(middle-middle-square-o <= 0.5) & (top-left-square-o <= 0.5) & (bottom-right-square-o <= 0.5),,
42,8,3,6,3,5,,,(bottom-right-square-o > 0.5) & (top-right-square-o <= 0.5) & (middle-right-square-x <= 0.5) & (top-left-square-o <= 0.5) & (bottom-left-square-o <= 0.5) & (bottom-middle-square-x > 0.5) & (middle-left-square-o > 0.5) & (bottom-left-square-b > 0.5),(middle-middle-square-o <= 0.5) & (top-right-square-o <= 0.5) & (bottom-left-square-o <= 0.5),(middle-middle-square-o <= 0.5) & (top-left-square-o <= 0.5) & (bottom-right-square-o > 0.5) & (top-right-square-o <= 0.5) & (bottom-middle-square-o <= 0.5) & (top-middle-square-o <= 0.5),(middle-middle-square-o <= 0.5) & (bottom-left-square-o <= 0.5) & (top-right-square-o <= 0.5),(middle-middle-square-o <= 0.5) & (top-left-square-o <= 0.5) & (bottom-right-square-o > 0.5) & (top-right-square-o <= 0.5) & (bottom-left-square-o <= 0.5),,
43,8,3,3,3,3,,,(bottom-right-square-o <= 0.5) & (top-right-square-o <= 0.5) & (middle-left-square-b <= 0.5) & (bottom-middle-square-x <= 0.5) & (top-middle-square-b <= 0.5) & (top-left-square-x > 0.5) & (top-middle-square-x > 0.5) & (top-right-square-x > 0.5),(middle-middle-square-o <= 0.5) & (top-right-square-o <= 0.5) & (bottom-left-square-o <= 0.5),(middle-middle-square-o <= 0.5) & (top-left-square-o <= 0.5) & (bottom-right-square-o <= 0.5),(middle-middle-square-o <= 0.5) & (bottom-left-square-o <= 0.5) & (top-right-square-o <= 0.5),(middle-middle-square-o <= 0.5) & (top-left-square-o <= 0.5) & (bottom-right-square-o <= 0.5),,
44,8,3,3,3,3,,,(bottom-right-square-o <= 0.5) & (top-right-square-o <= 0.5) & (middle-left-square-b <= 0.5) & (bottom-middle-square-x <= 0.5) & (top-middle-square-b <= 0.5) & (top-left-square-x > 0.5) & (top-middle-square-x > 0.5) & (top-right-square-x > 0.5),(middle-middle-square-o <= 0.5) & (top-right-square-o <= 0.5) & (bottom-left-square-o <= 0.5),(middle-middle-square-o <= 0.5) & (top-left-square-o <= 0.5) & (bottom-right-square-o <= 0.5),(middle-middle-square-o <= 0.5) & (bottom-left-square-o <= 0.5) & (top-right-square-o <= 0.5),(middle-middle-square-o <= 0.5) & (top-left-square-o <= 0.5) & (bottom-right-square-o <= 0.5),,
45,6,3,9,3,5,,,(bottom-right-square-o > 0.5) & (top-right-square-o <= 0.5) & (middle-right-square-x <= 0.5) & (top-left-square-o <= 0.5) & (bottom-left-square-o <= 0.5) & (bottom-middle-square-x <= 0.5),(middle-middle-square-o <= 0.5) & (top-right-square-o <= 0.5) & (bottom-left-square-o <= 0.5),(middle-middle-square-o <= 0.5) & (top-left-square-o <= 0.5) & (bottom-right-square-o > 0.5) & (top-right-square-o <= 0.5) & (bottom-middle-square-o > 0.5) & (top-middle-square-o <= 0.5) & (middle-right-square-o <= 0.5) & (middle-left-square-o > 0.5) & (middle-right-square-b > 0.5),(middle-middle-square-o <= 0.5) & (bottom-left-square-o <= 0.5) & (top-right-square-o <= 0.5),(middle-middle-square-o <= 0.5) & (top-left-square-o <= 0.5) & (bottom-right-square-o > 0.5) & (top-right-square-o <= 0.5) & (bottom-left-square-o <= 0.5),,
46,7,6,6,8,10,,,(bottom-right-square-o > 0.5) & (top-right-square-o <= 0.5) & (middle-right-square-x <= 0.5) & (top-left-square-o <= 0.5) & (bottom-left-square-o > 0.5) & (bottom-middle-square-o <= 0.5) & (top-middle-square-o <= 0.5),(middle-middle-square-o <= 0.5) & (top-right-square-o <= 0.5) & (bottom-left-square-o > 0.5) & (top-left-square-o <= 0.5) & (bottom-middle-square-o <= 0.5) & (top-middle-square-o <= 0.5),(middle-middle-square-o <= 0.5) & (top-left-square-o <= 0.5) & (bottom-right-square-o > 0.5) & (top-right-square-o <= 0.5) & (bottom-middle-square-o <= 0.5) & (top-middle-square-o <= 0.5),(middle-middle-square-o <= 0.5) & (bottom-left-square-o > 0.5) & (top-left-square-o <= 0.5) & (bottom-right-square-o > 0.5) & (bottom-middle-square-o <= 0.5) & (top-left-square-b <= 0.5) & (middle-left-square-x <= 0.5) & (top-middle-square-x > 0.5),(middle-middle-square-o <= 0.5) & (top-left-square-o <= 0.5) & (bottom-right-square-o > 0.5) & (top-right-square-o <= 0.5) & (bottom-left-square-o > 0.5) & (bottom-middle-square-o <= 0.5) & (top-left-square-b <= 0.5) & (bottom-middle-square-x > 0.5) & (middle-left-square-x <= 0.5) & (middle-right-square-x <= 0.5),,
47,8,8,3,4,3,,,(bottom-right-square-o <= 0.5) & (top-right-square-o <= 0.5) & (middle-left-square-b <= 0.5) & (bottom-middle-square-x <= 0.5) & (top-middle-square-b <= 0.5) & (top-left-square-x > 0.5) & (top-middle-square-x > 0.5) & (top-right-square-x > 0.5),(middle-middle-square-o <= 0.5) & (top-right-square-o <= 0.5) & (bottom-left-square-o > 0.5) & (top-left-square-o <= 0.5) & (bottom-middle-square-o > 0.5) & (top-middle-square-o <= 0.5) & (middle-left-square-o > 0.5) & (middle-right-square-x <= 0.5),(middle-middle-square-o <= 0.5) & (top-left-square-o <= 0.5) & (bottom-right-square-o <= 0.5),(middle-middle-square-o <= 0.5) & (bottom-left-square-o > 0.5) & (top-left-square-o <= 0.5) & (bottom-right-square-o <= 0.5),(middle-middle-square-o <= 0.5) & (top-left-square-o <= 0.5) & (bottom-right-square-o <= 0.5),,
48,8,6,3,4,3,,,(bottom-right-square-o <= 0.5) & (top-right-square-o <= 0.5) & (middle-left-square-b <= 0.5) & (bottom-middle-square-x <= 0.5) & (top-middle-square-b <= 0.5) & (top-left-square-x > 0.5) & (top-middle-square-x > 0.5) & (top-right-square-x > 0.5),(middle-middle-square-o <= 0.5) & (top-right-square-o <= 0.5) & (bottom-left-square-o > 0.5) & (top-left-square-o <= 0.5) & (bottom-middle-square-o <= 0.5) & (top-middle-square-o <= 0.5),(middle-middle-square-o <= 0.5) & (top-left-square-o <= 0.5) & (bottom-right-square-o <= 0.5),(middle-middle-square-o <= 0.5) & (bottom-left-square-o > 0.5) & (top-left-square-o <= 0.5) & (bottom-right-square-o <= 0.5),(middle-middle-square-o <= 0.5) & (top-left-square-o <= 0.5) & (bottom-right-square-o <= 0.5),,
49,8,3,3,3,3,,,(bottom-right-square-o <= 0.5) & (top-right-square-o <= 0.5) & (middle-left-square-b <= 0.5) & (bottom-middle-square-x <= 0.5) & (top-middle-square-b <= 0.5) & (top-left-square-x > 0.5) & (top-middle-square-x > 0.5) & (top-right-square-x > 0.5),(middle-middle-square-o <= 0.5) & (top-right-square-o <= 0.5) & (bottom-left-square-o <= 0.5),(middle-middle-square-o <= 0.5) & (top-left-square-o <= 0.5) & (bottom-right-square-o <= 0.5),(middle-middle-square-o <= 0.5) & (bottom-left-square-o <= 0.5) & (top-right-square-o <= 0.5),(middle-middle-square-o <= 0.5) & (top-left-square-o <= 0.5) & (bottom-right-square-o <= 0.5),,
50,6,3,6,3,5,,,(bottom-right-square-o > 0.5) & (top-right-square-o <= 0.5) & (middle-right-square-x <= 0.5) & (top-left-square-o <= 0.5) & (bottom-left-square-o <= 0.5) & (bottom-middle-square-x <= 0.5),(middle-middle-square-o <= 0.5) & (top-right-square-o <= 0.5) & (bottom-left-square-o <= 0.5),(middle-middle-square-o <= 0.5) & (top-left-square-o <= 0.5) & (bottom-right-square-o > 0.5) & (top-right-square-o <= 0.5) & (bottom-middle-square-o <= 0.5) & (top-middle-square-o <= 0.5),(middle-middle-square-o <= 0.5) & (bottom-left-square-o <= 0.5) & (top-right-square-o <= 0.5),(middle-middle-square-o <= 0.5) & (top-left-square-o <= 0.5) & (bottom-right-square-o > 0.5) & (top-right-square-o <= 0.5) & (bottom-left-square-o <= 0.5),,
51,5,9,3,4,3,,,(bottom-right-square-o <= 0.5) & (top-right-square-o <= 0.5) & (middle-left-square-b > 0.5) & (bottom-middle-square-o > 0.5) & (top-middle-square-o <= 0.5),(middle-middle-square-o <= 0.5) & (top-right-square-o <= 0.5) & (bottom-left-square-o > 0.5) & (top-left-square-o <= 0.5) & (bottom-middle-square-o > 0.5) & (top-middle-square-o <= 0.5) & (middle-left-square-o <= 0.5) & (middle-right-square-o > 0.5) & (middle-left-square-b > 0.5),(middle-middle-square-o <= 0.5) & (top-left-square-o <= 0.5) & (bottom-right-square-o <= 0.5),(middle-middle-square-o <= 0.5) & (bottom-left-square-o > 0.5) & (top-left-square-o <= 0.5) & (bottom-right-square-o <= 0.5),(middle-middle-square-o <= 0.5) & (top-left-square-o <= 0.5) & (bottom-right-square-o <= 0.5),,
52,7,6,6,8,8,,,(bottom-right-square-o > 0.5) & (top-right-square-o <= 0.5) & (middle-right-square-x <= 0.5) & (top-left-square-o <= 0.5) & (bottom-left-square-o > 0.5) & (bottom-middle-square-o <= 0.5) & (top-middle-square-o <= 0.5),(middle-middle-square-o <= 0.5) & (top-right-square-o <= 0.5) & (bottom-left-square-o > 0.5) & (top-left-square-o <= 0.5) & (bottom-middle-square-o <= 0.5) & (top-middle-square-o <= 0.5),(middle-middle-square-o <= 0.5) & (top-left-square-o <= 0.5) & (bottom-right-square-o > 0.5) & (top-right-square-o <= 0.5) & (bottom-middle-square-o <= 0.5) & (top-middle-square-o <= 0.5),(middle-middle-square-o <= 0.5) & (bottom-left-square-o > 0.5) & (top-left-square-o <= 0.5) & (bottom-right-square-o > 0.5) & (bottom-middle-square-o <= 0.5) & (top-left-square-b <= 0.5) & (middle-left-square-x <= 0.5) & (top-middle-square-x > 0.5),(middle-middle-square-o <= 0.5) & (top-left-square-o <= 0.5) & (bottom-right-square-o > 0.5) & (top-right-square-o <= 0.5) & (bottom-left-square-o > 0.5) & (bottom-middle-square-o <= 0.5) & (top-left-square-b <= 0.5) & (bottom-middle-square-x <= 0.5),,
53,6,3,8,3,5,,,(bottom-right-square-o > 0.5) & (top-right-square-o <= 0.5) & (middle-right-square-x <= 0.5) & (top-left-square-o <= 0.5) & (bottom-left-square-o <= 0.5) & (bottom-middle-square-x <= 0.5),(middle-middle-square-o <= 0.5) & (top-right-square-o <= 0.5) & (bottom-left-square-o <= 0.5),(middle-middle-square-o <= 0.5) & (top-left-square-o <= 0.5) & (bottom-right-square-o > 0.5) & (top-right-square-o <= 0.5) & (bottom-middle-square-o > 0.5) & (top-middle-square-o <= 0.5) & (middle-right-square-o > 0.5) & (middle-left-square-x <= 0.5),(middle-middle-square-o <= 0.5) & (bottom-left-square-o <= 0.5) & (top-right-square-o <= 0.5),(middle-middle-square-o <= 0.5) & (top-left-square-o <= 0.5) & (bottom-right-square-o > 0.5) & (top-right-square-o <= 0.5) & (bottom-left-square-o <= 0.5),,
54,5,7,4,9,4,11,,(bottom-right-square-o <= 0.5) & (top-right-square-o <= 0.5) & (middle-left-square-b > 0.5) & (bottom-middle-square-o > 0.5) & (top-middle-square-o <= 0.5),(middle-middle-square-o > 0.5) & (bottom-left-square-x <= 0.5) & (top-right-square-x > 0.5) & (bottom-middle-square-x <= 0.5) & (top-middle-square-o <= 0.5) & (top-left-square-o <= 0.5) & (middle-left-square-b > 0.5),(middle-middle-square-o > 0.5) & (top-left-square-x > 0.5) & (top-right-square-x > 0.5) & (top-middle-square-x > 0.5),(middle-middle-square-o > 0.5) & (bottom-right-square-x <= 0.5) & (top-left-square-x > 0.5) & (bottom-middle-square-x <= 0.5) & (top-middle-square-o <= 0.5) & (top-right-square-o <= 0.5) & (middle-right-square-b <= 0.5) & (top-middle-square-x > 0.5) & (top-right-square-b <= 0.5),(middle-middle-square-o > 0.5) & (top-right-square-x > 0.5) & (top-left-square-x > 0.5) & (top-middle-square-x > 0.5),(middle-middle-square-o > 0.5) & (bottom-right-square-x <= 0.5) & (top-left-square-x > 0.5) & (bottom-middle-square-x <= 0.5) & (middle-right-square-x > 0.5) & (bottom-left-square-x <= 0.5) & (middle-left-square-x <= 0.5) & (top-right-square-o <= 0.5) & (bottom-middle-square-o > 0.5) & (bottom-right-square-o <= 0.5) & (bottom-left-square-b <= 0.5),
55,8,7,4,9,4,9,,(bottom-right-square-o > 0.5) & (top-right-square-o <= 0.5) & (middle-right-square-x > 0.5) & (top-middle-square-o <= 0.5) & (middle-left-square-b > 0.5) & (top-left-square-x > 0.5) & (top-middle-square-x > 0.5) & (top-right-square-x > 0.5),(middle-middle-square-o > 0.5) & (bottom-left-square-x <= 0.5) & (top-right-square-x > 0.5) & (bottom-middle-square-x <= 0.5) & (top-middle-square-o <= 0.5) & (top-left-square-o <= 0.5) & (middle-left-square-b > 0.5),(middle-middle-square-o > 0.5) & (top-left-square-x > 0.5) & (top-right-square-x > 0.5) & (top-middle-square-x > 0.5),(middle-middle-square-o > 0.5) & (bottom-right-square-x <= 0.5) & (top-left-square-x > 0.5) & (bottom-middle-square-x <= 0.5) & (top-middle-square-o <= 0.5) & (top-right-square-o <= 0.5) & (middle-right-square-b <= 0.5) & (top-middle-square-x > 0.5) & (top-right-square-b <= 0.5),(middle-middle-square-o > 0.5) & (top-right-square-x > 0.5) & (top-left-square-x > 0.5) & (top-middle-square-x > 0.5),(middle-middle-square-o > 0.5) & (bottom-right-square-x <= 0.5) & (top-left-square-x > 0.5) & (bottom-middle-square-x <= 0.5) & (middle-right-square-x > 0.5) & (bottom-left-square-x <= 0.5) & (middle-left-square-x <= 0.5) & (top-right-square-o <= 0.5) & (bottom-middle-square-o <= 0.5),
56,8,7,4,9,4,10,,(bottom-right-square-o > 0.5) & (top-right-square-o <= 0.5) & (middle-right-square-x > 0.5) & (top-middle-square-o <= 0.5) & (middle-left-square-b > 0.5) & (top-left-square-x > 0.5) & (top-middle-square-x > 0.5) & (top-right-square-x > 0.5),(middle-middle-square-o > 0.5) & (bottom-left-square-x <= 0.5) & (top-right-square-x > 0.5) & (bottom-middle-square-x <= 0.5) & (top-middle-square-o <= 0.5) & (top-left-square-o <= 0.5) & (middle-left-square-b > 0.5),(middle-middle-square-o > 0.5) & (top-left-square-x > 0.5) & (top-right-square-x > 0.5) & (top-middle-square-x > 0.5),(middle-middle-square-o > 0.5) & (bottom-right-square-x <= 0.5) & (top-left-square-x > 0.5) & (bottom-middle-square-x <= 0.5) & (top-middle-square-o <= 0.5) & (top-right-square-o <= 0.5) & (middle-right-square-b <= 0.5) & (top-middle-square-x > 0.5) & (top-right-square-b <= 0.5),(middle-middle-square-o > 0.5) & (top-right-square-x > 0.5) & (top-left-square-x > 0.5) & (top-middle-square-x > 0.5),(middle-middle-square-o > 0.5) & (bottom-right-square-x <= 0.5) & (top-left-square-x > 0.5) & (bottom-middle-square-x <= 0.5) & (middle-right-square-x > 0.5) & (bottom-left-square-x <= 0.5) & (middle-left-square-x <= 0.5) & (top-right-square-o <= 0.5) & (bottom-middle-square-o > 0.5) & (bottom-right-square-o > 0.5),
57,5,10,4,9,4,8,,(bottom-right-square-o <= 0.5) & (top-right-square-o <= 0.5) & (middle-left-square-b > 0.5) & (bottom-middle-square-o > 0.5) & (top-middle-square-o <= 0.5),(middle-middle-square-o > 0.5) & (bottom-left-square-x > 0.5) & (top-left-square-x > 0.5) & (middle-left-square-x <= 0.5) & (middle-right-square-b <= 0.5) & (middle-left-square-b > 0.5) & (middle-right-square-o > 0.5) & (top-middle-square-b <= 0.5) & (top-right-square-o <= 0.5) & (top-middle-square-o <= 0.5),(middle-middle-square-o > 0.5) & (top-left-square-x > 0.5) & (top-right-square-x > 0.5) & (top-middle-square-x > 0.5),(middle-middle-square-o > 0.5) & (bottom-right-square-x <= 0.5) & (top-left-square-x > 0.5) & (bottom-middle-square-x <= 0.5) & (top-middle-square-o <= 0.5) & (top-right-square-o <= 0.5) & (middle-right-square-b <= 0.5) & (top-middle-square-x > 0.5) & (top-right-square-b <= 0.5),(middle-middle-square-o > 0.5) & (top-right-square-x > 0.5) & (top-left-square-x > 0.5) & (top-middle-square-x > 0.5),(middle-middle-square-o > 0.5) & (bottom-right-square-x <= 0.5) & (top-left-square-x > 0.5) & (bottom-middle-square-x <= 0.5) & (middle-right-square-x <= 0.5) & (bottom-right-square-o <= 0.5) & (middle-left-square-o <= 0.5) & (middle-right-square-b <= 0.5),
58,6,10,4,9,4,6,,(bottom-right-square-o > 0.5) & (top-right-square-o <= 0.5) & (middle-right-square-x <= 0.5) & (top-left-square-o <= 0.5) & (bottom-left-square-o <= 0.5) & (bottom-middle-square-x <= 0.5),(middle-middle-square-o > 0.5) & (bottom-left-square-x > 0.5) & (top-left-square-x > 0.5) & (middle-left-square-x <= 0.5) & (middle-right-square-b <= 0.5) & (middle-left-square-b > 0.5) & (middle-right-square-o > 0.5) & (top-middle-square-b <= 0.5) & (top-right-square-o <= 0.5) & (top-middle-square-o <= 0.5),(middle-middle-square-o > 0.5) & (top-left-square-x > 0.5) & (top-right-square-x > 0.5) & (top-middle-square-x > 0.5),(middle-middle-square-o > 0.5) & (bottom-right-square-x <= 0.5) & (top-left-square-x > 0.5) & (bottom-middle-square-x <= 0.5) & (top-middle-square-o <= 0.5) & (top-right-square-o <= 0.5) & (middle-right-square-b <= 0.5) & (top-middle-square-x > 0.5) & (top-right-square-b <= 0.5),(middle-middle-square-o > 0.5) & (top-right-square-x > 0.5) & (top-left-square-x > 0.5) & (top-middle-square-x > 0.5),(middle-middle-square-o > 0.5) & (bottom-right-square-x <= 0.5) & (top-left-square-x > 0.5) & (bottom-middle-square-x <= 0.5) & (middle-right-square-x <= 0.5) & (bottom-right-square-o > 0.5),
59,4,8,4,7,4,7,,(bottom-right-square-o <= 0.5) & (top-right-square-o <= 0.5) & (middle-left-square-b > 0.5) & (bottom-middle-square-o <= 0.5),(middle-middle-square-o > 0.5) & (bottom-left-square-x <= 0.5) & (top-right-square-x > 0.5) & (bottom-middle-square-x > 0.5) & (top-left-square-o <= 0.5) & (middle-right-square-o > 0.5) & (middle-left-square-o <= 0.5) & (top-middle-square-x > 0.5),(middle-middle-square-o > 0.5) & (top-left-square-x > 0.5) & (top-right-square-x > 0.5) & (top-middle-square-x > 0.5),(middle-middle-square-o > 0.5) & (bottom-right-square-x <= 0.5) & (top-left-square-x > 0.5) & (bottom-middle-square-x > 0.5) & (top-right-square-o <= 0.5) & (middle-left-square-o <= 0.5) & (middle-right-square-x <= 0.5),(middle-middle-square-o > 0.5) & (top-right-square-x > 0.5) & (top-left-square-x > 0.5) & (top-middle-square-x > 0.5),(middle-middle-square-o > 0.5) & (bottom-right-square-x <= 0.5) & (top-left-square-x > 0.5) & (bottom-middle-square-x > 0.5) & (top-right-square-o <= 0.5) & (middle-left-square-o <= 0.5) & (middle-right-square-x <= 0.5),
60,4,7,4,6,4,6,,(bottom-right-square-o <= 0.5) & (top-right-square-o <= 0.5) & (middle-left-square-b > 0.5) & (bottom-middle-square-o <= 0.5),(middle-middle-square-o > 0.5) & (bottom-left-square-x <= 0.5) & (top-right-square-x > 0.5) & (bottom-middle-square-x <= 0.5) & (top-middle-square-o <= 0.5) & (top-left-square-o <= 0.5) & (middle-left-square-b > 0.5),(middle-middle-square-o > 0.5) & (top-left-square-x > 0.5) & (top-right-square-x > 0.5) & (top-middle-square-x > 0.5),(middle-middle-square-o > 0.5) & (bottom-right-square-x > 0.5) & (top-right-square-x > 0.5) & (middle-right-square-x <= 0.5) & (middle-left-square-b > 0.5) & (top-middle-square-o <= 0.5),(middle-middle-square-o > 0.5) & (top-right-square-x > 0.5) & (top-left-square-x > 0.5) & (top-middle-square-x > 0.5),(middle-middle-square-o > 0.5) & (bottom-right-square-x > 0.5) & (top-right-square-x > 0.5) & (middle-right-square-x <= 0.5) & (middle-left-square-b > 0.5) & (bottom-middle-square-o <= 0.5),
61,7,8,4,7,4,7,,(bottom-right-square-o > 0.5) & (top-right-square-o <= 0.5) & (middle-right-square-x <= 0.5) & (top-left-square-o <= 0.5) & (bottom-left-square-o <= 0.5) & (bottom-middle-square-x > 0.5) & (middle-left-square-o <= 0.5),(middle-middle-square-o > 0.5) & (bottom-left-square-x <= 0.5) & (top-right-square-x > 0.5) & (bottom-middle-square-x > 0.5) & (top-left-square-o <= 0.5) & (middle-right-square-o > 0.5) & (middle-left-square-o <= 0.5) & (top-middle-square-x > 0.5),(middle-middle-square-o > 0.5) & (top-left-square-x > 0.5) & (top-right-square-x > 0.5) & (top-middle-square-x > 0.5),(middle-middle-square-o > 0.5) & (bottom-right-square-x <= 0.5) & (top-left-square-x > 0.5) & (bottom-middle-square-x > 0.5) & (top-right-square-o <= 0.5) & (middle-left-square-o <= 0.5) & (middle-right-square-x <= 0.5),(middle-middle-square-o > 0.5) & (top-right-square-x > 0.5) & (top-left-square-x > 0.5) & (top-middle-square-x > 0.5),(middle-middle-square-o > 0.5) & (bottom-right-square-x <= 0.5) & (top-left-square-x > 0.5) & (bottom-middle-square-x > 0.5) & (top-right-square-o <= 0.5) & (middle-left-square-o <= 0.5) & (middle-right-square-x <= 0.5),
62,5,7,4,6,4,8,,(bottom-right-square-o <= 0.5) & (top-right-square-o <= 0.5) & (middle-left-square-b > 0.5) & (bottom-middle-square-o > 0.5) & (top-middle-square-o <= 0.5),(middle-middle-square-o > 0.5) & (bottom-left-square-x <= 0.5) & (top-right-square-x > 0.5) & (bottom-middle-square-x <= 0.5) & (top-middle-square-o <= 0.5) & (top-left-square-o <= 0.5) & (middle-left-square-b > 0.5),(middle-middle-square-o > 0.5) & (top-left-square-x > 0.5) & (top-right-square-x > 0.5) & (top-middle-square-x > 0.5),(middle-middle-square-o > 0.5) & (bottom-right-square-x > 0.5) & (top-right-square-x > 0.5) & (middle-right-square-x <= 0.5) & (middle-left-square-b > 0.5) & (top-middle-square-o <= 0.5),(middle-middle-square-o > 0.5) & (top-right-square-x > 0.5) & (top-left-square-x > 0.5) & (top-middle-square-x > 0.5),(middle-middle-square-o > 0.5) & (bottom-right-square-x > 0.5) & (top-right-square-x > 0.5) & (middle-right-square-x <= 0.5) & (middle-left-square-b > 0.5) & (bottom-middle-square-o > 0.5) & (bottom-left-square-x <= 0.5) & (middle-right-square-b <= 0.5),
63,4,7,4,9,4,8,,(bottom-right-square-o <= 0.5) & (top-right-square-o <= 0.5) & (middle-left-square-b > 0.5) & (bottom-middle-square-o <= 0.5),(middle-middle-square-o > 0.5) & (bottom-left-square-x <= 0.5) & (top-right-square-x > 0.5) & (bottom-middle-square-x <= 0.5) & (top-middle-square-o <= 0.5) & (top-left-square-o <= 0.5) & (middle-left-square-b > 0.5),(middle-middle-square-o > 0.5) & (top-left-square-x > 0.5) & (top-right-square-x > 0.5) & (top-middle-square-x > 0.5),(middle-middle-square-o > 0.5) & (bottom-right-square-x <= 0.5) & (top-left-square-x > 0.5) & (bottom-middle-square-x <= 0.5) & (top-middle-square-o <= 0.5) & (top-right-square-o <= 0.5) & (middle-right-square-b <= 0.5) & (top-middle-square-x > 0.5) & (top-right-square-b <= 0.5),(middle-middle-square-o > 0.5) & (top-right-square-x > 0.5) & (top-left-square-x > 0.5) & (top-middle-square-x > 0.5),(middle-middle-square-o > 0.5) & (bottom-right-square-x <= 0.5) & (top-left-square-x > 0.5) & (bottom-middle-square-x <= 0.5) & (middle-right-square-x <= 0.5) & (bottom-right-square-o <= 0.5) & (middle-left-square-o <= 0.5) & (middle-right-square-b <= 0.5),
64,6,7,4,7,4,6,,(bottom-right-square-o > 0.5) & (top-right-square-o <= 0.5) & (middle-right-square-x <= 0.5) & (top-left-square-o <= 0.5) & (bottom-left-square-o <= 0.5) & (bottom-middle-square-x <= 0.5),(middle-middle-square-o > 0.5) & (bottom-left-square-x > 0.5) & (top-left-square-x > 0.5) & (middle-left-square-x <= 0.5) & (middle-right-square-b > 0.5) & (bottom-middle-square-o > 0.5) & (top-middle-square-x > 0.5),(middle-middle-square-o > 0.5) & (top-left-square-x > 0.5) & (top-right-square-x > 0.5) & (top-middle-square-x > 0.5),(middle-middle-square-o > 0.5) & (bottom-right-square-x <= 0.5) & (top-left-square-x > 0.5) & (bottom-middle-square-x <= 0.5) & (top-middle-square-o <= 0.5) & (top-right-square-o <= 0.5) & (middle-right-square-b > 0.5),(middle-middle-square-o > 0.5) & (top-right-square-x > 0.5) & (top-left-square-x > 0.5) & (top-middle-square-x > 0.5),(middle-middle-square-o > 0.5) & (bottom-right-square-x <= 0.5) & (top-left-square-x > 0.5) & (bottom-middle-square-x <= 0.5) & (middle-right-square-x <= 0.5) & (bottom-right-square-o > 0.5),
65,7,7,4,7,4,7,,(bottom-right-square-o > 0.5) & (top-right-square-o <= 0.5) & (middle-right-square-x <= 0.5) & (top-left-square-o <= 0.5) & (bottom-left-square-o > 0.5) & (bottom-middle-square-o <= 0.5) & (top-middle-square-o <= 0.5),(middle-middle-square-o > 0.5) & (bottom-left-square-x <= 0.5) & (top-right-square-x > 0.5) & (bottom-middle-square-x > 0.5) & (top-left-square-o <= 0.5) & (middle-right-square-o <= 0.5) & (middle-left-square-x <= 0.5),(middle-middle-square-o > 0.5) & (top-left-square-x > 0.5) & (top-right-square-x > 0.5) & (top-middle-square-x > 0.5),(middle-middle-square-o > 0.5) & (bottom-right-square-x <= 0.5) & (top-left-square-x > 0.5) & (bottom-middle-square-x > 0.5) & (top-right-square-o <= 0.5) & (middle-left-square-o <= 0.5) & (middle-right-square-x <= 0.5),(middle-middle-square-o > 0.5) & (top-right-square-x > 0.5) & (top-left-square-x > 0.5) & (top-middle-square-x > 0.5),(middle-middle-square-o > 0.5) & (bottom-right-square-x <= 0.5) & (top-left-square-x > 0.5) & (bottom-middle-square-x > 0.5) & (top-right-square-o <= 0.5) & (middle-left-square-o <= 0.5) & (middle-right-square-x <= 0.5),
66,5,7,4,6,4,9,,(bottom-right-square-o <= 0.5) & (top-right-square-o <= 0.5) & (middle-left-square-b > 0.5) & (bottom-middle-square-o > 0.5) & (top-middle-square-o <= 0.5),(middle-middle-square-o > 0.5) & (bottom-left-square-x <= 0.5) & (top-right-square-x > 0.5) & (bottom-middle-square-x <= 0.5) & (top-middle-square-o <= 0.5) & (top-left-square-o <= 0.5) & (middle-left-square-b > 0.5),(middle-middle-square-o > 0.5) & (top-left-square-x > 0.5) & (top-right-square-x > 0.5) & (top-middle-square-x > 0.5),(middle-middle-square-o > 0.5) & (bottom-right-square-x > 0.5) & (top-right-square-x > 0.5) & (middle-right-square-x <= 0.5) & (middle-left-square-b > 0.5) & (top-middle-square-o <= 0.5),(middle-middle-square-o > 0.5) & (top-right-square-x > 0.5) & (top-left-square-x > 0.5) & (top-middle-square-x > 0.5),(middle-middle-square-o > 0.5) & (bottom-right-square-x > 0.5) & (top-right-square-x > 0.5) & (middle-right-square-x <= 0.5) & (middle-left-square-b > 0.5) & (bottom-middle-square-o > 0.5) & (bottom-left-square-x <= 0.5) & (middle-right-square-b > 0.5) & (bottom-left-square-b <= 0.5),
67,4,7,4,7,4,12,,(bottom-right-square-o <= 0.5) & (top-right-square-o <= 0.5) & (middle-left-square-b > 0.5) & (bottom-middle-square-o <= 0.5),(middle-middle-square-o > 0.5) & (bottom-left-square-x <= 0.5) & (top-right-square-x > 0.5) & (bottom-middle-square-x <= 0.5) & (top-middle-square-o <= 0.5) & (top-left-square-o <= 0.5) & (middle-left-square-b > 0.5),(middle-middle-square-o > 0.5) & (top-left-square-x > 0.5) & (top-right-square-x > 0.5) & (top-middle-square-x > 0.5),(middle-middle-square-o > 0.5) & (bottom-right-square-x <= 0.5) & (top-left-square-x > 0.5) & (bottom-middle-square-x <= 0.5) & (top-middle-square-o <= 0.5) & (top-right-square-o <= 0.5) & (middle-right-square-b > 0.5),(middle-middle-square-o > 0.5) & (top-right-square-x > 0.5) & (top-left-square-x > 0.5) & (top-middle-square-x > 0.5),(middle-middle-square-o > 0.5) & (bottom-right-square-x <= 0.5) & (top-left-square-x > 0.5) & (bottom-middle-square-x <= 0.5) & (middle-right-square-x <= 0.5) & (bottom-right-square-o <= 0.5) & (middle-left-square-o <= 0.5) & (middle-right-square-b > 0.5) & (top-right-square-b <= 0.5) & (bottom-left-square-b <= 0.5) & (middle-left-square-x <= 0.5) & (bottom-middle-square-o <= 0.5),
68,5,7,4,7,4,11,,(bottom-right-square-o <= 0.5) & (top-right-square-o <= 0.5) & (middle-left-square-b > 0.5) & (bottom-middle-square-o > 0.5) & (top-middle-square-o <= 0.5),(middle-middle-square-o > 0.5) & (bottom-left-square-x <= 0.5) & (top-right-square-x > 0.5) & (bottom-middle-square-x <= 0.5) & (top-middle-square-o <= 0.5) & (top-left-square-o <= 0.5) & (middle-left-square-b > 0.5),(middle-middle-square-o > 0.5) & (top-left-square-x > 0.5) & (top-right-square-x > 0.5) & (top-middle-square-x > 0.5),(middle-middle-square-o > 0.5) & (bottom-right-square-x <= 0.5) & (top-left-square-x > 0.5) & (bottom-middle-square-x <= 0.5) & (top-middle-square-o <= 0.5) & (top-right-square-o <= 0.5) & (middle-right-square-b > 0.5),(middle-middle-square-o > 0.5) & (top-right-square-x > 0.5) & (top-left-square-x > 0.5) & (top-middle-square-x > 0.5),(middle-middle-square-o > 0.5) & (bottom-right-square-x <= 0.5) & (top-left-square-x > 0.5) & (bottom-middle-square-x <= 0.5) & (middle-right-square-x <= 0.5) & (bottom-right-square-o <= 0.5) & (middle-left-square-o <= 0.5) & (middle-right-square-b > 0.5) & (top-right-square-b <= 0.5) & (bottom-left-square-b > 0.5) & (middle-left-square-x <= 0.5),
69,6,7,4,7,4,6,,(bottom-right-square-o > 0.5) & (top-right-square-o <= 0.5) & (middle-right-square-x <= 0.5) & (top-left-square-o <= 0.5) & (bottom-left-square-o <= 0.5) & (bottom-middle-square-x <= 0.5),(middle-middle-square-o > 0.5) & (bottom-left-square-x <= 0.5) & (top-right-square-x > 0.5) & (bottom-middle-square-x <= 0.5) & (top-middle-square-o <= 0.5) & (top-left-square-o <= 0.5) & (middle-left-square-b > 0.5),(middle-middle-square-o > 0.5) & (top-left-square-x > 0.5) & (top-right-square-x > 0.5) & (top-middle-square-x > 0.5),(middle-middle-square-o > 0.5) & (bottom-right-square-x <= 0.5) & (top-left-square-x > 0.5) & (bottom-middle-square-x <= 0.5) & (top-middle-square-o <= 0.5) & (top-right-square-o <= 0.5) & (middle-right-square-b > 0.5),(middle-middle-square-o > 0.5) & (top-right-square-x > 0.5) & (top-left-square-x > 0.5) & (top-middle-square-x > 0.5),(middle-middle-square-o > 0.5) & (bottom-right-square-x <= 0.5) & (top-left-square-x > 0.5) & (bottom-middle-square-x <= 0.5) & (middle-right-square-x <= 0.5) & (bottom-right-square-o > 0.5),
70,6,3,8,3,5,,,(bottom-right-square-o > 0.5) & (top-right-square-o <= 0.5) & (middle-right-square-x <= 0.5) & (top-left-square-o <= 0.5) & (bottom-left-square-o <= 0.5) & (bottom-middle-square-x <= 0.5),(middle-middle-square-o <= 0.5) & (top-right-square-o <= 0.5) & (bottom-left-square-o <= 0.5),(middle-middle-square-o <= 0.5) & (top-left-square-o <= 0.5) & (bottom-right-square-o > 0.5) & (top-right-square-o <= 0.5) & (bottom-middle-square-o > 0.5) & (top-middle-square-o <= 0.5) & (middle-right-square-o > 0.5) & (middle-left-square-x <= 0.5),(middle-middle-square-o <= 0.5) & (bottom-left-square-o <= 0.5) & (top-right-square-o <= 0.5),(middle-middle-square-o <= 0.5) & (top-left-square-o <= 0.5) & (bottom-right-square-o > 0.5) & (top-right-square-o <= 0.5) & (bottom-left-square-o <= 0.5),,
71,7,6,6,8,10,,,(bottom-right-square-o > 0.5) & (top-right-square-o <= 0.5) & (middle-right-square-x <= 0.5) & (top-left-square-o <= 0.5) & (bottom-left-square-o > 0.5) & (bottom-middle-square-o <= 0.5) & (top-middle-square-o <= 0.5),(middle-middle-square-o <= 0.5) & (top-right-square-o <= 0.5) & (bottom-left-square-o > 0.5) & (top-left-square-o <= 0.5) & (bottom-middle-square-o <= 0.5) & (top-middle-square-o <= 0.5),(middle-middle-square-o <= 0.5) & (top-left-square-o <= 0.5) & (bottom-right-square-o > 0.5) & (top-right-square-o <= 0.5) & (bottom-middle-square-o <= 0.5) & (top-middle-square-o <= 0.5),(middle-middle-square-o <= 0.5) & (bottom-left-square-o > 0.5) & (top-left-square-o <= 0.5) & (bottom-right-square-o > 0.5) & (bottom-middle-square-o <= 0.5) & (top-left-square-b <= 0.5) & (middle-left-square-x <= 0.5) & (top-middle-square-x > 0.5),(middle-middle-square-o <= 0.5) & (top-left-square-o <= 0.5) & (bottom-right-square-o > 0.5) & (top-right-square-o <= 0.5) & (bottom-left-square-o > 0.5) & (bottom-middle-square-o <= 0.5) & (top-left-square-b <= 0.5) & (bottom-middle-square-x > 0.5) & (middle-left-square-x <= 0.5) & (middle-right-square-x <= 0.5),,
72,5,9,3,4,3,,,(bottom-right-square-o <= 0.5) & (top-right-square-o <= 0.5) & (middle-left-square-b > 0.5) & (bottom-middle-square-o > 0.5) & (top-middle-square-o <= 0.5),(middle-middle-square-o <= 0.5) & (top-right-square-o <= 0.5) & (bottom-left-square-o > 0.5) & (top-left-square-o <= 0.5) & (bottom-middle-square-o > 0.5) & (top-middle-square-o <= 0.5) & (middle-left-square-o <= 0.5) & (middle-right-square-o > 0.5) & (middle-left-square-b > 0.5),(middle-middle-square-o <= 0.5) & (top-left-square-o <= 0.5) & (bottom-right-square-o <= 0.5),(middle-middle-square-o <= 0.5) & (bottom-left-square-o > 0.5) & (top-left-square-o <= 0.5) & (bottom-right-square-o <= 0.5),(middle-middle-square-o <= 0.5) & (top-left-square-o <= 0.5) & (bottom-right-square-o <= 0.5),,
73,4,6,3,4,3,,,(bottom-right-square-o <= 0.5) & (top-right-square-o <= 0.5) & (middle-left-square-b > 0.5) & (bottom-middle-square-o <= 0.5),(middle-middle-square-o <= 0.5) & (top-right-square-o <= 0.5) & (bottom-left-square-o > 0.5) & (top-left-square-o <= 0.5) & (bottom-middle-square-o <= 0.5) & (top-middle-square-o <= 0.5),(middle-middle-square-o <= 0.5) & (top-left-square-o <= 0.5) & (bottom-right-square-o <= 0.5),(middle-middle-square-o <= 0.5) & (bottom-left-square-o > 0.5) & (top-left-square-o <= 0.5) & (bottom-right-square-o <= 0.5),(middle-middle-square-o <= 0.5) & (top-left-square-o <= 0.5) & (bottom-right-square-o <= 0.5),,
74,5,3,3,3,3,,,(bottom-right-square-o <= 0.5) & (top-right-square-o <= 0.5) & (middle-left-square-b > 0.5) & (bottom-middle-square-o > 0.5) & (top-middle-square-o <= 0.5),(middle-middle-square-o <= 0.5) & (top-right-square-o <= 0.5) & (bottom-left-square-o <= 0.5),(middle-middle-square-o <= 0.5) & (top-left-square-o <= 0.5) & (bottom-right-square-o <= 0.5),(middle-middle-square-o <= 0.5) & (bottom-left-square-o <= 0.5) & (top-right-square-o <= 0.5),(middle-middle-square-o <= 0.5) & (top-left-square-o <= 0.5) & (bottom-right-square-o <= 0.5),,
75,6,3,6,3,5,,,(bottom-right-square-o > 0.5) & (top-right-square-o <= 0.5) & (middle-right-square-x <= 0.5) & (top-left-square-o <= 0.5) & (bottom-left-square-o <= 0.5) & (bottom-middle-square-x <= 0.5),(middle-middle-square-o <= 0.5) & (top-right-square-o <= 0.5) & (bottom-left-square-o <= 0.5),(middle-middle-square-o <= 0.5) & (top-left-square-o <= 0.5) & (bottom-right-square-o > 0.5) & (top-right-square-o <= 0.5) & (bottom-middle-square-o <= 0.5) & (top-middle-square-o <= 0.5),(middle-middle-square-o <= 0.5) & (bottom-left-square-o <= 0.5) & (top-right-square-o <= 0.5),(middle-middle-square-o <= 0.5) & (top-left-square-o <= 0.5) & (bottom-right-square-o > 0.5) & (top-right-square-o <= 0.5) & (bottom-left-square-o <= 0.5),,
76,5,11,3,4,3,,,(bottom-right-square-o <= 0.5) & (top-right-square-o <= 0.5) & (middle-left-square-b > 0.5) & (bottom-middle-square-o > 0.5) & (top-middle-square-o <= 0.5),(middle-middle-square-o <= 0.5) & (top-right-square-o <= 0.5) & (bottom-left-square-o > 0.5) & (top-left-square-o <= 0.5) & (bottom-middle-square-o > 0.5) & (top-middle-square-o <= 0.5) & (middle-left-square-o <= 0.5) & (middle-right-square-o <= 0.5) & (top-middle-square-x > 0.5) & (top-right-square-x > 0.5) & (top-left-square-b <= 0.5),(middle-middle-square-o <= 0.5) & (top-left-square-o <= 0.5) & (bottom-right-square-o <= 0.5),(middle-middle-square-o <= 0.5) & (bottom-left-square-o > 0.5) & (top-left-square-o <= 0.5) & (bottom-right-square-o <= 0.5),(middle-middle-square-o <= 0.5) & (top-left-square-o <= 0.5) & (bottom-right-square-o <= 0.5),,
77,7,6,6,8,8,,,(bottom-right-square-o > 0.5) & (top-right-square-o <= 0.5) & (middle-right-square-x <= 0.5) & (top-left-square-o <= 0.5) & (bottom-left-square-o > 0.5) & (bottom-middle-square-o <= 0.5) & (top-middle-square-o <= 0.5),(middle-middle-square-o <= 0.5) & (top-right-square-o <= 0.5) & (bottom-left-square-o > 0.5) & (top-left-square-o <= 0.5) & (bottom-middle-square-o <= 0.5) & (top-middle-square-o <= 0.5),(middle-middle-square-o <= 0.5) & (top-left-square-o <= 0.5) & (bottom-right-square-o > 0.5) & (top-right-square-o <= 0.5) & (bottom-middle-square-o <= 0.5) & (top-middle-square-o <= 0.5),(middle-middle-square-o <= 0.5) & (bottom-left-square-o > 0.5) & (top-left-square-o <= 0.5) & (bottom-right-square-o > 0.5) & (bottom-middle-square-o <= 0.5) & (top-left-square-b <= 0.5) & (middle-left-square-x <= 0.5) & (top-middle-square-x > 0.5),(middle-middle-square-o <= 0.5) & (top-left-square-o <= 0.5) & (bottom-right-square-o > 0.5) & (top-right-square-o <= 0.5) & (bottom-left-square-o > 0.5) & (bottom-middle-square-o <= 0.5) & (top-left-square-b <= 0.5) & (bottom-middle-square-x <= 0.5),,
78,6,3,11,3,5,,,(bottom-right-square-o > 0.5) & (top-right-square-o <= 0.5) & (middle-right-square-x <= 0.5) & (top-left-square-o <= 0.5) & (bottom-left-square-o <= 0.5) & (bottom-middle-square-x <= 0.5),(middle-middle-square-o <= 0.5) & (top-right-square-o <= 0.5) & (bottom-left-square-o <= 0.5),(middle-middle-square-o <= 0.5) & (top-left-square-o <= 0.5) & (bottom-right-square-o > 0.5) & (top-right-square-o <= 0.5) & (bottom-middle-square-o > 0.5) & (top-middle-square-o <= 0.5) & (middle-right-square-o <= 0.5) & (middle-left-square-o <= 0.5) & (top-middle-square-x > 0.5) & (top-right-square-b <= 0.5) & (top-left-square-b <= 0.5),(middle-middle-square-o <= 0.5) & (bottom-left-square-o <= 0.5) & (top-right-square-o <= 0.5),(middle-middle-square-o <= 0.5) & (top-left-square-o <= 0.5) & (bottom-right-square-o > 0.5) & (top-right-square-o <= 0.5) & (bottom-left-square-o <= 0.5),,
79,9,11,3,4,3,,,(bottom-right-square-o <= 0.5) & (top-right-square-o > 0.5) & (middle-right-square-x <= 0.5) & (bottom-left-square-o > 0.5) & (middle-left-square-x > 0.5) & (middle-right-square-o > 0.5) & (top-left-square-o <= 0.5) & (top-middle-square-o <= 0.5) & (bottom-middle-square-o > 0.5),(middle-middle-square-o <= 0.5) & (top-right-square-o > 0.5) & (top-left-square-o <= 0.5) & (middle-right-square-o > 0.5) & (top-middle-square-o <= 0.5) & (middle-left-square-o <= 0.5) & (bottom-middle-square-o > 0.5) & (top-middle-square-x > 0.5) & (middle-middle-square-b <= 0.5) & (bottom-left-square-x <= 0.5) & (bottom-left-square-b <= 0.5),(middle-middle-square-o <= 0.5) & (top-left-square-o <= 0.5) & (bottom-right-square-o <= 0.5),(middle-middle-square-o <= 0.5) & (bottom-left-square-o > 0.5) & (top-left-square-o <= 0.5) & (bottom-right-square-o <= 0.5),(middle-middle-square-o <= 0.5) & (top-left-square-o <= 0.5) & (bottom-right-square-o <= 0.5),,
80,12,4,10,7,7,,,(bottom-right-square-o > 0.5) & (top-right-square-o > 0.5) & (middle-right-square-o <= 0.5) & (bottom-left-square-b <= 0.5) & (top-left-square-o <= 0.5) & (top-middle-square-x > 0.5) & (top-left-square-x > 0.5) & (middle-right-square-b <= 0.5) & (middle-left-square-b <= 0.5) & (bottom-middle-square-b <= 0.5) & (middle-left-square-o <= 0.5) & (bottom-left-square-o <= 0.5),(middle-middle-square-o > 0.5) & (bottom-left-square-x > 0.5) & (top-left-square-x > 0.5) & (middle-left-square-x > 0.5),(middle-middle-square-o > 0.5) & (bottom-right-square-x <= 0.5) & (top-left-square-x > 0.5) & (bottom-middle-square-x <= 0.5) & (top-middle-square-o <= 0.5) & (top-right-square-o > 0.5) & (middle-right-square-x > 0.5) & (top-middle-square-b <= 0.5) & (bottom-middle-square-o > 0.5) & (bottom-right-square-o > 0.5),(middle-middle-square-o > 0.5) & (top-right-square-x <= 0.5) & (bottom-left-square-x > 0.5) & (top-middle-square-x > 0.5) & (bottom-right-square-o > 0.5) & (top-left-square-x > 0.5) & (middle-left-square-x > 0.5),(middle-middle-square-o > 0.5) & (bottom-right-square-x <= 0.5) & (top-left-square-x > 0.5) & (bottom-middle-square-x <= 0.5) & (middle-right-square-x > 0.5) & (bottom-left-square-x > 0.5) & (middle-left-square-x > 0.5),,
81,7,4,9,7,7,,,(bottom-right-square-o <= 0.5) & (top-right-square-o > 0.5) & (middle-right-square-x <= 0.5) & (bottom-left-square-o <= 0.5) & (top-left-square-o <= 0.5) & (top-middle-square-x > 0.5) & (middle-left-square-o <= 0.5),(middle-middle-square-o > 0.5) & (bottom-left-square-x > 0.5) & (top-left-square-x > 0.5) & (middle-left-square-x > 0.5),(middle-middle-square-o > 0.5) & (bottom-right-square-x > 0.5) & (top-right-square-x <= 0.5) & (bottom-middle-square-x <= 0.5) & (middle-right-square-x <= 0.5) & (middle-left-square-x > 0.5) & (middle-right-square-b <= 0.5) & (top-middle-square-x > 0.5) & (bottom-middle-square-b <= 0.5),(middle-middle-square-o > 0.5) & (top-right-square-x <= 0.5) & (bottom-left-square-x > 0.5) & (top-middle-square-x > 0.5) & (bottom-right-square-o <= 0.5) & (middle-left-square-o <= 0.5) & (top-left-square-o <= 0.5),(middle-middle-square-o > 0.5) & (bottom-right-square-x > 0.5) & (top-right-square-x <= 0.5) & (bottom-left-square-x > 0.5) & (bottom-middle-square-x <= 0.5) & (middle-left-square-x > 0.5) & (top-left-square-x > 0.5),,
82,7,4,11,7,8,,,(bottom-right-square-o <= 0.5) & (top-right-square-o > 0.5) & (middle-right-square-x <= 0.5) & (bottom-left-square-o <= 0.5) & (top-left-square-o <= 0.5) & (top-middle-square-x > 0.5) & (middle-left-square-o <= 0.5),(middle-middle-square-o > 0.5) & (bottom-left-square-x > 0.5) & (top-left-square-x > 0.5) & (middle-left-square-x > 0.5),(middle-middle-square-o > 0.5) & (bottom-right-square-x <= 0.5) & (top-left-square-x > 0.5) & (bottom-middle-square-x <= 0.5) & (top-middle-square-o <= 0.5) & (top-right-square-o > 0.5) & (middle-right-square-x <= 0.5) & (top-middle-square-b <= 0.5) & (bottom-middle-square-o <= 0.5) & (bottom-right-square-o <= 0.5) & (middle-right-square-b <= 0.5),(middle-middle-square-o > 0.5) & (top-right-square-x <= 0.5) & (bottom-left-square-x > 0.5) & (top-middle-square-x > 0.5) & (bottom-right-square-o <= 0.5) & (middle-left-square-o <= 0.5) & (top-left-square-o <= 0.5),(middle-middle-square-o > 0.5) & (bottom-right-square-x <= 0.5) & (top-left-square-x > 0.5) & (bottom-middle-square-x <= 0.5) & (middle-right-square-x <= 0.5) & (bottom-right-square-o <= 0.5) & (middle-left-square-o <= 0.5) & (middle-right-square-b <= 0.5),,
83,7,4,9,7,12,,,(bottom-right-square-o <= 0.5) & (top-right-square-o > 0.5) & (middle-right-square-x <= 0.5) & (bottom-left-square-o <= 0.5) & (top-left-square-o <= 0.5) & (top-middle-square-x > 0.5) & (middle-left-square-o <= 0.5),(middle-middle-square-o > 0.5) & (bottom-left-square-x > 0.5) & (top-left-square-x > 0.5) & (middle-left-square-x > 0.5),(middle-middle-square-o > 0.5) & (bottom-right-square-x <= 0.5) & (top-left-square-x > 0.5) & (bottom-middle-square-x <= 0.5) & (top-middle-square-o <= 0.5) & (top-right-square-o > 0.5) & (middle-right-square-x <= 0.5) & (top-middle-square-b <= 0.5) & (bottom-middle-square-o > 0.5),(middle-middle-square-o > 0.5) & (top-right-square-x <= 0.5) & (bottom-left-square-x > 0.5) & (top-middle-square-x > 0.5) & (bottom-right-square-o <= 0.5) & (middle-left-square-o <= 0.5) & (top-left-square-o <= 0.5),(middle-middle-square-o > 0.5) & (bottom-right-square-x <= 0.5) & (top-left-square-x > 0.5) & (bottom-middle-square-x <= 0.5) & (middle-right-square-x <= 0.5) & (bottom-right-square-o <= 0.5) & (middle-left-square-o <= 0.5) & (middle-right-square-b > 0.5) & (top-right-square-b <= 0.5) & (bottom-left-square-b <= 0.5) & (middle-left-square-x > 0.5) & (bottom-left-square-x > 0.5),,
84,9,4,10,7,6,,,(bottom-right-square-o > 0.5) & (top-right-square-o > 0.5) & (middle-right-square-o <= 0.5) & (bottom-left-square-b <= 0.5) & (top-left-square-o <= 0.5) & (top-middle-square-x > 0.5) & (top-left-square-x > 0.5) & (middle-right-square-b > 0.5) & (bottom-left-square-o <= 0.5),(middle-middle-square-o > 0.5) & (bottom-left-square-x > 0.5) & (top-left-square-x > 0.5) & (middle-left-square-x > 0.5),(middle-middle-square-o > 0.5) & (bottom-right-square-x <= 0.5) & (top-left-square-x > 0.5) & (bottom-middle-square-x <= 0.5) & (top-middle-square-o <= 0.5) & (top-right-square-o > 0.5) & (middle-right-square-x <= 0.5) & (top-middle-square-b <= 0.5) & (bottom-middle-square-o <= 0.5) & (bottom-right-square-o > 0.5),(middle-middle-square-o > 0.5) & (top-right-square-x <= 0.5) & (bottom-left-square-x > 0.5) & (top-middle-square-x > 0.5) & (bottom-right-square-o > 0.5) & (top-left-square-x > 0.5) & (middle-left-square-x > 0.5),(middle-middle-square-o > 0.5) & (bottom-right-square-x <= 0.5) & (top-left-square-x > 0.5) & (bottom-middle-square-x <= 0.5) & (middle-right-square-x <= 0.5) & (bottom-right-square-o > 0.5),,
85,7,9,3,5,3,,,(bottom-right-square-o <= 0.5) & (top-right-square-o > 0.5) & (middle-right-square-x <= 0.5) & (bottom-left-square-o <= 0.5) & (top-left-square-o <= 0.5) & (top-middle-square-x > 0.5) & (middle-left-square-o <= 0.5),(middle-middle-square-o <= 0.5) & (top-right-square-o > 0.5) & (top-left-square-o <= 0.5) & (middle-right-square-o > 0.5) & (top-middle-square-o <= 0.5) & (middle-left-square-o <= 0.5) & (bottom-middle-square-o > 0.5) & (top-middle-square-x > 0.5) & (middle-middle-square-b > 0.5),(middle-middle-square-o <= 0.5) & (top-left-square-o <= 0.5) & (bottom-right-square-o <= 0.5),(middle-middle-square-o <= 0.5) & (bottom-left-square-o <= 0.5) & (top-right-square-o > 0.5) & (bottom-right-square-o <= 0.5) & (top-left-square-o <= 0.5),(middle-middle-square-o <= 0.5) & (top-left-square-o <= 0.5) & (bottom-right-square-o <= 0.5),,
86,9,9,10,10,8,,,(bottom-right-square-o > 0.5) & (top-right-square-o > 0.5) & (middle-right-square-o <= 0.5) & (bottom-left-square-b <= 0.5) & (top-left-square-o <= 0.5) & (top-middle-square-x > 0.5) & (top-left-square-x > 0.5) & (middle-right-square-b > 0.5) & (bottom-left-square-o <= 0.5),(middle-middle-square-o <= 0.5) & (top-right-square-o > 0.5) & (top-left-square-o <= 0.5) & (middle-right-square-o <= 0.5) & (top-middle-square-x > 0.5) & (bottom-middle-square-o > 0.5) & (top-left-square-x > 0.5) & (middle-right-square-x <= 0.5) & (bottom-left-square-o <= 0.5),(middle-middle-square-o <= 0.5) & (top-left-square-o <= 0.5) & (bottom-right-square-o > 0.5) & (top-right-square-o > 0.5) & (middle-right-square-o <= 0.5) & (bottom-middle-square-o > 0.5) & (top-middle-square-x > 0.5) & (top-left-square-x > 0.5) & (middle-middle-square-x <= 0.5) & (middle-right-square-b > 0.5),(middle-middle-square-o <= 0.5) & (bottom-left-square-o <= 0.5) & (top-right-square-o > 0.5) & (bottom-right-square-o > 0.5) & (middle-left-square-b <= 0.5) & (bottom-middle-square-o > 0.5) & (top-middle-square-x > 0.5) & (middle-left-square-x > 0.5) & (top-left-square-o <= 0.5) & (middle-middle-square-x <= 0.5),(middle-middle-square-o <= 0.5) & (top-left-square-o <= 0.5) & (bottom-right-square-o > 0.5) & (top-right-square-o > 0.5) & (middle-right-square-o <= 0.5) & (bottom-middle-square-o > 0.5) & (bottom-left-square-o <= 0.5) & (middle-left-square-x > 0.5),,
87,12,6,8,8,8,,,(bottom-right-square-o > 0.5) & (top-right-square-o > 0.5) & (middle-right-square-o <= 0.5) & (bottom-left-square-b <= 0.5) & (top-left-square-o <= 0.5) & (top-middle-square-x > 0.5) & (top-left-square-x > 0.5) & (middle-right-square-b <= 0.5) & (middle-left-square-b <= 0.5) & (bottom-middle-square-b <= 0.5) & (middle-left-square-o > 0.5) & (bottom-left-square-o > 0.5),(middle-middle-square-o <= 0.5) & (top-right-square-o > 0.5) & (top-left-square-o <= 0.5) & (middle-right-square-o <= 0.5) & (top-middle-square-x > 0.5) & (bottom-middle-square-o <= 0.5),(middle-middle-square-o <= 0.5) & (top-left-square-o <= 0.5) & (bottom-right-square-o > 0.5) & (top-right-square-o > 0.5) & (middle-right-square-o <= 0.5) & (bottom-middle-square-o <= 0.5) & (middle-left-square-o > 0.5) & (top-middle-square-x > 0.5),(middle-middle-square-o <= 0.5) & (bottom-left-square-o > 0.5) & (top-left-square-o <= 0.5) & (bottom-right-square-o > 0.5) & (bottom-middle-square-o <= 0.5) & (top-left-square-b <= 0.5) & (middle-left-square-x <= 0.5) & (top-middle-square-x > 0.5),(middle-middle-square-o <= 0.5) & (top-left-square-o <= 0.5) & (bottom-right-square-o > 0.5) & (top-right-square-o > 0.5) & (middle-right-square-o <= 0.5) & (bottom-middle-square-o <= 0.5) & (middle-left-square-o > 0.5) & (bottom-left-square-x <= 0.5),,
88,9,10,3,4,3,,,(bottom-right-square-o <= 0.5) & (top-right-square-o > 0.5) & (middle-right-square-x > 0.5) & (bottom-middle-square-o > 0.5) & (bottom-right-square-x > 0.5) & (bottom-left-square-x <= 0.5) & (top-left-square-o <= 0.5) & (top-middle-square-x > 0.5) & (middle-left-square-o > 0.5),(middle-middle-square-o <= 0.5) & (top-right-square-o > 0.5) & (top-left-square-o <= 0.5) & (middle-right-square-o <= 0.5) & (top-middle-square-x > 0.5) & (bottom-middle-square-o > 0.5) & (top-left-square-x > 0.5) & (middle-right-square-x > 0.5) & (middle-left-square-o > 0.5) & (bottom-left-square-x <= 0.5),(middle-middle-square-o <= 0.5) & (top-left-square-o <= 0.5) & (bottom-right-square-o <= 0.5),(middle-middle-square-o <= 0.5) & (bottom-left-square-o > 0.5) & (top-left-square-o <= 0.5) & (bottom-right-square-o <= 0.5),(middle-middle-square-o <= 0.5) & (top-left-square-o <= 0.5) & (bottom-right-square-o <= 0.5),,
89,9,9,3,5,3,,,(bottom-right-square-o <= 0.5) & (top-right-square-o > 0.5) & (middle-right-square-x <= 0.5) & (bottom-left-square-o <= 0.5) & (top-left-square-o <= 0.5) & (top-middle-square-x > 0.5) & (middle-left-square-o > 0.5) & (top-left-square-x > 0.5) & (bottom-middle-square-o > 0.5),(middle-middle-square-o <= 0.5) & (top-right-square-o > 0.5) & (top-left-square-o <= 0.5) & (middle-right-square-o > 0.5) & (top-middle-square-o <= 0.5) & (middle-left-square-o > 0.5) & (bottom-left-square-x > 0.5) & (top-left-square-x > 0.5) & (bottom-middle-square-o > 0.5),(middle-middle-square-o <= 0.5) & (top-left-square-o <= 0.5) & (bottom-right-square-o <= 0.5),(middle-middle-square-o <= 0.5) & (bottom-left-square-o <= 0.5) & (top-right-square-o > 0.5) & (bottom-right-square-o <= 0.5) & (top-left-square-o <= 0.5),(middle-middle-square-o <= 0.5) & (top-left-square-o <= 0.5) & (bottom-right-square-o <= 0.5),,
90,7,7,3,4,3,,,(bottom-right-square-o <= 0.5) & (top-right-square-o > 0.5) & (middle-right-square-x <= 0.5) & (bottom-left-square-o > 0.5) & (middle-left-square-x <= 0.5) & (middle-left-square-b <= 0.5) & (middle-right-square-o > 0.5),(middle-middle-square-o <= 0.5) & (top-right-square-o > 0.5) & (top-left-square-o <= 0.5) & (middle-right-square-o > 0.5) & (top-middle-square-o <= 0.5) & (middle-left-square-o > 0.5) & (bottom-left-square-x <= 0.5),(middle-middle-square-o <= 0.5) & (top-left-square-o <= 0.5) & (bottom-right-square-o <= 0.5),(middle-middle-square-o <= 0.5) & (bottom-left-square-o > 0.5) & (top-left-square-o <= 0.5) & (bottom-right-square-o <= 0.5),(middle-middle-square-o <= 0.5) & (top-left-square-o <= 0.5) & (bottom-right-square-o <= 0.5),,
91,12,7,3,5,3,,,(bottom-right-square-o <= 0.5) & (top-right-square-o > 0.5) & (middle-right-square-x <= 0.5) & (bottom-left-square-o <= 0.5) & (top-left-square-o <= 0.5) & (top-middle-square-x > 0.5) & (middle-left-square-o > 0.5) & (top-left-square-x > 0.5) & (bottom-middle-square-o <= 0.5) & (bottom-left-square-b > 0.5) & (bottom-middle-square-x > 0.5) & (bottom-right-square-x <= 0.5),(middle-middle-square-o <= 0.5) & (top-right-square-o > 0.5) & (top-left-square-o <= 0.5) & (middle-right-square-o > 0.5) & (top-middle-square-o <= 0.5) & (middle-left-square-o > 0.5) & (bottom-left-square-x <= 0.5),(middle-middle-square-o <= 0.5) & (top-left-square-o <= 0.5) & (bottom-right-square-o <= 0.5),(middle-middle-square-o <= 0.5) & (bottom-left-square-o <= 0.5) & (top-right-square-o > 0.5) & (bottom-right-square-o <= 0.5) & (top-left-square-o <= 0.5),(middle-middle-square-o <= 0.5) & (top-left-square-o <= 0.5) & (bottom-right-square-o <= 0.5),,
92,11,7,3,5,3,,,(bottom-right-square-o <= 0.5) & (top-right-square-o > 0.5) & (middle-right-square-x <= 0.5) & (bottom-left-square-o <= 0.5) & (top-left-square-o <= 0.5) & (top-middle-square-x > 0.5) & (middle-left-square-o > 0.5) & (top-left-square-x > 0.5) & (bottom-middle-square-o <= 0.5) & (bottom-left-square-b > 0.5) & (bottom-middle-square-x <= 0.5),(middle-middle-square-o <= 0.5) & (top-right-square-o > 0.5) & (top-left-square-o <= 0.5) & (middle-right-square-o > 0.5) & (top-middle-square-o <= 0.5) & (middle-left-square-o > 0.5) & (bottom-left-square-x <= 0.5),(middle-middle-square-o <= 0.5) & (top-left-square-o <= 0.5) & (bottom-right-square-o <= 0.5),(middle-middle-square-o <= 0.5) & (bottom-left-square-o <= 0.5) & (top-right-square-o > 0.5) & (bottom-right-square-o <= 0.5) & (top-left-square-o <= 0.5),(middle-middle-square-o <= 0.5) & (top-left-square-o <= 0.5) & (bottom-right-square-o <= 0.5),,
93,11,6,3,4,3,,,(bottom-right-square-o <= 0.5) & (top-right-square-o > 0.5) & (middle-right-square-x <= 0.5) & (bottom-left-square-o > 0.5) & (middle-left-square-x <= 0.5) & (middle-left-square-b <= 0.5) & (middle-right-square-o <= 0.5) & (bottom-middle-square-x > 0.5) & (top-left-square-x > 0.5) & (top-middle-square-b <= 0.5) & (bottom-right-square-b > 0.5),(middle-middle-square-o <= 0.5) & (top-right-square-o > 0.5) & (top-left-square-o <= 0.5) & (middle-right-square-o <= 0.5) & (top-middle-square-x > 0.5) & (bottom-middle-square-o <= 0.5),(middle-middle-square-o <= 0.5) & (top-left-square-o <= 0.5) & (bottom-right-square-o <= 0.5),(middle-middle-square-o <= 0.5) & (bottom-left-square-o > 0.5) & (top-left-square-o <= 0.5) & (bottom-right-square-o <= 0.5),(middle-middle-square-o <= 0.5) & (top-left-square-o <= 0.5) & (bottom-right-square-o <= 0.5),,
94,8,6,3,4,3,,,(bottom-right-square-o <= 0.5) & (top-right-square-o > 0.5) & (middle-right-square-x <= 0.5) & (bottom-left-square-o > 0.5) & (middle-left-square-x <= 0.5) & (middle-left-square-b <= 0.5) & (middle-right-square-o <= 0.5) & (bottom-middle-square-x <= 0.5),(middle-middle-square-o <= 0.5) & (top-right-square-o > 0.5) & (top-left-square-o <= 0.5) & (middle-right-square-o <= 0.5) & (top-middle-square-x > 0.5) & (bottom-middle-square-o <= 0.5),(middle-middle-square-o <= 0.5) & (top-left-square-o <= 0.5) & (bottom-right-square-o <= 0.5),(middle-middle-square-o <= 0.5) & (bottom-left-square-o > 0.5) & (top-left-square-o <= 0.5) & (bottom-right-square-o <= 0.5),(middle-middle-square-o <= 0.5) & (top-left-square-o <= 0.5) & (bottom-right-square-o <= 0.5),,
95,5,6,8,10,8,,,(bottom-right-square-o > 0.5) & (top-right-square-o > 0.5) & (middle-right-square-o <= 0.5) & (bottom-left-square-b > 0.5) & (top-left-square-o <= 0.5),(middle-middle-square-o <= 0.5) & (top-right-square-o > 0.5) & (top-left-square-o <= 0.5) & (middle-right-square-o <= 0.5) & (top-middle-square-x > 0.5) & (bottom-middle-square-o <= 0.5),(middle-middle-square-o <= 0.5) & (top-left-square-o <= 0.5) & (bottom-right-square-o > 0.5) & (top-right-square-o > 0.5) & (middle-right-square-o <= 0.5) & (bottom-middle-square-o <= 0.5) & (middle-left-square-o > 0.5) & (top-middle-square-x > 0.5),(middle-middle-square-o <= 0.5) & (bottom-left-square-o <= 0.5) & (top-right-square-o > 0.5) & (bottom-right-square-o > 0.5) & (middle-left-square-b <= 0.5) & (bottom-middle-square-o <= 0.5) & (middle-middle-square-b <= 0.5) & (bottom-left-square-b > 0.5) & (top-left-square-o <= 0.5) & (middle-left-square-o > 0.5),(middle-middle-square-o <= 0.5) & (top-left-square-o <= 0.5) & (bottom-right-square-o > 0.5) & (top-right-square-o > 0.5) & (middle-right-square-o <= 0.5) & (bottom-middle-square-o <= 0.5) & (middle-left-square-o > 0.5) & (bottom-left-square-x <= 0.5),,
96,9,9,3,5,3,,,(bottom-right-square-o <= 0.5) & (top-right-square-o > 0.5) & (middle-right-square-x <= 0.5) & (bottom-left-square-o <= 0.5) & (top-left-square-o <= 0.5) & (top-middle-square-x > 0.5) & (middle-left-square-o > 0.5) & (top-left-square-x > 0.5) & (bottom-middle-square-o > 0.5),(middle-middle-square-o <= 0.5) & (top-right-square-o > 0.5) & (top-left-square-o <= 0.5) & (middle-right-square-o <= 0.5) & (top-middle-square-x > 0.5) & (bottom-middle-square-o > 0.5) & (top-left-square-x > 0.5) & (middle-right-square-x <= 0.5) & (bottom-left-square-o <= 0.5),(middle-middle-square-o <= 0.5) & (top-left-square-o <= 0.5) & (bottom-right-square-o <= 0.5),(middle-middle-square-o <= 0.5) & (bottom-left-square-o <= 0.5) & (top-right-square-o > 0.5) & (bottom-right-square-o <= 0.5) & (top-left-square-o <= 0.5),(middle-middle-square-o <= 0.5) & (top-left-square-o <= 0.5) & (bottom-right-square-o <= 0.5),,
97,10,9,3,4,3,,,(bottom-right-square-o <= 0.5) & (top-right-square-o > 0.5) & (middle-right-square-x <= 0.5) & (bottom-left-square-o > 0.5) & (middle-left-square-x <= 0.5) & (middle-left-square-b > 0.5) & (middle-right-square-o > 0.5) & (top-middle-square-x > 0.5) & (bottom-middle-square-b <= 0.5) & (bottom-right-square-b > 0.5),(middle-middle-square-o <= 0.5) & (top-right-square-o > 0.5) & (top-left-square-o <= 0.5) & (middle-right-square-o > 0.5) & (top-middle-square-o <= 0.5) & (middle-left-square-o <= 0.5) & (bottom-middle-square-o <= 0.5) & (bottom-left-square-o > 0.5) & (middle-left-square-x <= 0.5),(middle-middle-square-o <= 0.5) & (top-left-square-o <= 0.5) & (bottom-right-square-o <= 0.5),(middle-middle-square-o <= 0.5) & (bottom-left-square-o > 0.5) & (top-left-square-o <= 0.5) & (bottom-right-square-o <= 0.5),(middle-middle-square-o <= 0.5) & (top-left-square-o <= 0.5) & (bottom-right-square-o <= 0.5),,
98,9,9,3,4,3,,,(bottom-right-square-o <= 0.5) & (top-right-square-o > 0.5) & (middle-right-square-x <= 0.5) & (bottom-left-square-o > 0.5) & (middle-left-square-x <= 0.5) & (middle-left-square-b > 0.5) & (middle-right-square-o > 0.5) & (top-middle-square-x > 0.5) & (bottom-middle-square-b > 0.5),(middle-middle-square-o <= 0.5) & (top-right-square-o > 0.5) & (top-left-square-o <= 0.5) & (middle-right-square-o > 0.5) & (top-middle-square-o <= 0.5) & (middle-left-square-o <= 0.5) & (bottom-middle-square-o <= 0.5) & (bottom-left-square-o > 0.5) & (middle-left-square-x <= 0.5),(middle-middle-square-o <= 0.5) & (top-left-square-o <= 0.5) & (bottom-right-square-o <= 0.5),(middle-middle-square-o <= 0.5) & (bottom-left-square-o > 0.5) & (top-left-square-o <= 0.5) & (bottom-right-square-o <= 0.5),(middle-middle-square-o <= 0.5) & (top-left-square-o <= 0.5) & (bottom-right-square-o <= 0.5),,
99,7,12,3,5,3,,,(bottom-right-square-o <= 0.5) & (top-right-square-o > 0.5) & (middle-right-square-x <= 0.5) & (bottom-left-square-o <= 0.5) & (top-left-square-o <= 0.5) & (top-middle-square-x > 0.5) & (middle-left-square-o <= 0.5),(middle-middle-square-o <= 0.5) & (top-right-square-o > 0.5) & (top-left-square-o <= 0.5) & (middle-right-square-o > 0.5) & (top-middle-square-o <= 0.5) & (middle-left-square-o <= 0.5) & (bottom-middle-square-o > 0.5) & (top-middle-square-x > 0.5) & (middle-middle-square-b <= 0.5) & (bottom-left-square-x <= 0.5) & (bottom-left-square-b > 0.5) & (middle-left-square-b > 0.5),(middle-middle-square-o <= 0.5) & (top-left-square-o <= 0.5) & (bottom-right-square-o <= 0.5),(middle-middle-square-o <= 0.5) & (bottom-left-square-o <= 0.5) & (top-right-square-o > 0.5) & (bottom-right-square-o <= 0.5) & (top-left-square-o <= 0.5),(middle-middle-square-o <= 0.5) & (top-left-square-o <= 0.5) & (bottom-right-square-o <= 0.5),,
100,10,6,7,8,7,,,(bottom-right-square-o > 0.5) & (top-right-square-o > 0.5) & (middle-right-square-o <= 0.5) & (bottom-left-square-b <= 0.5) & (top-left-square-o <= 0.5) & (top-middle-square-x > 0.5) & (top-left-square-x > 0.5) & (middle-right-square-b > 0.5) & (bottom-left-square-o > 0.5) & (middle-left-square-b > 0.5),(middle-middle-square-o <= 0.5) & (top-right-square-o > 0.5) & (top-left-square-o <= 0.5) & (middle-right-square-o <= 0.5) & (top-middle-square-x > 0.5) & (bottom-middle-square-o <= 0.5),(middle-middle-square-o <= 0.5) & (top-left-square-o <= 0.5) & (bottom-right-square-o > 0.5) & (top-right-square-o > 0.5) & (middle-right-square-o <= 0.5) & (bottom-middle-square-o <= 0.5) & (middle-left-square-o <= 0.5),(middle-middle-square-o <= 0.5) & (bottom-left-square-o > 0.5) & (top-left-square-o <= 0.5) & (bottom-right-square-o > 0.5) & (bottom-middle-square-o <= 0.5) & (top-left-square-b <= 0.5) & (middle-left-square-x <= 0.5) & (top-middle-square-x > 0.5),(middle-middle-square-o <= 0.5) & (top-left-square-o <= 0.5) & (bottom-right-square-o > 0.5) & (top-right-square-o > 0.5) & (middle-right-square-o <= 0.5) & (bottom-middle-square-o <= 0.5) & (middle-left-square-o <= 0.5),,
101,8,10,3,4,3,,,(bottom-right-square-o <= 0.5) & (top-right-square-o > 0.5) & (middle-right-square-x <= 0.5) & (bottom-left-square-o > 0.5) & (middle-left-square-x <= 0.5) & (middle-left-square-b > 0.5) & (middle-right-square-o <= 0.5) & (bottom-middle-square-o > 0.5),(middle-middle-square-o <= 0.5) & (top-right-square-o > 0.5) & (top-left-square-o <= 0.5) & (middle-right-square-o <= 0.5) & (top-middle-square-x > 0.5) & (bottom-middle-square-o > 0.5) & (top-left-square-x > 0.5) & (middle-right-square-x <= 0.5) & (bottom-left-square-o > 0.5) & (middle-left-square-x <= 0.5),(middle-middle-square-o <= 0.5) & (top-left-square-o <= 0.5) & (bottom-right-square-o <= 0.5),(middle-middle-square-o <= 0.5) & (bottom-left-square-o > 0.5) & (top-left-square-o <= 0.5) & (bottom-right-square-o <= 0.5),(middle-middle-square-o <= 0.5) & (top-left-square-o <= 0.5) & (bottom-right-square-o <= 0.5),,
102,11,4,11,7,8,,,(bottom-right-square-o <= 0.5) & (top-right-square-o <= 0.5) & (middle-left-square-b <= 0.5) & (bottom-middle-square-x <= 0.5) & (top-middle-square-b <= 0.5) & (top-left-square-x > 0.5) & (top-middle-square-x > 0.5) & (top-right-square-x <= 0.5) & (bottom-left-square-o <= 0.5) & (bottom-middle-square-o > 0.5) & (middle-left-square-x > 0.5),(middle-middle-square-o > 0.5) & (bottom-left-square-x > 0.5) & (top-left-square-x > 0.5) & (middle-left-square-x > 0.5),(middle-middle-square-o > 0.5) & (bottom-right-square-x <= 0.5) & (top-left-square-x > 0.5) & (bottom-middle-square-x <= 0.5) & (top-middle-square-o <= 0.5) & (top-right-square-o <= 0.5) & (middle-right-square-b <= 0.5) & (top-middle-square-x > 0.5) & (top-right-square-b > 0.5) & (middle-left-square-x > 0.5) & (middle-right-square-o > 0.5),(middle-middle-square-o > 0.5) & (top-right-square-x <= 0.5) & (bottom-left-square-x > 0.5) & (top-middle-square-x > 0.5) & (bottom-right-square-o <= 0.5) & (middle-left-square-o <= 0.5) & (top-left-square-o <= 0.5),(middle-middle-square-o > 0.5) & (bottom-right-square-x <= 0.5) & (top-left-square-x > 0.5) & (bottom-middle-square-x <= 0.5) & (middle-right-square-x <= 0.5) & (bottom-right-square-o <= 0.5) & (middle-left-square-o <= 0.5) & (middle-right-square-b <= 0.5),,
103,6,4,11,7,6,,,(bottom-right-square-o > 0.5) & (top-right-square-o <= 0.5) & (middle-right-square-x <= 0.5) & (top-left-square-o <= 0.5) & (bottom-left-square-o <= 0.5) & (bottom-middle-square-x <= 0.5),(middle-middle-square-o > 0.5) & (bottom-left-square-x > 0.5) & (top-left-square-x > 0.5) & (middle-left-square-x > 0.5),(middle-middle-square-o > 0.5) & (bottom-right-square-x <= 0.5) & (top-left-square-x > 0.5) & (bottom-middle-square-x <= 0.5) & (top-middle-square-o <= 0.5) & (top-right-square-o <= 0.5) & (middle-right-square-b <= 0.5) & (top-middle-square-x > 0.5) & (top-right-square-b > 0.5) & (middle-left-square-x > 0.5) & (middle-right-square-o > 0.5),(middle-middle-square-o > 0.5) & (top-right-square-x <= 0.5) & (bottom-left-square-x > 0.5) & (top-middle-square-x > 0.5) & (bottom-right-square-o > 0.5) & (top-left-square-x > 0.5) & (middle-left-square-x > 0.5),(middle-middle-square-o > 0.5) & (bottom-right-square-x <= 0.5) & (top-left-square-x > 0.5) & (bottom-middle-square-x <= 0.5) & (middle-right-square-x <= 0.5) & (bottom-right-square-o > 0.5),,
104,6,4,7,7,6,,,(bottom-right-square-o > 0.5) & (top-right-square-o <= 0.5) & (middle-right-square-x <= 0.5) & (top-left-square-o <= 0.5) & (bottom-left-square-o <= 0.5) & (bottom-middle-square-x <= 0.5),(middle-middle-square-o > 0.5) & (bottom-left-square-x > 0.5) & (top-left-square-x > 0.5) & (middle-left-square-x > 0.5),(middle-middle-square-o > 0.5) & (bottom-right-square-x <= 0.5) & (top-left-square-x > 0.5) & (bottom-middle-square-x <= 0.5) & (top-middle-square-o <= 0.5) & (top-right-square-o <= 0.5) & (middle-right-square-b > 0.5),(middle-middle-square-o > 0.5) & (top-right-square-x <= 0.5) & (bottom-left-square-x > 0.5) & (top-middle-square-x > 0.5) & (bottom-right-square-o > 0.5) & (top-left-square-x > 0.5) & (middle-left-square-x > 0.5),(middle-middle-square-o > 0.5) & (bottom-right-square-x <= 0.5) & (top-left-square-x > 0.5) & (bottom-middle-square-x <= 0.5) & (middle-right-square-x <= 0.5) & (bottom-right-square-o > 0.5),,
105,6,3,9,3,5,,,(bottom-right-square-o > 0.5) & (top-right-square-o <= 0.5) & (middle-right-square-x <= 0.5) & (top-left-square-o <= 0.5) & (bottom-left-square-o <= 0.5) & (bottom-middle-square-x <= 0.5),(middle-middle-square-o <= 0.5) & (top-right-square-o <= 0.5) & (bottom-left-square-o <= 0.5),(middle-middle-square-o <= 0.5) & (top-left-square-o <= 0.5) & (bottom-right-square-o > 0.5) & (top-right-square-o <= 0.5) & (bottom-middle-square-o > 0.5) & (top-middle-square-o <= 0.5) & (middle-right-square-o > 0.5) & (middle-left-square-x > 0.5) & (middle-middle-square-b > 0.5),(middle-middle-square-o <= 0.5) & (bottom-left-square-o <= 0.5) & (top-right-square-o <= 0.5),(middle-middle-square-o <= 0.5) & (top-left-square-o <= 0.5) & (bottom-right-square-o > 0.5) & (top-right-square-o <= 0.5) & (bottom-left-square-o <= 0.5),,
106,9,6,3,4,3,,,(bottom-right-square-o <= 0.5) & (top-right-square-o <= 0.5) & (middle-left-square-b <= 0.5) & (bottom-middle-square-x > 0.5) & (bottom-left-square-x <= 0.5) & (top-left-square-o <= 0.5) & (middle-right-square-o > 0.5) & (bottom-left-square-o > 0.5) & (bottom-right-square-x <= 0.5),(middle-middle-square-o <= 0.5) & (top-right-square-o <= 0.5) & (bottom-left-square-o > 0.5) & (top-left-square-o <= 0.5) & (bottom-middle-square-o <= 0.5) & (top-middle-square-o <= 0.5),(middle-middle-square-o <= 0.5) & (top-left-square-o <= 0.5) & (bottom-right-square-o <= 0.5),(middle-middle-square-o <= 0.5) & (bottom-left-square-o > 0.5) & (top-left-square-o <= 0.5) & (bottom-right-square-o <= 0.5),(middle-middle-square-o <= 0.5) & (top-left-square-o <= 0.5) & (bottom-right-square-o <= 0.5),,
107,9,6,3,4,3,,,(bottom-right-square-o <= 0.5) & (top-right-square-o <= 0.5) & (middle-left-square-b <= 0.5) & (bottom-middle-square-x <= 0.5) & (top-middle-square-b <= 0.5) & (top-left-square-x > 0.5) & (top-middle-square-x > 0.5) & (top-right-square-x <= 0.5) & (bottom-left-square-o > 0.5),(middle-middle-square-o <= 0.5) & (top-right-square-o <= 0.5) & (bottom-left-square-o > 0.5) & (top-left-square-o <= 0.5) & (bottom-middle-square-o <= 0.5) & (top-middle-square-o <= 0.5),(middle-middle-square-o <= 0.5) & (top-left-square-o <= 0.5) & (bottom-right-square-o <= 0.5),(middle-middle-square-o <= 0.5) & (bottom-left-square-o > 0.5) & (top-left-square-o <= 0.5) & (bottom-right-square-o <= 0.5),(middle-middle-square-o <= 0.5) & (top-left-square-o <= 0.5) & (bottom-right-square-o <= 0.5),,
108,8,3,6,3,5,,,(bottom-right-square-o > 0.5) & (top-right-square-o <= 0.5) & (middle-right-square-x <= 0.5) & (top-left-square-o <= 0.5) & (bottom-left-square-o <= 0.5) & (bottom-middle-square-x > 0.5) & (middle-left-square-o > 0.5) & (bottom-left-square-b > 0.5),(middle-middle-square-o <= 0.5) & (top-right-square-o <= 0.5) & (bottom-left-square-o <= 0.5),(middle-middle-square-o <= 0.5) & (top-left-square-o <= 0.5) & (bottom-right-square-o > 0.5) & (top-right-square-o <= 0.5) & (bottom-middle-square-o <= 0.5) & (top-middle-square-o <= 0.5),(middle-middle-square-o <= 0.5) & (bottom-left-square-o <= 0.5) & (top-right-square-o <= 0.5),(middle-middle-square-o <= 0.5) & (top-left-square-o <= 0.5) & (bottom-right-square-o > 0.5) & (top-right-square-o <= 0.5) & (bottom-left-square-o <= 0.5),,
109,12,3,3,3,3,,,(bottom-right-square-o <= 0.5) & (top-right-square-o <= 0.5) & (middle-left-square-b <= 0.5) & (bottom-middle-square-x <= 0.5) & (top-middle-square-b <= 0.5) & (top-left-square-x > 0.5) & (top-middle-square-x > 0.5) & (top-right-square-x <= 0.5) & (bottom-left-square-o <= 0.5) & (bottom-middle-square-o > 0.5) & (middle-left-square-x <= 0.5) & (bottom-left-square-b > 0.5),(middle-middle-square-o <= 0.5) & (top-right-square-o <= 0.5) & (bottom-left-square-o <= 0.5),(middle-middle-square-o <= 0.5) & (top-left-square-o <= 0.5) & (bottom-right-square-o <= 0.5),(middle-middle-square-o <= 0.5) & (bottom-left-square-o <= 0.5) & (top-right-square-o <= 0.5),(middle-middle-square-o <= 0.5) & (top-left-square-o <= 0.5) & (bottom-right-square-o <= 0.5),,
110,7,6,6,8,10,,,(bottom-right-square-o > 0.5) & (top-right-square-o <= 0.5) & (middle-right-square-x <= 0.5) & (top-left-square-o <= 0.5) & (bottom-left-square-o > 0.5) & (bottom-middle-square-o <= 0.5) & (top-middle-square-o <= 0.5),(middle-middle-square-o <= 0.5) & (top-right-square-o <= 0.5) & (bottom-left-square-o > 0.5) & (top-left-square-o <= 0.5) & (bottom-middle-square-o <= 0.5) & (top-middle-square-o <= 0.5),(middle-middle-square-o <= 0.5) & (top-left-square-o <= 0.5) & (bottom-right-square-o > 0.5) & (top-right-square-o <= 0.5) & (bottom-middle-square-o <= 0.5) & (top-middle-square-o <= 0.5),(middle-middle-square-o <= 0.5) & (bottom-left-square-o > 0.5) & (top-left-square-o <= 0.5) & (bottom-right-square-o > 0.5) & (bottom-middle-square-o <= 0.5) & (top-left-square-b <= 0.5) & (middle-left-square-x <= 0.5) & (top-middle-square-x > 0.5),(middle-middle-square-o <= 0.5) & (top-left-square-o <= 0.5) & (bottom-right-square-o > 0.5) & (top-right-square-o <= 0.5) & (bottom-left-square-o > 0.5) & (bottom-middle-square-o <= 0.5) & (top-left-square-b <= 0.5) & (bottom-middle-square-x > 0.5) & (middle-left-square-x <= 0.5) & (middle-right-square-x <= 0.5),,
111,9,8,3,4,3,,,(bottom-right-square-o <= 0.5) & (top-right-square-o <= 0.5) & (middle-left-square-b <= 0.5) & (bottom-middle-square-x <= 0.5) & (top-middle-square-b <= 0.5) & (top-left-square-x > 0.5) & (top-middle-square-x > 0.5) & (top-right-square-x <= 0.5) & (bottom-left-square-o > 0.5),(middle-middle-square-o <= 0.5) & (top-right-square-o <= 0.5) & (bottom-left-square-o > 0.5) & (top-left-square-o <= 0.5) & (bottom-middle-square-o > 0.5) & (top-middle-square-o <= 0.5) & (middle-left-square-o > 0.5) & (middle-right-square-x <= 0.5),(middle-middle-square-o <= 0.5) & (top-left-square-o <= 0.5) & (bottom-right-square-o <= 0.5),(middle-middle-square-o <= 0.5) & (bottom-left-square-o > 0.5) & (top-left-square-o <= 0.5) & (bottom-right-square-o <= 0.5),(middle-middle-square-o <= 0.5) & (top-left-square-o <= 0.5) & (bottom-right-square-o <= 0.5),,
112,7,6,6,8,10,,,(bottom-right-square-o > 0.5) & (top-right-square-o <= 0.5) & (middle-right-square-x <= 0.5) & (top-left-square-o <= 0.5) & (bottom-left-square-o > 0.5) & (bottom-middle-square-o <= 0.5) & (top-middle-square-o <= 0.5),(middle-middle-square-o <= 0.5) & (top-right-square-o <= 0.5) & (bottom-left-square-o > 0.5) & (top-left-square-o <= 0.5) & (bottom-middle-square-o <= 0.5) & (top-middle-square-o <= 0.5),(middle-middle-square-o <= 0.5) & (top-left-square-o <= 0.5) & (bottom-right-square-o > 0.5) & (top-right-square-o <= 0.5) & (bottom-middle-square-o <= 0.5) & (top-middle-square-o <= 0.5),(middle-middle-square-o <= 0.5) & (bottom-left-square-o > 0.5) & (top-left-square-o <= 0.5) & (bottom-right-square-o > 0.5) & (bottom-middle-square-o <= 0.5) & (top-left-square-b <= 0.5) & (middle-left-square-x <= 0.5) & (top-middle-square-x > 0.5),(middle-middle-square-o <= 0.5) & (top-left-square-o <= 0.5) & (bottom-right-square-o > 0.5) & (top-right-square-o <= 0.5) & (bottom-left-square-o > 0.5) & (bottom-middle-square-o <= 0.5) & (top-left-square-b <= 0.5) & (bottom-middle-square-x > 0.5) & (middle-left-square-x <= 0.5) & (middle-right-square-x <= 0.5),,
113,5,9,3,4,3,,,(bottom-right-square-o <= 0.5) & (top-right-square-o <= 0.5) & (middle-left-square-b > 0.5) & (bottom-middle-square-o > 0.5) & (top-middle-square-o <= 0.5),(middle-middle-square-o <= 0.5) & (top-right-square-o <= 0.5) & (bottom-left-square-o > 0.5) & (top-left-square-o <= 0.5) & (bottom-middle-square-o > 0.5) & (top-middle-square-o <= 0.5) & (middle-left-square-o <= 0.5) & (middle-right-square-o > 0.5) & (middle-left-square-b > 0.5),(middle-middle-square-o <= 0.5) & (top-left-square-o <= 0.5) & (bottom-right-square-o <= 0.5),(middle-middle-square-o <= 0.5) & (bottom-left-square-o > 0.5) & (top-left-square-o <= 0.5) & (bottom-right-square-o <= 0.5),(middle-middle-square-o <= 0.5) & (top-left-square-o <= 0.5) & (bottom-right-square-o <= 0.5),,
114,6,3,12,3,5,,,(bottom-right-square-o > 0.5) & (top-right-square-o <= 0.5) & (middle-right-square-x <= 0.5) & (top-left-square-o <= 0.5) & (bottom-left-square-o <= 0.5) & (bottom-middle-square-x <= 0.5),(middle-middle-square-o <= 0.5) & (top-right-square-o <= 0.5) & (bottom-left-square-o <= 0.5),(middle-middle-square-o <= 0.5) & (top-left-square-o <= 0.5) & (bottom-right-square-o > 0.5) & (top-right-square-o <= 0.5) & (bottom-middle-square-o > 0.5) & (top-middle-square-o > 0.5) & (top-left-square-x > 0.5) & (top-right-square-b <= 0.5) & (middle-right-square-x <= 0.5) & (middle-middle-square-x > 0.5) & (middle-left-square-b <= 0.5) & (middle-right-square-o > 0.5),(middle-middle-square-o <= 0.5) & (bottom-left-square-o <= 0.5) & (top-right-square-o <= 0.5),(middle-middle-square-o <= 0.5) & (top-left-square-o <= 0.5) & (bottom-right-square-o > 0.5) & (top-right-square-o <= 0.5) & (bottom-left-square-o <= 0.5),,
115,10,10,3,4,3,,,(bottom-right-square-o <= 0.5) & (top-right-square-o <= 0.5) & (middle-left-square-b <= 0.5) & (bottom-middle-square-x <= 0.5) & (top-middle-square-b <= 0.5) & (top-left-square-x > 0.5) & (top-middle-square-x <= 0.5) & (bottom-middle-square-b <= 0.5) & (middle-right-square-o > 0.5) & (bottom-left-square-b <= 0.5),(middle-middle-square-o <= 0.5) & (top-right-square-o <= 0.5) & (bottom-left-square-o > 0.5) & (top-left-square-o <= 0.5) & (bottom-middle-square-o > 0.5) & (top-middle-square-o > 0.5) & (top-left-square-b <= 0.5) & (top-right-square-x > 0.5) & (middle-left-square-x > 0.5) & (middle-right-square-o > 0.5),(middle-middle-square-o <= 0.5) & (top-left-square-o <= 0.5) & (bottom-right-square-o <= 0.5),(middle-middle-square-o <= 0.5) & (bottom-left-square-o > 0.5) & (top-left-square-o <= 0.5) & (bottom-right-square-o <= 0.5),(middle-middle-square-o <= 0.5) & (top-left-square-o <= 0.5) & (bottom-right-square-o <= 0.5),,
116,7,4,7,12,7,,,(bottom-right-square-o > 0.5) & (top-right-square-o <= 0.5) & (middle-right-square-x <= 0.5) & (top-left-square-o <= 0.5) & (bottom-left-square-o <= 0.5) & (bottom-middle-square-x > 0.5) & (middle-left-square-o <= 0.5),(middle-middle-square-o > 0.5) & (bottom-left-square-x > 0.5) & (top-left-square-x > 0.5) & (middle-left-square-x > 0.5),(middle-middle-square-o > 0.5) & (bottom-right-square-x <= 0.5) & (top-left-square-x > 0.5) & (bottom-middle-square-x > 0.5) & (top-right-square-o <= 0.5) & (middle-left-square-o <= 0.5) & (middle-right-square-x <= 0.5),(middle-middle-square-o > 0.5) & (top-right-square-x > 0.5) & (top-left-square-x > 0.5) & (top-middle-square-x <= 0.5) & (bottom-middle-square-b <= 0.5) & (top-middle-square-b <= 0.5) & (bottom-middle-square-o <= 0.5) & (bottom-left-square-b <= 0.5) & (bottom-right-square-b <= 0.5) & (bottom-right-square-x <= 0.5) & (middle-left-square-o <= 0.5) & (bottom-left-square-o <= 0.5),(middle-middle-square-o > 0.5) & (bottom-right-square-x <= 0.5) & (top-left-square-x > 0.5) & (bottom-middle-square-x > 0.5) & (top-right-square-o <= 0.5) & (middle-left-square-o <= 0.5) & (middle-right-square-x <= 0.5),,
117,10,4,7,6,6,8,,(bottom-right-square-o <= 0.5) & (top-right-square-o <= 0.5) & (middle-left-square-b <= 0.5) & (bottom-middle-square-x <= 0.5) & (top-middle-square-b <= 0.5) & (top-left-square-x > 0.5) & (top-middle-square-x <= 0.5) & (bottom-middle-square-b > 0.5) & (bottom-left-square-x > 0.5) & (middle-left-square-o <= 0.5),(middle-middle-square-o > 0.5) & (bottom-left-square-x > 0.5) & (top-left-square-x > 0.5) & (middle-left-square-x > 0.5),(middle-middle-square-o > 0.5) & (top-left-square-x > 0.5) & (top-right-square-x > 0.5) & (top-middle-square-x <= 0.5) & (bottom-middle-square-b > 0.5) & (middle-right-square-o > 0.5) & (middle-left-square-o <= 0.5),(middle-middle-square-o > 0.5) & (bottom-right-square-x <= 0.5) & (top-left-square-x > 0.5) & (bottom-middle-square-x <= 0.5) & (top-middle-square-o > 0.5) & (bottom-middle-square-o <= 0.5),(middle-middle-square-o > 0.5) & (top-right-square-x > 0.5) & (top-left-square-x > 0.5) & (top-middle-square-x <= 0.5) & (bottom-middle-square-b > 0.5) & (middle-left-square-o <= 0.5),(middle-middle-square-o > 0.5) & (bottom-right-square-x <= 0.5) & (top-left-square-x > 0.5) & (bottom-middle-square-x <= 0.5) & (middle-right-square-x <= 0.5) & (bottom-right-square-o <= 0.5) & (middle-left-square-o <= 0.5) & (middle-right-square-b <= 0.5),
118,6,4,6,6,6,6,,(bottom-right-square-o > 0.5) & (top-right-square-o <= 0.5) & (middle-right-square-x <= 0.5) & (top-left-square-o <= 0.5) & (bottom-left-square-o <= 0.5) & (bottom-middle-square-x <= 0.5),(middle-middle-square-o > 0.5) & (bottom-left-square-x > 0.5) & (top-left-square-x > 0.5) & (middle-left-square-x > 0.5),(middle-middle-square-o > 0.5) & (top-left-square-x > 0.5) & (top-right-square-x > 0.5) & (top-middle-square-x <= 0.5) & (bottom-middle-square-b > 0.5) & (middle-right-square-o <= 0.5),(middle-middle-square-o > 0.5) & (bottom-right-square-x <= 0.5) & (top-left-square-x > 0.5) & (bottom-middle-square-x <= 0.5) & (top-middle-square-o > 0.5) & (bottom-middle-square-o <= 0.5),(middle-middle-square-o > 0.5) & (top-right-square-x > 0.5) & (top-left-square-x > 0.5) & (top-middle-square-x <= 0.5) & (bottom-middle-square-b > 0.5) & (middle-left-square-o <= 0.5),(middle-middle-square-o > 0.5) & (bottom-right-square-x <= 0.5) & (top-left-square-x > 0.5) & (bottom-middle-square-x <= 0.5) & (middle-right-square-x <= 0.5) & (bottom-right-square-o > 0.5),
119,10,3,3,3,3,,,(bottom-right-square-o <= 0.5) & (top-right-square-o <= 0.5) & (middle-left-square-b <= 0.5) & (bottom-middle-square-x <= 0.5) & (top-middle-square-b <= 0.5) & (top-left-square-x > 0.5) & (top-middle-square-x <= 0.5) & (bottom-middle-square-b <= 0.5) & (middle-right-square-o > 0.5) & (bottom-left-square-b <= 0.5),(middle-middle-square-o <= 0.5) & (top-right-square-o <= 0.5) & (bottom-left-square-o <= 0.5),(middle-middle-square-o <= 0.5) & (top-left-square-o <= 0.5) & (bottom-right-square-o <= 0.5),(middle-middle-square-o <= 0.5) & (bottom-left-square-o <= 0.5) & (top-right-square-o <= 0.5),(middle-middle-square-o <= 0.5) & (top-left-square-o <= 0.5) & (bottom-right-square-o <= 0.5),,
120,6,3,7,3,5,,,(bottom-right-square-o > 0.5) & (top-right-square-o <= 0.5) & (middle-right-square-x <= 0.5) & (top-left-square-o <= 0.5) & (bottom-left-square-o <= 0.5) & (bottom-middle-square-x <= 0.5),(middle-middle-square-o <= 0.5) & (top-right-square-o <= 0.5) & (bottom-left-square-o <= 0.5),(middle-middle-square-o <= 0.5) & (top-left-square-o <= 0.5) & (bottom-right-square-o > 0.5) & (top-right-square-o <= 0.5) & (bottom-middle-square-o <= 0.5) & (top-middle-square-o > 0.5) & (bottom-middle-square-x <= 0.5),(middle-middle-square-o <= 0.5) & (bottom-left-square-o <= 0.5) & (top-right-square-o <= 0.5),(middle-middle-square-o <= 0.5) & (top-left-square-o <= 0.5) & (bottom-right-square-o > 0.5) & (top-right-square-o <= 0.5) & (bottom-left-square-o <= 0.5),,
121,6,3,10,3,5,,,(bottom-right-square-o > 0.5) & (top-right-square-o <= 0.5) & (middle-right-square-x <= 0.5) & (top-left-square-o <= 0.5) & (bottom-left-square-o <= 0.5) & (bottom-middle-square-x <= 0.5),(middle-middle-square-o <= 0.5) & (top-right-square-o <= 0.5) & (bottom-left-square-o <= 0.5),(middle-middle-square-o <= 0.5) & (top-left-square-o <= 0.5) & (bottom-right-square-o > 0.5) & (top-right-square-o <= 0.5) & (bottom-middle-square-o > 0.5) & (top-middle-square-o > 0.5) & (top-left-square-x > 0.5) & (top-right-square-b <= 0.5) & (middle-right-square-x <= 0.5) & (middle-middle-square-x <= 0.5),(middle-middle-square-o <= 0.5) & (bottom-left-square-o <= 0.5) & (top-right-square-o <= 0.5),(middle-middle-square-o <= 0.5) & (top-left-square-o <= 0.5) & (bottom-right-square-o > 0.5) & (top-right-square-o <= 0.5) & (bottom-left-square-o <= 0.5),,
122,9,3,10,3,5,,,(bottom-right-square-o > 0.5) & (top-right-square-o <= 0.5) & (middle-right-square-x > 0.5) & (top-middle-square-o > 0.5) & (top-right-square-b <= 0.5) & (top-left-square-x > 0.5) & (bottom-left-square-x > 0.5) & (middle-left-square-o > 0.5) & (bottom-middle-square-o > 0.5),(middle-middle-square-o <= 0.5) & (top-right-square-o <= 0.5) & (bottom-left-square-o <= 0.5),(middle-middle-square-o <= 0.5) & (top-left-square-o <= 0.5) & (bottom-right-square-o > 0.5) & (top-right-square-o <= 0.5) & (bottom-middle-square-o > 0.5) & (top-middle-square-o > 0.5) & (top-left-square-x > 0.5) & (top-right-square-b <= 0.5) & (middle-right-square-x > 0.5) & (middle-left-square-o > 0.5),(middle-middle-square-o <= 0.5) & (bottom-left-square-o <= 0.5) & (top-right-square-o <= 0.5),(middle-middle-square-o <= 0.5) & (top-left-square-o <= 0.5) & (bottom-right-square-o > 0.5) & (top-right-square-o <= 0.5) & (bottom-left-square-o <= 0.5),,
123,11,11,3,4,3,,,(bottom-right-square-o <= 0.5) & (top-right-square-o <= 0.5) & (middle-left-square-b <= 0.5) & (bottom-middle-square-x <= 0.5) & (top-middle-square-b <= 0.5) & (top-left-square-x > 0.5) & (top-middle-square-x <= 0.5) & (bottom-middle-square-b <= 0.5) & (middle-right-square-o <= 0.5) & (middle-left-square-x <= 0.5) & (bottom-left-square-x <= 0.5),(middle-middle-square-o <= 0.5) & (top-right-square-o <= 0.5) & (bottom-left-square-o > 0.5) & (top-left-square-o <= 0.5) & (bottom-middle-square-o > 0.5) & (top-middle-square-o > 0.5) & (top-left-square-b <= 0.5) & (top-right-square-x > 0.5) & (middle-left-square-x <= 0.5) & (middle-middle-square-x > 0.5) & (middle-left-square-o > 0.5),(middle-middle-square-o <= 0.5) & (top-left-square-o <= 0.5) & (bottom-right-square-o <= 0.5),(middle-middle-square-o <= 0.5) & (bottom-left-square-o > 0.5) & (top-left-square-o <= 0.5) & (bottom-right-square-o <= 0.5),(middle-middle-square-o <= 0.5) & (top-left-square-o <= 0.5) & (bottom-right-square-o <= 0.5),,
124,9,3,10,3,5,,,(bottom-right-square-o > 0.5) & (top-right-square-o <= 0.5) & (middle-right-square-x <= 0.5) & (top-left-square-o <= 0.5) & (bottom-left-square-o <= 0.5) & (bottom-middle-square-x > 0.5) & (middle-left-square-o > 0.5) & (bottom-left-square-b <= 0.5) & (top-middle-square-o > 0.5),(middle-middle-square-o <= 0.5) & (top-right-square-o <= 0.5) & (bottom-left-square-o <= 0.5),(middle-middle-square-o <= 0.5) & (top-left-square-o <= 0.5) & (bottom-right-square-o > 0.5) & (top-right-square-o <= 0.5) & (bottom-middle-square-o <= 0.5) & (top-middle-square-o > 0.5) & (bottom-middle-square-x > 0.5) & (top-left-square-b <= 0.5) & (middle-right-square-x <= 0.5) & (middle-left-square-x <= 0.5),(middle-middle-square-o <= 0.5) & (bottom-left-square-o <= 0.5) & (top-right-square-o <= 0.5),(middle-middle-square-o <= 0.5) & (top-left-square-o <= 0.5) & (bottom-right-square-o > 0.5) & (top-right-square-o <= 0.5) & (bottom-left-square-o <= 0.5),,
125,10,3,3,3,3,,,(bottom-right-square-o <= 0.5) & (top-right-square-o <= 0.5) & (middle-left-square-b <= 0.5) & (bottom-middle-square-x <= 0.5) & (top-middle-square-b <= 0.5) & (top-left-square-x > 0.5) & (top-middle-square-x <= 0.5) & (bottom-middle-square-b <= 0.5) & (middle-right-square-o > 0.5) & (bottom-left-square-b <= 0.5),(middle-middle-square-o <= 0.5) & (top-right-square-o <= 0.5) & (bottom-left-square-o <= 0.5),(middle-middle-square-o <= 0.5) & (top-left-square-o <= 0.5) & (bottom-right-square-o <= 0.5),(middle-middle-square-o <= 0.5) & (bottom-left-square-o <= 0.5) & (top-right-square-o <= 0.5),(middle-middle-square-o <= 0.5) & (top-left-square-o <= 0.5) & (bottom-right-square-o <= 0.5),,
126,11,3,3,3,3,,,(bottom-right-square-o <= 0.5) & (top-right-square-o <= 0.5) & (middle-left-square-b <= 0.5) & (bottom-middle-square-x <= 0.5) & (top-middle-square-b <= 0.5) & (top-left-square-x > 0.5) & (top-middle-square-x <= 0.5) & (bottom-middle-square-b > 0.5) & (bottom-left-square-x > 0.5) & (middle-left-square-o > 0.5) & (bottom-right-square-b > 0.5),(middle-middle-square-o <= 0.5) & (top-right-square-o <= 0.5) & (bottom-left-square-o <= 0.5),(middle-middle-square-o <= 0.5) & (top-left-square-o <= 0.5) & (bottom-right-square-o <= 0.5),(middle-middle-square-o <= 0.5) & (bottom-left-square-o <= 0.5) & (top-right-square-o <= 0.5),(middle-middle-square-o <= 0.5) & (top-left-square-o <= 0.5) & (bottom-right-square-o <= 0.5),,
127,12,11,3,4,3,,,(bottom-right-square-o <= 0.5) & (top-right-square-o <= 0.5) & (middle-left-square-b <= 0.5) & (bottom-middle-square-x > 0.5) & (bottom-left-square-x <= 0.5) & (top-left-square-o <= 0.5) & (middle-right-square-o > 0.5) & (bottom-left-square-o > 0.5) & (bottom-right-square-x > 0.5) & (top-right-square-b <= 0.5) & (top-middle-square-o > 0.5) & (middle-left-square-o > 0.5),(middle-middle-square-o <= 0.5) & (top-right-square-o <= 0.5) & (bottom-left-square-o > 0.5) & (top-left-square-o <= 0.5) & (bottom-middle-square-o <= 0.5) & (top-middle-square-o > 0.5) & (bottom-middle-square-x > 0.5) & (top-right-square-x > 0.5) & (middle-middle-square-x > 0.5) & (middle-left-square-o > 0.5) & (middle-right-square-o > 0.5),(middle-middle-square-o <= 0.5) & (top-left-square-o <= 0.5) & (bottom-right-square-o <= 0.5),(middle-middle-square-o <= 0.5) & (bottom-left-square-o > 0.5) & (top-left-square-o <= 0.5) & (bottom-right-square-o <= 0.5),(middle-middle-square-o <= 0.5) & (top-left-square-o <= 0.5) & (bottom-right-square-o <= 0.5),,
128,9,3,3,3,3,,,(bottom-right-square-o <= 0.5) & (top-right-square-o <= 0.5) & (middle-left-square-b <= 0.5) & (bottom-middle-square-x <= 0.5) & (top-middle-square-b <= 0.5) & (top-left-square-x > 0.5) & (top-middle-square-x <= 0.5) & (bottom-middle-square-b > 0.5) & (bottom-left-square-x <= 0.5),(middle-middle-square-o <= 0.5) & (top-right-square-o <= 0.5) & (bottom-left-square-o <= 0.5),(middle-middle-square-o <= 0.5) & (top-left-square-o <= 0.5) & (bottom-right-square-o <= 0.5),(middle-middle-square-o <= 0.5) & (bottom-left-square-o <= 0.5) & (top-right-square-o <= 0.5),(middle-middle-square-o <= 0.5) & (top-left-square-o <= 0.5) & (bottom-right-square-o <= 0.5),,
129,13,3,3,3,3,,,(bottom-right-square-o <= 0.5) & (top-right-square-o <= 0.5) & (middle-left-square-b <= 0.5) & (bottom-middle-square-x <= 0.5) & (top-middle-square-b <= 0.5) & (top-left-square-x > 0.5) & (top-middle-square-x <= 0.5) & (bottom-middle-square-b <= 0.5) & (middle-right-square-o <= 0.5) & (middle-left-square-x <= 0.5) & (bottom-left-square-x > 0.5) & (middle-right-square-b > 0.5) & (bottom-right-square-x <= 0.5),(middle-middle-square-o <= 0.5) & (top-right-square-o <= 0.5) & (bottom-left-square-o <= 0.5),(middle-middle-square-o <= 0.5) & (top-left-square-o <= 0.5) & (bottom-right-square-o <= 0.5),(middle-middle-square-o <= 0.5) & (bottom-left-square-o <= 0.5) & (top-right-square-o <= 0.5),(middle-middle-square-o <= 0.5) & (top-left-square-o <= 0.5) & (bottom-right-square-o <= 0.5),,
130,6,3,7,3,5,,,(bottom-right-square-o > 0.5) & (top-right-square-o <= 0.5) & (middle-right-square-x <= 0.5) & (top-left-square-o <= 0.5) & (bottom-left-square-o <= 0.5) & (bottom-middle-square-x <= 0.5),(middle-middle-square-o <= 0.5) & (top-right-square-o <= 0.5) & (bottom-left-square-o <= 0.5),(middle-middle-square-o <= 0.5) & (top-left-square-o <= 0.5) & (bottom-right-square-o > 0.5) & (top-right-square-o <= 0.5) & (bottom-middle-square-o <= 0.5) & (top-middle-square-o > 0.5) & (bottom-middle-square-x <= 0.5),(middle-middle-square-o <= 0.5) & (bottom-left-square-o <= 0.5) & (top-right-square-o <= 0.5),(middle-middle-square-o <= 0.5) & (top-left-square-o <= 0.5) & (bottom-right-square-o > 0.5) & (top-right-square-o <= 0.5) & (bottom-left-square-o <= 0.5),,
131,9,7,3,4,3,,,(bottom-right-square-o <= 0.5) & (top-right-square-o <= 0.5) & (middle-left-square-b <= 0.5) & (bottom-middle-square-x <= 0.5) & (top-middle-square-b <= 0.5) & (top-left-square-x > 0.5) & (top-middle-square-x <= 0.5) & (bottom-middle-square-b > 0.5) & (bottom-left-square-x <= 0.5),(middle-middle-square-o <= 0.5) & (top-right-square-o <= 0.5) & (bottom-left-square-o > 0.5) & (top-left-square-o <= 0.5) & (bottom-middle-square-o <= 0.5) & (top-middle-square-o > 0.5) & (bottom-middle-square-x <= 0.5),(middle-middle-square-o <= 0.5) & (top-left-square-o <= 0.5) & (bottom-right-square-o <= 0.5),(middle-middle-square-o <= 0.5) & (bottom-left-square-o > 0.5) & (top-left-square-o <= 0.5) & (bottom-right-square-o <= 0.5),(middle-middle-square-o <= 0.5) & (top-left-square-o <= 0.5) & (bottom-right-square-o <= 0.5),,
132,11,3,3,3,3,,,(bottom-right-square-o <= 0.5) & (top-right-square-o <= 0.5) & (middle-left-square-b <= 0.5) & (bottom-middle-square-x <= 0.5) & (top-middle-square-b <= 0.5) & (top-left-square-x > 0.5) & (top-middle-square-x <= 0.5) & (bottom-middle-square-b <= 0.5) & (middle-right-square-o <= 0.5) & (middle-left-square-x <= 0.5) & (bottom-left-square-x <= 0.5),(middle-middle-square-o <= 0.5) & (top-right-square-o <= 0.5) & (bottom-left-square-o <= 0.5),(middle-middle-square-o <= 0.5) & (top-left-square-o <= 0.5) & (bottom-right-square-o <= 0.5),(middle-middle-square-o <= 0.5) & (bottom-left-square-o <= 0.5) & (top-right-square-o <= 0.5),(middle-middle-square-o <= 0.5) & (top-left-square-o <= 0.5) & (bottom-right-square-o <= 0.5),,
133,7,7,4,4,11,4,,(bottom-right-square-o <= 0.5) & (top-right-square-o <= 0.5) & (middle-left-square-b <= 0.5) & (bottom-middle-square-x > 0.5) & (bottom-left-square-x <= 0.5) & (top-left-square-o <= 0.5) & (middle-right-square-o <= 0.5),(middle-middle-square-o > 0.5) & (bottom-left-square-x <= 0.5) & (top-right-square-x > 0.5) & (bottom-middle-square-x > 0.5) & (top-left-square-o <= 0.5) & (middle-right-square-o <= 0.5) & (middle-left-square-x <= 0.5),(middle-middle-square-o > 0.5) & (bottom-right-square-x > 0.5) & (top-right-square-x > 0.5) & (middle-right-square-x > 0.5),(middle-middle-square-o > 0.5) & (bottom-right-square-x > 0.5) & (top-right-square-x > 0.5) & (middle-right-square-x > 0.5),(middle-middle-square-o > 0.5) & (top-right-square-x > 0.5) & (top-left-square-x > 0.5) & (top-middle-square-x <= 0.5) & (bottom-middle-square-b <= 0.5) & (top-middle-square-b <= 0.5) & (bottom-middle-square-o <= 0.5) & (bottom-left-square-b <= 0.5) & (bottom-right-square-b <= 0.5) & (bottom-right-square-x > 0.5) & (middle-left-square-o > 0.5),(middle-middle-square-o > 0.5) & (bottom-right-square-x > 0.5) & (top-right-square-x > 0.5) & (middle-right-square-x > 0.5),
134,9,6,6,4,4,9,4,(bottom-right-square-o <= 0.5) & (top-right-square-o <= 0.5) & (middle-left-square-b <= 0.5) & (bottom-middle-square-x <= 0.5) & (top-middle-square-b <= 0.5) & (top-left-square-x > 0.5) & (top-middle-square-x <= 0.5) & (bottom-middle-square-b > 0.5) & (bottom-left-square-x <= 0.5),(middle-middle-square-o > 0.5) & (bottom-left-square-x <= 0.5) & (top-right-square-x > 0.5) & (bottom-middle-square-x <= 0.5) & (top-middle-square-o > 0.5) & (bottom-middle-square-o <= 0.5),(middle-middle-square-o > 0.5) & (top-left-square-x > 0.5) & (top-right-square-x > 0.5) & (top-middle-square-x <= 0.5) & (bottom-middle-square-b > 0.5) & (middle-right-square-o <= 0.5),(middle-middle-square-o > 0.5) & (bottom-right-square-x > 0.5) & (top-right-square-x > 0.5) & (middle-right-square-x > 0.5),(middle-middle-square-o > 0.5) & (bottom-right-square-x > 0.5) & (top-right-square-x > 0.5) & (middle-right-square-x > 0.5),(middle-middle-square-o > 0.5) & (top-right-square-x > 0.5) & (top-left-square-x > 0.5) & (top-middle-square-x <= 0.5) & (bottom-middle-square-b > 0.5) & (middle-left-square-o > 0.5) & (bottom-left-square-x <= 0.5) & (bottom-left-square-b > 0.5) & (top-middle-square-o > 0.5),(middle-middle-square-o > 0.5) & (bottom-right-square-x > 0.5) & (top-right-square-x > 0.5) & (middle-right-square-x > 0.5)
135,9,7,3,4,3,,,(bottom-right-square-o <= 0.5) & (top-right-square-o <= 0.5) & (middle-left-square-b <= 0.5) & (bottom-middle-square-x <= 0.5) & (top-middle-square-b <= 0.5) & (top-left-square-x > 0.5) & (top-middle-square-x <= 0.5) & (bottom-middle-square-b > 0.5) & (bottom-left-square-x <= 0.5),(middle-middle-square-o <= 0.5) & (top-right-square-o <= 0.5) & (bottom-left-square-o > 0.5) & (top-left-square-o <= 0.5) & (bottom-middle-square-o <= 0.5) & (top-middle-square-o > 0.5) & (bottom-middle-square-x <= 0.5),(middle-middle-square-o <= 0.5) & (top-left-square-o <= 0.5) & (bottom-right-square-o <= 0.5),(middle-middle-square-o <= 0.5) & (bottom-left-square-o > 0.5) & (top-left-square-o <= 0.5) & (bottom-right-square-o <= 0.5),(middle-middle-square-o <= 0.5) & (top-left-square-o <= 0.5) & (bottom-right-square-o <= 0.5),,
136,11,3,3,3,3,,,(bottom-right-square-o <= 0.5) & (top-right-square-o <= 0.5) & (middle-left-square-b <= 0.5) & (bottom-middle-square-x <= 0.5) & (top-middle-square-b <= 0.5) & (top-left-square-x > 0.5) & (top-middle-square-x <= 0.5) & (bottom-middle-square-b <= 0.5) & (middle-right-square-o <= 0.5) & (middle-left-square-x <= 0.5) & (bottom-left-square-x <= 0.5),(middle-middle-square-o <= 0.5) & (top-right-square-o <= 0.5) & (bottom-left-square-o <= 0.5),(middle-middle-square-o <= 0.5) & (top-left-square-o <= 0.5) & (bottom-right-square-o <= 0.5),(middle-middle-square-o <= 0.5) & (bottom-left-square-o <= 0.5) & (top-right-square-o <= 0.5),(middle-middle-square-o <= 0.5) & (top-left-square-o <= 0.5) & (bottom-right-square-o <= 0.5),,
137,10,3,3,3,3,,,(bottom-right-square-o <= 0.5) & (top-right-square-o <= 0.5) & (middle-left-square-b > 0.5) & (bottom-middle-square-o > 0.5) & (top-middle-square-o > 0.5) & (bottom-left-square-o <= 0.5) & (top-left-square-o <= 0.5) & (middle-right-square-o > 0.5) & (top-left-square-x > 0.5) & (bottom-right-square-b > 0.5),(middle-middle-square-o <= 0.5) & (top-right-square-o <= 0.5) & (bottom-left-square-o <= 0.5),(middle-middle-square-o <= 0.5) & (top-left-square-o <= 0.5) & (bottom-right-square-o <= 0.5),(middle-middle-square-o <= 0.5) & (bottom-left-square-o <= 0.5) & (top-right-square-o <= 0.5),(middle-middle-square-o <= 0.5) & (top-left-square-o <= 0.5) & (bottom-right-square-o <= 0.5),,
138,6,3,7,3,5,,,(bottom-right-square-o > 0.5) & (top-right-square-o <= 0.5) & (middle-right-square-x <= 0.5) & (top-left-square-o <= 0.5) & (bottom-left-square-o <= 0.5) & (bottom-middle-square-x <= 0.5),(middle-middle-square-o <= 0.5) & (top-right-square-o <= 0.5) & (bottom-left-square-o <= 0.5),(middle-middle-square-o <= 0.5) & (top-left-square-o <= 0.5) & (bottom-right-square-o > 0.5) & (top-right-square-o <= 0.5) & (bottom-middle-square-o <= 0.5) & (top-middle-square-o > 0.5) & (bottom-middle-square-x <= 0.5),(middle-middle-square-o <= 0.5) & (bottom-left-square-o <= 0.5) & (top-right-square-o <= 0.5),(middle-middle-square-o <= 0.5) & (top-left-square-o <= 0.5) & (bottom-right-square-o > 0.5) & (top-right-square-o <= 0.5) & (bottom-left-square-o <= 0.5),,
139,4,7,3,4,3,,,(bottom-right-square-o <= 0.5) & (top-right-square-o <= 0.5) & (middle-left-square-b > 0.5) & (bottom-middle-square-o <= 0.5),(middle-middle-square-o <= 0.5) & (top-right-square-o <= 0.5) & (bottom-left-square-o > 0.5) & (top-left-square-o <= 0.5) & (bottom-middle-square-o <= 0.5) & (top-middle-square-o > 0.5) & (bottom-middle-square-x <= 0.5),(middle-middle-square-o <= 0.5) & (top-left-square-o <= 0.5) & (bottom-right-square-o <= 0.5),(middle-middle-square-o <= 0.5) & (bottom-left-square-o > 0.5) & (top-left-square-o <= 0.5) & (bottom-right-square-o <= 0.5),(middle-middle-square-o <= 0.5) & (top-left-square-o <= 0.5) & (bottom-right-square-o <= 0.5),,
140,12,3,3,3,3,,,(bottom-right-square-o <= 0.5) & (top-right-square-o <= 0.5) & (middle-left-square-b > 0.5) & (bottom-middle-square-o > 0.5) & (top-middle-square-o > 0.5) & (bottom-left-square-o <= 0.5) & (top-left-square-o <= 0.5) & (middle-right-square-o > 0.5) & (top-left-square-x > 0.5) & (bottom-right-square-b <= 0.5) & (top-right-square-x > 0.5) & (bottom-left-square-b > 0.5),(middle-middle-square-o <= 0.5) & (top-right-square-o <= 0.5) & (bottom-left-square-o <= 0.5),(middle-middle-square-o <= 0.5) & (top-left-square-o <= 0.5) & (bottom-right-square-o <= 0.5),(middle-middle-square-o <= 0.5) & (bottom-left-square-o <= 0.5) & (top-right-square-o <= 0.5),(middle-middle-square-o <= 0.5) & (top-left-square-o <= 0.5) & (bottom-right-square-o <= 0.5),,
141,6,3,11,3,5,,,(bottom-right-square-o > 0.5) & (top-right-square-o <= 0.5) & (middle-right-square-x <= 0.5) & (top-left-square-o <= 0.5) & (bottom-left-square-o <= 0.5) & (bottom-middle-square-x <= 0.5),(middle-middle-square-o <= 0.5) & (top-right-square-o <= 0.5) & (bottom-left-square-o <= 0.5),(middle-middle-square-o <= 0.5) & (top-left-square-o <= 0.5) & (bottom-right-square-o > 0.5) & (top-right-square-o <= 0.5) & (bottom-middle-square-o > 0.5) & (top-middle-square-o > 0.5) & (top-left-square-x > 0.5) & (top-right-square-b <= 0.5) & (middle-right-square-x <= 0.5) & (middle-middle-square-x > 0.5) & (middle-left-square-b > 0.5),(middle-middle-square-o <= 0.5) & (bottom-left-square-o <= 0.5) & (top-right-square-o <= 0.5),(middle-middle-square-o <= 0.5) & (top-left-square-o <= 0.5) & (bottom-right-square-o > 0.5) & (top-right-square-o <= 0.5) & (bottom-left-square-o <= 0.5),,
142,6,12,3,4,3,,,(bottom-right-square-o <= 0.5) & (top-right-square-o <= 0.5) & (middle-left-square-b > 0.5) & (bottom-middle-square-o > 0.5) & (top-middle-square-o > 0.5) & (bottom-left-square-o > 0.5),(middle-middle-square-o <= 0.5) & (top-right-square-o <= 0.5) & (bottom-left-square-o > 0.5) & (top-left-square-o <= 0.5) & (bottom-middle-square-o > 0.5) & (top-middle-square-o > 0.5) & (top-left-square-b <= 0.5) & (top-right-square-x > 0.5) & (middle-left-square-x <= 0.5) & (middle-middle-square-x > 0.5) & (middle-left-square-o <= 0.5) & (middle-right-square-b > 0.5),(middle-middle-square-o <= 0.5) & (top-left-square-o <= 0.5) & (bottom-right-square-o <= 0.5),(middle-middle-square-o <= 0.5) & (bottom-left-square-o > 0.5) & (top-left-square-o <= 0.5) & (bottom-right-square-o <= 0.5),(middle-middle-square-o <= 0.5) & (top-left-square-o <= 0.5) & (bottom-right-square-o <= 0.5),,
143,4,6,6,4,4,6,4,(bottom-right-square-o <= 0.5) & (top-right-square-o <= 0.5) & (middle-left-square-b > 0.5) & (bottom-middle-square-o <= 0.5),(middle-middle-square-o > 0.5) & (bottom-left-square-x <= 0.5) & (top-right-square-x > 0.5) & (bottom-middle-square-x <= 0.5) & (top-middle-square-o > 0.5) & (bottom-middle-square-o <= 0.5),(middle-middle-square-o > 0.5) & (top-left-square-x > 0.5) & (top-right-square-x > 0.5) & (top-middle-square-x <= 0.5) & (bottom-middle-square-b > 0.5) & (middle-right-square-o <= 0.5),(middle-middle-square-o > 0.5) & (bottom-right-square-x > 0.5) & (top-right-square-x > 0.5) & (middle-right-square-x > 0.5),(middle-middle-square-o > 0.5) & (bottom-right-square-x > 0.5) & (top-right-square-x > 0.5) & (middle-right-square-x > 0.5),(middle-middle-square-o > 0.5) & (top-right-square-x > 0.5) & (top-left-square-x > 0.5) & (top-middle-square-x <= 0.5) & (bottom-middle-square-b > 0.5) & (middle-left-square-o <= 0.5),(middle-middle-square-o > 0.5) & (bottom-right-square-x > 0.5) & (top-right-square-x > 0.5) & (middle-right-square-x > 0.5)
144,6,10,3,4,3,,,(bottom-right-square-o <= 0.5) & (top-right-square-o <= 0.5) & (middle-left-square-b > 0.5) & (bottom-middle-square-o > 0.5) & (top-middle-square-o > 0.5) & (bottom-left-square-o > 0.5),(middle-middle-square-o <= 0.5) & (top-right-square-o <= 0.5) & (bottom-left-square-o > 0.5) & (top-left-square-o <= 0.5) & (bottom-middle-square-o > 0.5) & (top-middle-square-o > 0.5) & (top-left-square-b <= 0.5) & (top-right-square-x > 0.5) & (middle-left-square-x <= 0.5) & (middle-middle-square-x <= 0.5),(middle-middle-square-o <= 0.5) & (top-left-square-o <= 0.5) & (bottom-right-square-o <= 0.5),(middle-middle-square-o <= 0.5) & (bottom-left-square-o > 0.5) & (top-left-square-o <= 0.5) & (bottom-right-square-o <= 0.5),(middle-middle-square-o <= 0.5) & (top-left-square-o <= 0.5) & (bottom-right-square-o <= 0.5),,
145,8,6,7,7,8,,,(bottom-right-square-o > 0.5) & (top-right-square-o > 0.5) & (middle-right-square-o <= 0.5) & (bottom-left-square-b <= 0.5) & (top-left-square-o <= 0.5) & (top-middle-square-x <= 0.5) & (middle-left-square-o <= 0.5) & (bottom-left-square-o <= 0.5),(middle-middle-square-o <= 0.5) & (top-right-square-o > 0.5) & (top-left-square-o <= 0.5) & (middle-right-square-o <= 0.5) & (top-middle-square-x <= 0.5) & (middle-left-square-o <= 0.5),(middle-middle-square-o <= 0.5) & (top-left-square-o <= 0.5) & (bottom-right-square-o > 0.5) & (top-right-square-o > 0.5) & (middle-right-square-o <= 0.5) & (bottom-middle-square-o > 0.5) & (top-middle-square-x <= 0.5),(middle-middle-square-o <= 0.5) & (bottom-left-square-o <= 0.5) & (top-right-square-o > 0.5) & (bottom-right-square-o > 0.5) & (middle-left-square-b <= 0.5) & (bottom-middle-square-o > 0.5) & (top-middle-square-x <= 0.5),(middle-middle-square-o <= 0.5) & (top-left-square-o <= 0.5) & (bottom-right-square-o > 0.5) & (top-right-square-o > 0.5) & (middle-right-square-o <= 0.5) & (bottom-middle-square-o > 0.5) & (bottom-left-square-o <= 0.5) & (middle-left-square-x > 0.5),,
146,10,6,7,10,7,,,(bottom-right-square-o > 0.5) & (top-right-square-o > 0.5) & (middle-right-square-o <= 0.5) & (bottom-left-square-b <= 0.5) & (top-left-square-o <= 0.5) & (top-middle-square-x <= 0.5) & (middle-left-square-o <= 0.5) & (bottom-left-square-o > 0.5) & (bottom-middle-square-x > 0.5) & (top-middle-square-b <= 0.5),(middle-middle-square-o <= 0.5) & (top-right-square-o > 0.5) & (top-left-square-o <= 0.5) & (middle-right-square-o <= 0.5) & (top-middle-square-x <= 0.5) & (middle-left-square-o <= 0.5),(middle-middle-square-o <= 0.5) & (top-left-square-o <= 0.5) & (bottom-right-square-o > 0.5) & (top-right-square-o > 0.5) & (middle-right-square-o <= 0.5) & (bottom-middle-square-o <= 0.5) & (middle-left-square-o <= 0.5),(middle-middle-square-o <= 0.5) & (bottom-left-square-o > 0.5) & (top-left-square-o <= 0.5) & (bottom-right-square-o > 0.5) & (bottom-middle-square-o <= 0.5) & (top-left-square-b <= 0.5) & (middle-left-square-x > 0.5) & (bottom-middle-square-x > 0.5) & (top-middle-square-o > 0.5) & (top-right-square-o > 0.5),(middle-middle-square-o <= 0.5) & (top-left-square-o <= 0.5) & (bottom-right-square-o > 0.5) & (top-right-square-o > 0.5) & (middle-right-square-o <= 0.5) & (bottom-middle-square-o <= 0.5) & (middle-left-square-o <= 0.5),,
147,12,6,3,4,3,,,(bottom-right-square-o <= 0.5) & (top-right-square-o > 0.5) & (middle-right-square-x > 0.5) & (bottom-middle-square-o > 0.5) & (bottom-right-square-x > 0.5) & (bottom-left-square-x <= 0.5) & (top-left-square-o <= 0.5) & (top-middle-square-x <= 0.5) & (middle-left-square-x > 0.5) & (top-left-square-b <= 0.5) & (top-middle-square-b <= 0.5) & (bottom-left-square-o > 0.5),(middle-middle-square-o <= 0.5) & (top-right-square-o > 0.5) & (top-left-square-o <= 0.5) & (middle-right-square-o <= 0.5) & (top-middle-square-x <= 0.5) & (middle-left-square-o <= 0.5),(middle-middle-square-o <= 0.5) & (top-left-square-o <= 0.5) & (bottom-right-square-o <= 0.5),(middle-middle-square-o <= 0.5) & (bottom-left-square-o > 0.5) & (top-left-square-o <= 0.5) & (bottom-right-square-o <= 0.5),(middle-middle-square-o <= 0.5) & (top-left-square-o <= 0.5) & (bottom-right-square-o <= 0.5),,
148,12,6,3,4,3,,,(bottom-right-square-o <= 0.5) & (top-right-square-o > 0.5) & (middle-right-square-x > 0.5) & (bottom-middle-square-o <= 0.5) & (middle-left-square-b <= 0.5) & (top-left-square-o <= 0.5) & (bottom-left-square-o > 0.5) & (top-middle-square-o > 0.5) & (middle-left-square-x > 0.5) & (top-left-square-x > 0.5) & (bottom-middle-square-x <= 0.5) & (bottom-right-square-b > 0.5),(middle-middle-square-o <= 0.5) & (top-right-square-o > 0.5) & (top-left-square-o <= 0.5) & (middle-right-square-o <= 0.5) & (top-middle-square-x <= 0.5) & (middle-left-square-o <= 0.5),(middle-middle-square-o <= 0.5) & (top-left-square-o <= 0.5) & (bottom-right-square-o <= 0.5),(middle-middle-square-o <= 0.5) & (bottom-left-square-o > 0.5) & (top-left-square-o <= 0.5) & (bottom-right-square-o <= 0.5),(middle-middle-square-o <= 0.5) & (top-left-square-o <= 0.5) & (bottom-right-square-o <= 0.5),,
149,6,6,3,5,3,,,(bottom-right-square-o <= 0.5) & (top-right-square-o > 0.5) & (middle-right-square-x > 0.5) & (bottom-middle-square-o > 0.5) & (bottom-right-square-x <= 0.5) & (bottom-left-square-o <= 0.5),(middle-middle-square-o <= 0.5) & (top-right-square-o > 0.5) & (top-left-square-o <= 0.5) & (middle-right-square-o <= 0.5) & (top-middle-square-x <= 0.5) & (middle-left-square-o <= 0.5),(middle-middle-square-o <= 0.5) & (top-left-square-o <= 0.5) & (bottom-right-square-o <= 0.5),(middle-middle-square-o <= 0.5) & (bottom-left-square-o <= 0.5) & (top-right-square-o > 0.5) & (bottom-right-square-o <= 0.5) & (top-left-square-o <= 0.5),(middle-middle-square-o <= 0.5) & (top-left-square-o <= 0.5) & (bottom-right-square-o <= 0.5),,
150,5,6,7,12,7,,,(bottom-right-square-o > 0.5) & (top-right-square-o > 0.5) & (middle-right-square-o <= 0.5) & (bottom-left-square-b > 0.5) & (top-left-square-o <= 0.5),(middle-middle-square-o <= 0.5) & (top-right-square-o > 0.5) & (top-left-square-o <= 0.5) & (middle-right-square-o <= 0.5) & (top-middle-square-x <= 0.5) & (middle-left-square-o <= 0.5),(middle-middle-square-o <= 0.5) & (top-left-square-o <= 0.5) & (bottom-right-square-o > 0.5) & (top-right-square-o > 0.5) & (middle-right-square-o <= 0.5) & (bottom-middle-square-o <= 0.5) & (middle-left-square-o <= 0.5),(middle-middle-square-o <= 0.5) & (bottom-left-square-o <= 0.5) & (top-right-square-o > 0.5) & (bottom-right-square-o > 0.5) & (middle-left-square-b <= 0.5) & (bottom-middle-square-o <= 0.5) & (middle-middle-square-b <= 0.5) & (bottom-left-square-b > 0.5) & (top-left-square-o <= 0.5) & (middle-left-square-o <= 0.5) & (top-middle-square-o > 0.5) & (bottom-middle-square-x <= 0.5),(middle-middle-square-o <= 0.5) & (top-left-square-o <= 0.5) & (bottom-right-square-o > 0.5) & (top-right-square-o > 0.5) & (middle-right-square-o <= 0.5) & (bottom-middle-square-o <= 0.5) & (middle-left-square-o <= 0.5),,
151,6,6,3,5,3,,,(bottom-right-square-o <= 0.5) & (top-right-square-o > 0.5) & (middle-right-square-x <= 0.5) & (bottom-left-square-o <= 0.5) & (top-left-square-o <= 0.5) & (top-middle-square-x <= 0.5),(middle-middle-square-o <= 0.5) & (top-right-square-o > 0.5) & (top-left-square-o <= 0.5) & (middle-right-square-o > 0.5) & (top-middle-square-o > 0.5) & (bottom-middle-square-x <= 0.5),(middle-middle-square-o <= 0.5) & (top-left-square-o <= 0.5) & (bottom-right-square-o <= 0.5),(middle-middle-square-o <= 0.5) & (bottom-left-square-o <= 0.5) & (top-right-square-o > 0.5) & (bottom-right-square-o <= 0.5) & (top-left-square-o <= 0.5),(middle-middle-square-o <= 0.5) & (top-left-square-o <= 0.5) & (bottom-right-square-o <= 0.5),,
152,6,6,3,5,3,,,(bottom-right-square-o <= 0.5) & (top-right-square-o > 0.5) & (middle-right-square-x <= 0.5) & (bottom-left-square-o <= 0.5) & (top-left-square-o <= 0.5) & (top-middle-square-x <= 0.5),(middle-middle-square-o <= 0.5) & (top-right-square-o > 0.5) & (top-left-square-o <= 0.5) & (middle-right-square-o > 0.5) & (top-middle-square-o > 0.5) & (bottom-middle-square-x <= 0.5),(middle-middle-square-o <= 0.5) & (top-left-square-o <= 0.5) & (bottom-right-square-o <= 0.5),(middle-middle-square-o <= 0.5) & (bottom-left-square-o <= 0.5) & (top-right-square-o > 0.5) & (bottom-right-square-o <= 0.5) & (top-left-square-o <= 0.5),(middle-middle-square-o <= 0.5) & (top-left-square-o <= 0.5) & (bottom-right-square-o <= 0.5),,
153,8,9,3,4,3,,,(bottom-right-square-o <= 0.5) & (top-right-square-o > 0.5) & (middle-right-square-x <= 0.5) & (bottom-left-square-o > 0.5) & (middle-left-square-x > 0.5) & (middle-right-square-o > 0.5) & (top-left-square-o <= 0.5) & (top-middle-square-o > 0.5),(middle-middle-square-o <= 0.5) & (top-right-square-o > 0.5) & (top-left-square-o <= 0.5) & (middle-right-square-o > 0.5) & (top-middle-square-o > 0.5) & (bottom-middle-square-x > 0.5) & (middle-middle-square-b <= 0.5) & (middle-left-square-x > 0.5) & (bottom-left-square-o > 0.5),(middle-middle-square-o <= 0.5) & (top-left-square-o <= 0.5) & (bottom-right-square-o <= 0.5),(middle-middle-square-o <= 0.5) & (bottom-left-square-o > 0.5) & (top-left-square-o <= 0.5) & (bottom-right-square-o <= 0.5),(middle-middle-square-o <= 0.5) & (top-left-square-o <= 0.5) & (bottom-right-square-o <= 0.5),,
154,6,6,3,5,3,,,(bottom-right-square-o <= 0.5) & (top-right-square-o > 0.5) & (middle-right-square-x <= 0.5) & (bottom-left-square-o <= 0.5) & (top-left-square-o <= 0.5) & (top-middle-square-x <= 0.5),(middle-middle-square-o <= 0.5) & (top-right-square-o > 0.5) & (top-left-square-o <= 0.5) & (middle-right-square-o > 0.5) & (top-middle-square-o > 0.5) & (bottom-middle-square-x <= 0.5),(middle-middle-square-o <= 0.5) & (top-left-square-o <= 0.5) & (bottom-right-square-o <= 0.5),(middle-middle-square-o <= 0.5) & (bottom-left-square-o <= 0.5) & (top-right-square-o > 0.5) & (bottom-right-square-o <= 0.5) & (top-left-square-o <= 0.5),(middle-middle-square-o <= 0.5) & (top-left-square-o <= 0.5) & (bottom-right-square-o <= 0.5),,
155,6,6,3,5,3,,,(bottom-right-square-o <= 0.5) & (top-right-square-o > 0.5) & (middle-right-square-x <= 0.5) & (bottom-left-square-o <= 0.5) & (top-left-square-o <= 0.5) & (top-middle-square-x <= 0.5),(middle-middle-square-o <= 0.5) & (top-right-square-o > 0.5) & (top-left-square-o <= 0.5) & (middle-right-square-o <= 0.5) & (top-middle-square-x <= 0.5) & (middle-left-square-o <= 0.5),(middle-middle-square-o <= 0.5) & (top-left-square-o <= 0.5) & (bottom-right-square-o <= 0.5),(middle-middle-square-o <= 0.5) & (bottom-left-square-o <= 0.5) & (top-right-square-o > 0.5) & (bottom-right-square-o <= 0.5) & (top-left-square-o <= 0.5),(middle-middle-square-o <= 0.5) & (top-left-square-o <= 0.5) & (bottom-right-square-o <= 0.5),,
156,8,6,7,10,7,,,(bottom-right-square-o > 0.5) & (top-right-square-o > 0.5) & (middle-right-square-o <= 0.5) & (bottom-left-square-b <= 0.5) & (top-left-square-o <= 0.5) & (top-middle-square-x <= 0.5) & (middle-left-square-o <= 0.5) & (bottom-left-square-o <= 0.5),(middle-middle-square-o <= 0.5) & (top-right-square-o > 0.5) & (top-left-square-o <= 0.5) & (middle-right-square-o <= 0.5) & (top-middle-square-x <= 0.5) & (middle-left-square-o <= 0.5),(middle-middle-square-o <= 0.5) & (top-left-square-o <= 0.5) & (bottom-right-square-o > 0.5) & (top-right-square-o > 0.5) & (middle-right-square-o <= 0.5) & (bottom-middle-square-o <= 0.5) & (middle-left-square-o <= 0.5),(middle-middle-square-o <= 0.5) & (bottom-left-square-o <= 0.5) & (top-right-square-o > 0.5) & (bottom-right-square-o > 0.5) & (middle-left-square-b <= 0.5) & (bottom-middle-square-o <= 0.5) & (middle-middle-square-b <= 0.5) & (bottom-left-square-b <= 0.5) & (bottom-middle-square-x <= 0.5) & (top-middle-square-o > 0.5),(middle-middle-square-o <= 0.5) & (top-left-square-o <= 0.5) & (bottom-right-square-o > 0.5) & (top-right-square-o > 0.5) & (middle-right-square-o <= 0.5) & (bottom-middle-square-o <= 0.5) & (middle-left-square-o <= 0.5),,
157,10,6,3,4,3,,,(bottom-right-square-o <= 0.5) & (top-right-square-o > 0.5) & (middle-right-square-x <= 0.5) & (bottom-left-square-o > 0.5) & (middle-left-square-x > 0.5) & (middle-right-square-o <= 0.5) & (top-left-square-b <= 0.5) & (bottom-middle-square-x <= 0.5) & (top-middle-square-x <= 0.5) & (top-middle-square-o > 0.5),(middle-middle-square-o <= 0.5) & (top-right-square-o > 0.5) & (top-left-square-o <= 0.5) & (middle-right-square-o <= 0.5) & (top-middle-square-x <= 0.5) & (middle-left-square-o <= 0.5),(middle-middle-square-o <= 0.5) & (top-left-square-o <= 0.5) & (bottom-right-square-o <= 0.5),(middle-middle-square-o <= 0.5) & (bottom-left-square-o > 0.5) & (top-left-square-o <= 0.5) & (bottom-right-square-o <= 0.5),(middle-middle-square-o <= 0.5) & (top-left-square-o <= 0.5) & (bottom-right-square-o <= 0.5),,
158,6,6,3,5,3,,,(bottom-right-square-o <= 0.5) & (top-right-square-o > 0.5) & (middle-right-square-x <= 0.5) & (bottom-left-square-o <= 0.5) & (top-left-square-o <= 0.5) & (top-middle-square-x <= 0.5),(middle-middle-square-o <= 0.5) & (top-right-square-o > 0.5) & (top-left-square-o <= 0.5) & (middle-right-square-o <= 0.5) & (top-middle-square-x <= 0.5) & (middle-left-square-o <= 0.5),(middle-middle-square-o <= 0.5) & (top-left-square-o <= 0.5) & (bottom-right-square-o <= 0.5),(middle-middle-square-o <= 0.5) & (bottom-left-square-o <= 0.5) & (top-right-square-o > 0.5) & (bottom-right-square-o <= 0.5) & (top-left-square-o <= 0.5),(middle-middle-square-o <= 0.5) & (top-left-square-o <= 0.5) & (bottom-right-square-o <= 0.5),,
159,8,4,9,7,7,,,(bottom-right-square-o > 0.5) & (top-right-square-o > 0.5) & (middle-right-square-o <= 0.5) & (bottom-left-square-b <= 0.5) & (top-left-square-o <= 0.5) & (top-middle-square-x <= 0.5) & (middle-left-square-o <= 0.5) & (bottom-left-square-o <= 0.5),(middle-middle-square-o > 0.5) & (bottom-left-square-x > 0.5) & (top-left-square-x > 0.5) & (middle-left-square-x > 0.5),(middle-middle-square-o > 0.5) & (bottom-right-square-x <= 0.5) & (top-left-square-x > 0.5) & (bottom-middle-square-x > 0.5) & (top-right-square-o > 0.5) & (top-middle-square-x <= 0.5) & (middle-right-square-x > 0.5) & (bottom-right-square-b <= 0.5) & (top-middle-square-o > 0.5),(middle-middle-square-o > 0.5) & (top-right-square-x <= 0.5) & (bottom-left-square-x > 0.5) & (top-middle-square-x <= 0.5) & (bottom-middle-square-o <= 0.5) & (top-left-square-o <= 0.5) & (middle-left-square-o <= 0.5),(middle-middle-square-o > 0.5) & (bottom-right-square-x <= 0.5) & (top-left-square-x > 0.5) & (bottom-middle-square-x > 0.5) & (top-right-square-o > 0.5) & (bottom-left-square-x > 0.5) & (middle-left-square-x > 0.5),,
160,7,4,6,7,7,,,(bottom-right-square-o <= 0.5) & (top-right-square-o > 0.5) & (middle-right-square-x > 0.5) & (bottom-middle-square-o <= 0.5) & (middle-left-square-b <= 0.5) & (top-left-square-o <= 0.5) & (bottom-left-square-o <= 0.5),(middle-middle-square-o > 0.5) & (bottom-left-square-x > 0.5) & (top-left-square-x > 0.5) & (middle-left-square-x > 0.5),(middle-middle-square-o > 0.5) & (bottom-right-square-x <= 0.5) & (top-left-square-x > 0.5) & (bottom-middle-square-x <= 0.5) & (top-middle-square-o > 0.5) & (bottom-middle-square-o <= 0.5),(middle-middle-square-o > 0.5) & (top-right-square-x <= 0.5) & (bottom-left-square-x > 0.5) & (top-middle-square-x <= 0.5) & (bottom-middle-square-o <= 0.5) & (top-left-square-o <= 0.5) & (middle-left-square-o <= 0.5),(middle-middle-square-o > 0.5) & (bottom-right-square-x <= 0.5) & (top-left-square-x > 0.5) & (bottom-middle-square-x <= 0.5) & (middle-right-square-x > 0.5) & (bottom-left-square-x > 0.5) & (middle-left-square-x > 0.5),,
161,6,4,11,7,5,,,(bottom-right-square-o <= 0.5) & (top-right-square-o > 0.5) & (middle-right-square-x <= 0.5) & (bottom-left-square-o <= 0.5) & (top-left-square-o <= 0.5) & (top-middle-square-x <= 0.5),(middle-middle-square-o > 0.5) & (bottom-left-square-x > 0.5) & (top-left-square-x > 0.5) & (middle-left-square-x > 0.5),(middle-middle-square-o > 0.5) & (bottom-right-square-x > 0.5) & (top-right-square-x <= 0.5) & (bottom-middle-square-x > 0.5) & (top-middle-square-x <= 0.5) & (top-right-square-b <= 0.5) & (middle-right-square-x <= 0.5) & (top-left-square-x > 0.5) & (middle-left-square-x > 0.5) & (top-middle-square-o > 0.5) & (middle-right-square-o > 0.5),(middle-middle-square-o > 0.5) & (top-right-square-x <= 0.5) & (bottom-left-square-x > 0.5) & (top-middle-square-x <= 0.5) & (bottom-middle-square-o <= 0.5) & (top-left-square-o <= 0.5) & (middle-left-square-o <= 0.5),(middle-middle-square-o > 0.5) & (bottom-right-square-x > 0.5) & (top-right-square-x <= 0.5) & (bottom-left-square-x > 0.5) & (bottom-middle-square-x > 0.5),,
162,6,4,8,7,7,,,(bottom-right-square-o <= 0.5) & (top-right-square-o > 0.5) & (middle-right-square-x <= 0.5) & (bottom-left-square-o <= 0.5) & (top-left-square-o <= 0.5) & (top-middle-square-x <= 0.5),(middle-middle-square-o > 0.5) & (bottom-left-square-x > 0.5) & (top-left-square-x > 0.5) & (middle-left-square-x > 0.5),(middle-middle-square-o > 0.5) & (bottom-right-square-x <= 0.5) & (top-left-square-x > 0.5) & (bottom-middle-square-x > 0.5) & (top-right-square-o > 0.5) & (top-middle-square-x <= 0.5) & (middle-right-square-x <= 0.5) & (top-middle-square-o > 0.5),(middle-middle-square-o > 0.5) & (top-right-square-x <= 0.5) & (bottom-left-square-x > 0.5) & (top-middle-square-x <= 0.5) & (bottom-middle-square-o <= 0.5) & (top-left-square-o <= 0.5) & (middle-left-square-o <= 0.5),(middle-middle-square-o > 0.5) & (bottom-right-square-x <= 0.5) & (top-left-square-x > 0.5) & (bottom-middle-square-x > 0.5) & (top-right-square-o > 0.5) & (bottom-left-square-x > 0.5) & (middle-left-square-x > 0.5),,
163,6,4,11,7,7,,,(bottom-right-square-o <= 0.5) & (top-right-square-o > 0.5) & (middle-right-square-x <= 0.5) & (bottom-left-square-o <= 0.5) & (top-left-square-o <= 0.5) & (top-middle-square-x <= 0.5),(middle-middle-square-o > 0.5) & (bottom-left-square-x > 0.5) & (top-left-square-x > 0.5) & (middle-left-square-x > 0.5),(middle-middle-square-o > 0.5) & (bottom-right-square-x > 0.5) & (top-right-square-x <= 0.5) & (bottom-middle-square-x <= 0.5) & (middle-right-square-x <= 0.5) & (middle-left-square-x > 0.5) & (middle-right-square-b > 0.5) & (top-left-square-b <= 0.5) & (top-right-square-o > 0.5) & (top-middle-square-x <= 0.5) & (top-middle-square-o > 0.5),(middle-middle-square-o > 0.5) & (top-right-square-x <= 0.5) & (bottom-left-square-x > 0.5) & (top-middle-square-x <= 0.5) & (bottom-middle-square-o <= 0.5) & (top-left-square-o <= 0.5) & (middle-left-square-o <= 0.5),(middle-middle-square-o > 0.5) & (bottom-right-square-x > 0.5) & (top-right-square-x <= 0.5) & (bottom-left-square-x > 0.5) & (bottom-middle-square-x <= 0.5) & (middle-left-square-x > 0.5) & (top-left-square-x > 0.5),,
164,6,6,3,5,3,,,(bottom-right-square-o <= 0.5) & (top-right-square-o > 0.5) & (middle-right-square-x > 0.5) & (bottom-middle-square-o > 0.5) & (bottom-right-square-x <= 0.5) & (bottom-left-square-o <= 0.5),(middle-middle-square-o <= 0.5) & (top-right-square-o > 0.5) & (top-left-square-o <= 0.5) & (middle-right-square-o <= 0.5) & (top-middle-square-x <= 0.5) & (middle-left-square-o <= 0.5),(middle-middle-square-o <= 0.5) & (top-left-square-o <= 0.5) & (bottom-right-square-o <= 0.5),(middle-middle-square-o <= 0.5) & (bottom-left-square-o <= 0.5) & (top-right-square-o > 0.5) & (bottom-right-square-o <= 0.5) & (top-left-square-o <= 0.5),(middle-middle-square-o <= 0.5) & (top-left-square-o <= 0.5) & (bottom-right-square-o <= 0.5),,
165,8,6,7,9,7,,,(bottom-right-square-o > 0.5) & (top-right-square-o > 0.5) & (middle-right-square-o <= 0.5) & (bottom-left-square-b <= 0.5) & (top-left-square-o <= 0.5) & (top-middle-square-x <= 0.5) & (middle-left-square-o <= 0.5) & (bottom-left-square-o <= 0.5),(middle-middle-square-o <= 0.5) & (top-right-square-o > 0.5) & (top-left-square-o <= 0.5) & (middle-right-square-o <= 0.5) & (top-middle-square-x <= 0.5) & (middle-left-square-o <= 0.5),(middle-middle-square-o <= 0.5) & (top-left-square-o <= 0.5) & (bottom-right-square-o > 0.5) & (top-right-square-o > 0.5) & (middle-right-square-o <= 0.5) & (bottom-middle-square-o <= 0.5) & (middle-left-square-o <= 0.5),(middle-middle-square-o <= 0.5) & (bottom-left-square-o <= 0.5) & (top-right-square-o > 0.5) & (bottom-right-square-o > 0.5) & (middle-left-square-b <= 0.5) & (bottom-middle-square-o <= 0.5) & (middle-middle-square-b > 0.5) & (top-middle-square-x <= 0.5) & (bottom-middle-square-x <= 0.5),(middle-middle-square-o <= 0.5) & (top-left-square-o <= 0.5) & (bottom-right-square-o > 0.5) & (top-right-square-o > 0.5) & (middle-right-square-o <= 0.5) & (bottom-middle-square-o <= 0.5) & (middle-left-square-o <= 0.5),,
166,6,7,3,5,3,,,(bottom-right-square-o <= 0.5) & (top-right-square-o > 0.5) & (middle-right-square-x <= 0.5) & (bottom-left-square-o <= 0.5) & (top-left-square-o <= 0.5) & (top-middle-square-x <= 0.5),(middle-middle-square-o <= 0.5) & (top-right-square-o > 0.5) & (top-left-square-o <= 0.5) & (middle-right-square-o > 0.5) & (top-middle-square-o > 0.5) & (bottom-middle-square-x > 0.5) & (middle-middle-square-b > 0.5),(middle-middle-square-o <= 0.5) & (top-left-square-o <= 0.5) & (bottom-right-square-o <= 0.5),(middle-middle-square-o <= 0.5) & (bottom-left-square-o <= 0.5) & (top-right-square-o > 0.5) & (bottom-right-square-o <= 0.5) & (top-left-square-o <= 0.5),(middle-middle-square-o <= 0.5) & (top-left-square-o <= 0.5) & (bottom-right-square-o <= 0.5),,
167,6,6,3,5,3,,,(bottom-right-square-o <= 0.5) & (top-right-square-o > 0.5) & (middle-right-square-x <= 0.5) & (bottom-left-square-o <= 0.5) & (top-left-square-o <= 0.5) & (top-middle-square-x <= 0.5),(middle-middle-square-o <= 0.5) & (top-right-square-o > 0.5) & (top-left-square-o <= 0.5) & (middle-right-square-o > 0.5) & (top-middle-square-o > 0.5) & (bottom-middle-square-x <= 0.5),(middle-middle-square-o <= 0.5) & (top-left-square-o <= 0.5) & (bottom-right-square-o <= 0.5),(middle-middle-square-o <= 0.5) & (bottom-left-square-o <= 0.5) & (top-right-square-o > 0.5) & (bottom-right-square-o <= 0.5) & (top-left-square-o <= 0.5),(middle-middle-square-o <= 0.5) & (top-left-square-o <= 0.5) & (bottom-right-square-o <= 0.5),,
168,8,6,7,11,7,,,(bottom-right-square-o > 0.5) & (top-right-square-o > 0.5) & (middle-right-square-o <= 0.5) & (bottom-left-square-b <= 0.5) & (top-left-square-o <= 0.5) & (top-middle-square-x <= 0.5) & (middle-left-square-o <= 0.5) & (bottom-left-square-o <= 0.5),(middle-middle-square-o <= 0.5) & (top-right-square-o > 0.5) & (top-left-square-o <= 0.5) & (middle-right-square-o <= 0.5) & (top-middle-square-x <= 0.5) & (middle-left-square-o <= 0.5),(middle-middle-square-o <= 0.5) & (top-left-square-o <= 0.5) & (bottom-right-square-o > 0.5) & (top-right-square-o > 0.5) & (middle-right-square-o <= 0.5) & (bottom-middle-square-o <= 0.5) & (middle-left-square-o <= 0.5),(middle-middle-square-o <= 0.5) & (bottom-left-square-o <= 0.5) & (top-right-square-o > 0.5) & (bottom-right-square-o > 0.5) & (middle-left-square-b <= 0.5) & (bottom-middle-square-o <= 0.5) & (middle-middle-square-b > 0.5) & (top-middle-square-x <= 0.5) & (bottom-middle-square-x > 0.5) & (top-left-square-x > 0.5) & (bottom-left-square-b <= 0.5),(middle-middle-square-o <= 0.5) & (top-left-square-o <= 0.5) & (bottom-right-square-o > 0.5) & (top-right-square-o > 0.5) & (middle-right-square-o <= 0.5) & (bottom-middle-square-o <= 0.5) & (middle-left-square-o <= 0.5),,
169,6,6,3,5,3,,,(bottom-right-square-o <= 0.5) & (top-right-square-o > 0.5) & (middle-right-square-x <= 0.5) & (bottom-left-square-o <= 0.5) & (top-left-square-o <= 0.5) & (top-middle-square-x <= 0.5),(middle-middle-square-o <= 0.5) & (top-right-square-o > 0.5) & (top-left-square-o <= 0.5) & (middle-right-square-o <= 0.5) & (top-middle-square-x <= 0.5) & (middle-left-square-o <= 0.5),(middle-middle-square-o <= 0.5) & (top-left-square-o <= 0.5) & (bottom-right-square-o <= 0.5),(middle-middle-square-o <= 0.5) & (bottom-left-square-o <= 0.5) & (top-right-square-o > 0.5) & (bottom-right-square-o <= 0.5) & (top-left-square-o <= 0.5),(middle-middle-square-o <= 0.5) & (top-left-square-o <= 0.5) & (bottom-right-square-o <= 0.5),,
170,6,6,3,5,3,,,(bottom-right-square-o <= 0.5) & (top-right-square-o > 0.5) & (middle-right-square-x <= 0.5) & (bottom-left-square-o <= 0.5) & (top-left-square-o <= 0.5) & (top-middle-square-x <= 0.5),(middle-middle-square-o <= 0.5) & (top-right-square-o > 0.5) & (top-left-square-o <= 0.5) & (middle-right-square-o <= 0.5) & (top-middle-square-x <= 0.5) & (middle-left-square-o <= 0.5),(middle-middle-square-o <= 0.5) & (top-left-square-o <= 0.5) & (bottom-right-square-o <= 0.5),(middle-middle-square-o <= 0.5) & (bottom-left-square-o <= 0.5) & (top-right-square-o > 0.5) & (bottom-right-square-o <= 0.5) & (top-left-square-o <= 0.5),(middle-middle-square-o <= 0.5) & (top-left-square-o <= 0.5) & (bottom-right-square-o <= 0.5),,
171,9,8,3,5,3,,,(bottom-right-square-o <= 0.5) & (top-right-square-o > 0.5) & (middle-right-square-x > 0.5) & (bottom-middle-square-o > 0.5) & (bottom-right-square-x > 0.5) & (bottom-left-square-x > 0.5) & (top-left-square-x > 0.5) & (top-middle-square-x <= 0.5) & (middle-left-square-o > 0.5),(middle-middle-square-o <= 0.5) & (top-right-square-o > 0.5) & (top-left-square-o <= 0.5) & (middle-right-square-o <= 0.5) & (top-middle-square-x <= 0.5) & (middle-left-square-o > 0.5) & (middle-right-square-x > 0.5) & (bottom-middle-square-x <= 0.5),(middle-middle-square-o <= 0.5) & (top-left-square-o <= 0.5) & (bottom-right-square-o <= 0.5),(middle-middle-square-o <= 0.5) & (bottom-left-square-o <= 0.5) & (top-right-square-o > 0.5) & (bottom-right-square-o <= 0.5) & (top-left-square-o <= 0.5),(middle-middle-square-o <= 0.5) & (top-left-square-o <= 0.5) & (bottom-right-square-o <= 0.5),,
172,9,10,3,4,3,,,(bottom-right-square-o <= 0.5) & (top-right-square-o > 0.5) & (middle-right-square-x > 0.5) & (bottom-middle-square-o <= 0.5) & (middle-left-square-b <= 0.5) & (top-left-square-o <= 0.5) & (bottom-left-square-o > 0.5) & (top-middle-square-o > 0.5) & (middle-left-square-x <= 0.5),(middle-middle-square-o <= 0.5) & (top-right-square-o > 0.5) & (top-left-square-o <= 0.5) & (middle-right-square-o <= 0.5) & (top-middle-square-x <= 0.5) & (middle-left-square-o > 0.5) & (middle-right-square-x > 0.5) & (bottom-middle-square-x > 0.5) & (top-left-square-b <= 0.5) & (bottom-left-square-o > 0.5),(middle-middle-square-o <= 0.5) & (top-left-square-o <= 0.5) & (bottom-right-square-o <= 0.5),(middle-middle-square-o <= 0.5) & (bottom-left-square-o > 0.5) & (top-left-square-o <= 0.5) & (bottom-right-square-o <= 0.5),(middle-middle-square-o <= 0.5) & (top-left-square-o <= 0.5) & (bottom-right-square-o <= 0.5),,
173,7,8,3,5,3,,,(bottom-right-square-o <= 0.5) & (top-right-square-o > 0.5) & (middle-right-square-x > 0.5) & (bottom-middle-square-o <= 0.5) & (middle-left-square-b <= 0.5) & (top-left-square-o <= 0.5) & (bottom-left-square-o <= 0.5),(middle-middle-square-o <= 0.5) & (top-right-square-o > 0.5) & (top-left-square-o <= 0.5) & (middle-right-square-o <= 0.5) & (top-middle-square-x <= 0.5) & (middle-left-square-o > 0.5) & (middle-right-square-x > 0.5) & (bottom-middle-square-x <= 0.5),(middle-middle-square-o <= 0.5) & (top-left-square-o <= 0.5) & (bottom-right-square-o <= 0.5),(middle-middle-square-o <= 0.5) & (bottom-left-square-o <= 0.5) & (top-right-square-o > 0.5) & (bottom-right-square-o <= 0.5) & (top-left-square-o <= 0.5),(middle-middle-square-o <= 0.5) & (top-left-square-o <= 0.5) & (bottom-right-square-o <= 0.5),,
174,6,11,3,5,3,,,(bottom-right-square-o <= 0.5) & (top-right-square-o > 0.5) & (middle-right-square-x <= 0.5) & (bottom-left-square-o <= 0.5) & (top-left-square-o <= 0.5) & (top-middle-square-x <= 0.5),(middle-middle-square-o <= 0.5) & (top-right-square-o > 0.5) & (top-left-square-o <= 0.5) & (middle-right-square-o > 0.5) & (top-middle-square-o > 0.5) & (bottom-middle-square-x > 0.5) & (middle-middle-square-b <= 0.5) & (middle-left-square-x <= 0.5) & (bottom-left-square-x > 0.5) & (top-left-square-x > 0.5) & (middle-left-square-o > 0.5),(middle-middle-square-o <= 0.5) & (top-left-square-o <= 0.5) & (bottom-right-square-o <= 0.5),(middle-middle-square-o <= 0.5) & (bottom-left-square-o <= 0.5) & (top-right-square-o > 0.5) & (bottom-right-square-o <= 0.5) & (top-left-square-o <= 0.5),(middle-middle-square-o <= 0.5) & (top-left-square-o <= 0.5) & (bottom-right-square-o <= 0.5),,
175,6,7,3,5,3,,,(bottom-right-square-o <= 0.5) & (top-right-square-o > 0.5) & (middle-right-square-x <= 0.5) & (bottom-left-square-o <= 0.5) & (top-left-square-o <= 0.5) & (top-middle-square-x <= 0.5),(middle-middle-square-o <= 0.5) & (top-right-square-o > 0.5) & (top-left-square-o <= 0.5) & (middle-right-square-o <= 0.5) & (top-middle-square-x <= 0.5) & (middle-left-square-o > 0.5) & (middle-right-square-x <= 0.5),(middle-middle-square-o <= 0.5) & (top-left-square-o <= 0.5) & (bottom-right-square-o <= 0.5),(middle-middle-square-o <= 0.5) & (bottom-left-square-o <= 0.5) & (top-right-square-o > 0.5) & (bottom-right-square-o <= 0.5) & (top-left-square-o <= 0.5),(middle-middle-square-o <= 0.5) & (top-left-square-o <= 0.5) & (bottom-right-square-o <= 0.5),,
176,6,7,3,5,3,,,(bottom-right-square-o <= 0.5) & (top-right-square-o > 0.5) & (middle-right-square-x <= 0.5) & (bottom-left-square-o <= 0.5) & (top-left-square-o <= 0.5) & (top-middle-square-x <= 0.5),(middle-middle-square-o <= 0.5) & (top-right-square-o > 0.5) & (top-left-square-o <= 0.5) & (middle-right-square-o <= 0.5) & (top-middle-square-x <= 0.5) & (middle-left-square-o > 0.5) & (middle-right-square-x <= 0.5),(middle-middle-square-o <= 0.5) & (top-left-square-o <= 0.5) & (bottom-right-square-o <= 0.5),(middle-middle-square-o <= 0.5) & (bottom-left-square-o <= 0.5) & (top-right-square-o > 0.5) & (bottom-right-square-o <= 0.5) & (top-left-square-o <= 0.5),(middle-middle-square-o <= 0.5) & (top-left-square-o <= 0.5) & (bottom-right-square-o <= 0.5),,
177,7,10,11,9,5,,,(bottom-right-square-o <= 0.5) & (top-right-square-o > 0.5) & (middle-right-square-x > 0.5) & (bottom-middle-square-o <= 0.5) & (middle-left-square-b <= 0.5) & (top-left-square-o <= 0.5) & (bottom-left-square-o <= 0.5),(middle-middle-square-o > 0.5) & (bottom-left-square-x > 0.5) & (top-left-square-x > 0.5) & (middle-left-square-x <= 0.5) & (middle-right-square-b <= 0.5) & (middle-left-square-b <= 0.5) & (middle-right-square-o <= 0.5) & (top-right-square-b <= 0.5) & (top-right-square-o > 0.5) & (top-middle-square-o > 0.5),(middle-middle-square-o > 0.5) & (bottom-right-square-x > 0.5) & (top-right-square-x <= 0.5) & (bottom-middle-square-x > 0.5) & (top-middle-square-x <= 0.5) & (top-right-square-b <= 0.5) & (middle-right-square-x > 0.5) & (middle-left-square-x <= 0.5) & (top-left-square-x > 0.5) & (middle-left-square-b <= 0.5) & (top-middle-square-b <= 0.5),(middle-middle-square-o > 0.5) & (top-right-square-x <= 0.5) & (bottom-left-square-x > 0.5) & (top-middle-square-x <= 0.5) & (bottom-middle-square-o <= 0.5) & (top-left-square-o <= 0.5) & (middle-left-square-o > 0.5) & (bottom-right-square-b <= 0.5) & (bottom-middle-square-b <= 0.5),(middle-middle-square-o > 0.5) & (bottom-right-square-x > 0.5) & (top-right-square-x <= 0.5) & (bottom-left-square-x > 0.5) & (bottom-middle-square-x > 0.5),,
178,6,7,3,5,3,,,(bottom-right-square-o <= 0.5) & (top-right-square-o > 0.5) & (middle-right-square-x <= 0.5) & (bottom-left-square-o <= 0.5) & (top-left-square-o <= 0.5) & (top-middle-square-x <= 0.5),(middle-middle-square-o <= 0.5) & (top-right-square-o > 0.5) & (top-left-square-o <= 0.5) & (middle-right-square-o <= 0.5) & (top-middle-square-x <= 0.5) & (middle-left-square-o > 0.5) & (middle-right-square-x <= 0.5),(middle-middle-square-o <= 0.5) & (top-left-square-o <= 0.5) & (bottom-right-square-o <= 0.5),(middle-middle-square-o <= 0.5) & (bottom-left-square-o <= 0.5) & (top-right-square-o > 0.5) & (bottom-right-square-o <= 0.5) & (top-left-square-o <= 0.5),(middle-middle-square-o <= 0.5) & (top-left-square-o <= 0.5) & (bottom-right-square-o <= 0.5),,
179,11,6,3,4,3,,,(bottom-right-square-o <= 0.5) & (top-right-square-o > 0.5) & (middle-right-square-x > 0.5) & (bottom-middle-square-o <= 0.5) & (middle-left-square-b > 0.5) & (bottom-left-square-x <= 0.5) & (bottom-left-square-b <= 0.5) & (top-left-square-b <= 0.5) & (top-middle-square-b <= 0.5) & (bottom-right-square-b <= 0.5) & (bottom-middle-square-x <= 0.5),(middle-middle-square-o <= 0.5) & (top-right-square-o > 0.5) & (top-left-square-o <= 0.5) & (middle-right-square-o <= 0.5) & (top-middle-square-x <= 0.5) & (middle-left-square-o <= 0.5),(middle-middle-square-o <= 0.5) & (top-left-square-o <= 0.5) & (bottom-right-square-o <= 0.5),(middle-middle-square-o <= 0.5) & (bottom-left-square-o > 0.5) & (top-left-square-o <= 0.5) & (bottom-right-square-o <= 0.5),(middle-middle-square-o <= 0.5) & (top-left-square-o <= 0.5) & (bottom-right-square-o <= 0.5),,
180,9,6,3,5,3,,,(bottom-right-square-o <= 0.5) & (top-right-square-o > 0.5) & (middle-right-square-x > 0.5) & (bottom-middle-square-o > 0.5) & (bottom-right-square-x > 0.5) & (bottom-left-square-x <= 0.5) & (top-left-square-o <= 0.5) & (top-middle-square-x <= 0.5) & (middle-left-square-x <= 0.5),(middle-middle-square-o <= 0.5) & (top-right-square-o > 0.5) & (top-left-square-o <= 0.5) & (middle-right-square-o <= 0.5) & (top-middle-square-x <= 0.5) & (middle-left-square-o <= 0.5),(middle-middle-square-o <= 0.5) & (top-left-square-o <= 0.5) & (bottom-right-square-o <= 0.5),(middle-middle-square-o <= 0.5) & (bottom-left-square-o <= 0.5) & (top-right-square-o > 0.5) & (bottom-right-square-o <= 0.5) & (top-left-square-o <= 0.5),(middle-middle-square-o <= 0.5) & (top-left-square-o <= 0.5) & (bottom-right-square-o <= 0.5),,
181,6,6,3,5,3,,,(bottom-right-square-o <= 0.5) & (top-right-square-o > 0.5) & (middle-right-square-x <= 0.5) & (bottom-left-square-o <= 0.5) & (top-left-square-o <= 0.5) & (top-middle-square-x <= 0.5),(middle-middle-square-o <= 0.5) & (top-right-square-o > 0.5) & (top-left-square-o <= 0.5) & (middle-right-square-o > 0.5) & (top-middle-square-o > 0.5) & (bottom-middle-square-x <= 0.5),(middle-middle-square-o <= 0.5) & (top-left-square-o <= 0.5) & (bottom-right-square-o <= 0.5),(middle-middle-square-o <= 0.5) & (bottom-left-square-o <= 0.5) & (top-right-square-o > 0.5) & (bottom-right-square-o <= 0.5) & (top-left-square-o <= 0.5),(middle-middle-square-o <= 0.5) & (top-left-square-o <= 0.5) & (bottom-right-square-o <= 0.5),,
182,6,9,3,5,3,,,(bottom-right-square-o <= 0.5) & (top-right-square-o > 0.5) & (middle-right-square-x <= 0.5) & (bottom-left-square-o <= 0.5) & (top-left-square-o <= 0.5) & (top-middle-square-x <= 0.5),(middle-middle-square-o <= 0.5) & (top-right-square-o > 0.5) & (top-left-square-o <= 0.5) & (middle-right-square-o > 0.5) & (top-middle-square-o > 0.5) & (bottom-middle-square-x > 0.5) & (middle-middle-square-b <= 0.5) & (middle-left-square-x <= 0.5) & (bottom-left-square-x <= 0.5),(middle-middle-square-o <= 0.5) & (top-left-square-o <= 0.5) & (bottom-right-square-o <= 0.5),(middle-middle-square-o <= 0.5) & (bottom-left-square-o <= 0.5) & (top-right-square-o > 0.5) & (bottom-right-square-o <= 0.5) & (top-left-square-o <= 0.5),(middle-middle-square-o <= 0.5) & (top-left-square-o <= 0.5) & (bottom-right-square-o <= 0.5),,
183,6,6,3,5,3,,,(bottom-right-square-o <= 0.5) & (top-right-square-o > 0.5) & (middle-right-square-x <= 0.5) & (bottom-left-square-o <= 0.5) & (top-left-square-o <= 0.5) & (top-middle-square-x <= 0.5),(middle-middle-square-o <= 0.5) & (top-right-square-o > 0.5) & (top-left-square-o <= 0.5) & (middle-right-square-o <= 0.5) & (top-middle-square-x <= 0.5) & (middle-left-square-o <= 0.5),(middle-middle-square-o <= 0.5) & (top-left-square-o <= 0.5) & (bottom-right-square-o <= 0.5),(middle-middle-square-o <= 0.5) & (bottom-left-square-o <= 0.5) & (top-right-square-o > 0.5) & (bottom-right-square-o <= 0.5) & (top-left-square-o <= 0.5),(middle-middle-square-o <= 0.5) & (top-left-square-o <= 0.5) & (bottom-right-square-o <= 0.5),,
184,9,6,3,4,3,,,(bottom-right-square-o <= 0.5) & (top-right-square-o > 0.5) & (middle-right-square-x <= 0.5) & (bottom-left-square-o > 0.5) & (middle-left-square-x <= 0.5) & (middle-left-square-b > 0.5) & (middle-right-square-o <= 0.5) & (bottom-middle-square-o <= 0.5) & (top-middle-square-o > 0.5),(middle-middle-square-o <= 0.5) & (top-right-square-o > 0.5) & (top-left-square-o <= 0.5) & (middle-right-square-o <= 0.5) & (top-middle-square-x <= 0.5) & (middle-left-square-o <= 0.5),(middle-middle-square-o <= 0.5) & (top-left-square-o <= 0.5) & (bottom-right-square-o <= 0.5),(middle-middle-square-o <= 0.5) & (bottom-left-square-o > 0.5) & (top-left-square-o <= 0.5) & (bottom-right-square-o <= 0.5),(middle-middle-square-o <= 0.5) & (top-left-square-o <= 0.5) & (bottom-right-square-o <= 0.5),,
185,6,6,3,5,3,,,(bottom-right-square-o <= 0.5) & (top-right-square-o > 0.5) & (middle-right-square-x <= 0.5) & (bottom-left-square-o <= 0.5) & (top-left-square-o <= 0.5) & (top-middle-square-x <= 0.5),(middle-middle-square-o <= 0.5) & (top-right-square-o > 0.5) & (top-left-square-o <= 0.5) & (middle-right-square-o <= 0.5) & (top-middle-square-x <= 0.5) & (middle-left-square-o <= 0.5),(middle-middle-square-o <= 0.5) & (top-left-square-o <= 0.5) & (bottom-right-square-o <= 0.5),(middle-middle-square-o <= 0.5) & (bottom-left-square-o <= 0.5) & (top-right-square-o > 0.5) & (bottom-right-square-o <= 0.5) & (top-left-square-o <= 0.5),(middle-middle-square-o <= 0.5) & (top-left-square-o <= 0.5) & (bottom-right-square-o <= 0.5),,
186,6,6,10,7,5,,,(bottom-right-square-o <= 0.5) & (top-right-square-o > 0.5) & (middle-right-square-x <= 0.5) & (bottom-left-square-o <= 0.5) & (top-left-square-o <= 0.5) & (top-middle-square-x <= 0.5),(middle-middle-square-o > 0.5) & (bottom-left-square-x > 0.5) & (top-left-square-x > 0.5) & (middle-left-square-x <= 0.5) & (middle-right-square-b > 0.5) & (bottom-middle-square-o <= 0.5),(middle-middle-square-o > 0.5) & (bottom-right-square-x > 0.5) & (top-right-square-x <= 0.5) & (bottom-middle-square-x > 0.5) & (top-middle-square-x <= 0.5) & (top-right-square-b <= 0.5) & (middle-right-square-x <= 0.5) & (top-left-square-x > 0.5) & (middle-left-square-x <= 0.5) & (top-middle-square-o > 0.5),(middle-middle-square-o > 0.5) & (top-right-square-x <= 0.5) & (bottom-left-square-x > 0.5) & (top-middle-square-x <= 0.5) & (bottom-middle-square-o <= 0.5) & (top-left-square-o <= 0.5) & (middle-left-square-o <= 0.5),(middle-middle-square-o > 0.5) & (bottom-right-square-x > 0.5) & (top-right-square-x <= 0.5) & (bottom-left-square-x > 0.5) & (bottom-middle-square-x > 0.5),,
187,6,7,3,5,3,,,(bottom-right-square-o <= 0.5) & (top-right-square-o > 0.5) & (middle-right-square-x <= 0.5) & (bottom-left-square-o <= 0.5) & (top-left-square-o <= 0.5) & (top-middle-square-x <= 0.5),(middle-middle-square-o <= 0.5) & (top-right-square-o > 0.5) & (top-left-square-o <= 0.5) & (middle-right-square-o > 0.5) & (top-middle-square-o > 0.5) & (bottom-middle-square-x > 0.5) & (middle-middle-square-b > 0.5),(middle-middle-square-o <= 0.5) & (top-left-square-o <= 0.5) & (bottom-right-square-o <= 0.5),(middle-middle-square-o <= 0.5) & (bottom-left-square-o <= 0.5) & (top-right-square-o > 0.5) & (bottom-right-square-o <= 0.5) & (top-left-square-o <= 0.5),(middle-middle-square-o <= 0.5) & (top-left-square-o <= 0.5) & (bottom-right-square-o <= 0.5),,
188,14,8,3,4,3,,,(bottom-right-square-o <= 0.5) & (top-right-square-o <= 0.5) & (middle-left-square-b <= 0.5) & (bottom-middle-square-x <= 0.5) & (top-middle-square-b <= 0.5) & (top-left-square-x > 0.5) & (top-middle-square-x <= 0.5) & (bottom-middle-square-b <= 0.5) & (middle-right-square-o <= 0.5) & (middle-left-square-x > 0.5) & (top-right-square-b > 0.5) & (bottom-left-square-b <= 0.5) & (middle-right-square-x > 0.5) & (bottom-right-square-b > 0.5),(middle-middle-square-o <= 0.5) & (top-right-square-o <= 0.5) & (bottom-left-square-o > 0.5) & (top-left-square-o <= 0.5) & (bottom-middle-square-o > 0.5) & (top-middle-square-o > 0.5) & (top-left-square-b <= 0.5) & (top-right-square-x <= 0.5),(middle-middle-square-o <= 0.5) & (top-left-square-o <= 0.5) & (bottom-right-square-o <= 0.5),(middle-middle-square-o <= 0.5) & (bottom-left-square-o > 0.5) & (top-left-square-o <= 0.5) & (bottom-right-square-o <= 0.5),(middle-middle-square-o <= 0.5) & (top-left-square-o <= 0.5) & (bottom-right-square-o <= 0.5),,
189,6,7,7,9,8,,,(bottom-right-square-o > 0.5) & (top-right-square-o <= 0.5) & (middle-right-square-x > 0.5) & (top-middle-square-o > 0.5) & (top-right-square-b > 0.5) & (top-left-square-o <= 0.5),(middle-middle-square-o <= 0.5) & (top-right-square-o <= 0.5) & (bottom-left-square-o > 0.5) & (top-left-square-o <= 0.5) & (bottom-middle-square-o <= 0.5) & (top-middle-square-o > 0.5) & (bottom-middle-square-x <= 0.5),(middle-middle-square-o <= 0.5) & (top-left-square-o <= 0.5) & (bottom-right-square-o > 0.5) & (top-right-square-o <= 0.5) & (bottom-middle-square-o <= 0.5) & (top-middle-square-o > 0.5) & (bottom-middle-square-x <= 0.5),(middle-middle-square-o <= 0.5) & (bottom-left-square-o > 0.5) & (top-left-square-o <= 0.5) & (bottom-right-square-o > 0.5) & (bottom-middle-square-o <= 0.5) & (top-left-square-b <= 0.5) & (middle-left-square-x > 0.5) & (bottom-middle-square-x <= 0.5) & (top-right-square-o <= 0.5),(middle-middle-square-o <= 0.5) & (top-left-square-o <= 0.5) & (bottom-right-square-o > 0.5) & (top-right-square-o <= 0.5) & (bottom-left-square-o > 0.5) & (bottom-middle-square-o <= 0.5) & (top-left-square-b <= 0.5) & (bottom-middle-square-x <= 0.5),,
190,6,3,8,3,5,,,(bottom-right-square-o > 0.5) & (top-right-square-o <= 0.5) & (middle-right-square-x > 0.5) & (top-middle-square-o > 0.5) & (top-right-square-b > 0.5) & (top-left-square-o <= 0.5),(middle-middle-square-o <= 0.5) & (top-right-square-o <= 0.5) & (bottom-left-square-o <= 0.5),(middle-middle-square-o <= 0.5) & (top-left-square-o <= 0.5) & (bottom-right-square-o > 0.5) & (top-right-square-o <= 0.5) & (bottom-middle-square-o > 0.5) & (top-middle-square-o > 0.5) & (top-left-square-x > 0.5) & (top-right-square-b > 0.5),(middle-middle-square-o <= 0.5) & (bottom-left-square-o <= 0.5) & (top-right-square-o <= 0.5),(middle-middle-square-o <= 0.5) & (top-left-square-o <= 0.5) & (bottom-right-square-o > 0.5) & (top-right-square-o <= 0.5) & (bottom-left-square-o <= 0.5),,
191,10,3,3,3,3,,,(bottom-right-square-o <= 0.5) & (top-right-square-o <= 0.5) & (middle-left-square-b <= 0.5) & (bottom-middle-square-x <= 0.5) & (top-middle-square-b <= 0.5) & (top-left-square-x > 0.5) & (top-middle-square-x <= 0.5) & (bottom-middle-square-b <= 0.5) & (middle-right-square-o > 0.5) & (bottom-left-square-b <= 0.5),(middle-middle-square-o <= 0.5) & (top-right-square-o <= 0.5) & (bottom-left-square-o <= 0.5),(middle-middle-square-o <= 0.5) & (top-left-square-o <= 0.5) & (bottom-right-square-o <= 0.5),(middle-middle-square-o <= 0.5) & (bottom-left-square-o <= 0.5) & (top-right-square-o <= 0.5),(middle-middle-square-o <= 0.5) & (top-left-square-o <= 0.5) & (bottom-right-square-o <= 0.5),,
192,6,3,7,3,5,,,(bottom-right-square-o > 0.5) & (top-right-square-o <= 0.5) & (middle-right-square-x <= 0.5) & (top-left-square-o <= 0.5) & (bottom-left-square-o <= 0.5) & (bottom-middle-square-x <= 0.5),(middle-middle-square-o <= 0.5) & (top-right-square-o <= 0.5) & (bottom-left-square-o <= 0.5),(middle-middle-square-o <= 0.5) & (top-left-square-o <= 0.5) & (bottom-right-square-o > 0.5) & (top-right-square-o <= 0.5) & (bottom-middle-square-o <= 0.5) & (top-middle-square-o > 0.5) & (bottom-middle-square-x <= 0.5),(middle-middle-square-o <= 0.5) & (bottom-left-square-o <= 0.5) & (top-right-square-o <= 0.5),(middle-middle-square-o <= 0.5) & (top-left-square-o <= 0.5) & (bottom-right-square-o > 0.5) & (top-right-square-o <= 0.5) & (bottom-left-square-o <= 0.5),,
193,9,7,3,4,3,,,(bottom-right-square-o <= 0.5) & (top-right-square-o <= 0.5) & (middle-left-square-b <= 0.5) & (bottom-middle-square-x <= 0.5) & (top-middle-square-b <= 0.5) & (top-left-square-x > 0.5) & (top-middle-square-x <= 0.5) & (bottom-middle-square-b > 0.5) & (bottom-left-square-x <= 0.5),(middle-middle-square-o <= 0.5) & (top-right-square-o <= 0.5) & (bottom-left-square-o > 0.5) & (top-left-square-o <= 0.5) & (bottom-middle-square-o <= 0.5) & (top-middle-square-o > 0.5) & (bottom-middle-square-x <= 0.5),(middle-middle-square-o <= 0.5) & (top-left-square-o <= 0.5) & (bottom-right-square-o <= 0.5),(middle-middle-square-o <= 0.5) & (bottom-left-square-o > 0.5) & (top-left-square-o <= 0.5) & (bottom-right-square-o <= 0.5),(middle-middle-square-o <= 0.5) & (top-left-square-o <= 0.5) & (bottom-right-square-o <= 0.5),,
194,11,3,3,3,3,,,(bottom-right-square-o <= 0.5) & (top-right-square-o <= 0.5) & (middle-left-square-b <= 0.5) & (bottom-middle-square-x <= 0.5) & (top-middle-square-b <= 0.5) & (top-left-square-x > 0.5) & (top-middle-square-x <= 0.5) & (bottom-middle-square-b <= 0.5) & (middle-right-square-o > 0.5) & (bottom-left-square-b > 0.5) & (top-right-square-b > 0.5),(middle-middle-square-o <= 0.5) & (top-right-square-o <= 0.5) & (bottom-left-square-o <= 0.5),(middle-middle-square-o <= 0.5) & (top-left-square-o <= 0.5) & (bottom-right-square-o <= 0.5),(middle-middle-square-o <= 0.5) & (bottom-left-square-o <= 0.5) & (top-right-square-o <= 0.5),(middle-middle-square-o <= 0.5) & (top-left-square-o <= 0.5) & (bottom-right-square-o <= 0.5),,
195,6,3,8,3,5,,,(bottom-right-square-o > 0.5) & (top-right-square-o <= 0.5) & (middle-right-square-x <= 0.5) & (top-left-square-o <= 0.5) & (bottom-left-square-o <= 0.5) & (bottom-middle-square-x <= 0.5),(middle-middle-square-o <= 0.5) & (top-right-square-o <= 0.5) & (bottom-left-square-o <= 0.5),(middle-middle-square-o <= 0.5) & (top-left-square-o <= 0.5) & (bottom-right-square-o > 0.5) & (top-right-square-o <= 0.5) & (bottom-middle-square-o > 0.5) & (top-middle-square-o > 0.5) & (top-left-square-x > 0.5) & (top-right-square-b > 0.5),(middle-middle-square-o <= 0.5) & (bottom-left-square-o <= 0.5) & (top-right-square-o <= 0.5),(middle-middle-square-o <= 0.5) & (top-left-square-o <= 0.5) & (bottom-right-square-o > 0.5) & (top-right-square-o <= 0.5) & (bottom-left-square-o <= 0.5),,
196,13,8,3,4,3,,,(bottom-right-square-o <= 0.5) & (top-right-square-o <= 0.5) & (middle-left-square-b <= 0.5) & (bottom-middle-square-x <= 0.5) & (top-middle-square-b <= 0.5) & (top-left-square-x > 0.5) & (top-middle-square-x <= 0.5) & (bottom-middle-square-b <= 0.5) & (middle-right-square-o <= 0.5) & (middle-left-square-x > 0.5) & (top-right-square-b > 0.5) & (bottom-left-square-b <= 0.5) & (middle-right-square-x <= 0.5),(middle-middle-square-o <= 0.5) & (top-right-square-o <= 0.5) & (bottom-left-square-o > 0.5) & (top-left-square-o <= 0.5) & (bottom-middle-square-o > 0.5) & (top-middle-square-o > 0.5) & (top-left-square-b <= 0.5) & (top-right-square-x <= 0.5),(middle-middle-square-o <= 0.5) & (top-left-square-o <= 0.5) & (bottom-right-square-o <= 0.5),(middle-middle-square-o <= 0.5) & (bottom-left-square-o > 0.5) & (top-left-square-o <= 0.5) & (bottom-right-square-o <= 0.5),(middle-middle-square-o <= 0.5) & (top-left-square-o <= 0.5) & (bottom-right-square-o <= 0.5),,
197,6,4,6,7,7,,,(bottom-right-square-o > 0.5) & (top-right-square-o <= 0.5) & (middle-right-square-x > 0.5) & (top-middle-square-o > 0.5) & (top-right-square-b > 0.5) & (top-left-square-o <= 0.5),(middle-middle-square-o > 0.5) & (bottom-left-square-x > 0.5) & (top-left-square-x > 0.5) & (middle-left-square-x > 0.5),(middle-middle-square-o > 0.5) & (bottom-right-square-x <= 0.5) & (top-left-square-x > 0.5) & (bottom-middle-square-x <= 0.5) & (top-middle-square-o > 0.5) & (bottom-middle-square-o <= 0.5),(middle-middle-square-o > 0.5) & (top-right-square-x <= 0.5) & (bottom-left-square-x > 0.5) & (top-middle-square-x <= 0.5) & (bottom-middle-square-o <= 0.5) & (top-left-square-o <= 0.5) & (middle-left-square-o <= 0.5),(middle-middle-square-o > 0.5) & (bottom-right-square-x <= 0.5) & (top-left-square-x > 0.5) & (bottom-middle-square-x <= 0.5) & (middle-right-square-x > 0.5) & (bottom-left-square-x > 0.5) & (middle-left-square-x > 0.5),,
198,9,4,7,7,7,,,(bottom-right-square-o <= 0.5) & (top-right-square-o <= 0.5) & (middle-left-square-b <= 0.5) & (bottom-middle-square-x > 0.5) & (bottom-left-square-x > 0.5) & (bottom-right-square-b > 0.5) & (top-middle-square-o > 0.5) & (top-left-square-x > 0.5) & (top-right-square-x <= 0.5),(middle-middle-square-o > 0.5) & (bottom-left-square-x > 0.5) & (top-left-square-x > 0.5) & (middle-left-square-x > 0.5),(middle-middle-square-o > 0.5) & (bottom-right-square-x <= 0.5) & (top-left-square-x > 0.5) & (bottom-middle-square-x > 0.5) & (top-right-square-o <= 0.5) & (middle-left-square-o <= 0.5) & (middle-right-square-x <= 0.5),(middle-middle-square-o > 0.5) & (top-right-square-x <= 0.5) & (bottom-left-square-x > 0.5) & (top-middle-square-x <= 0.5) & (bottom-middle-square-o <= 0.5) & (top-left-square-o <= 0.5) & (middle-left-square-o <= 0.5),(middle-middle-square-o > 0.5) & (bottom-right-square-x <= 0.5) & (top-left-square-x > 0.5) & (bottom-middle-square-x > 0.5) & (top-right-square-o <= 0.5) & (middle-left-square-o <= 0.5) & (middle-right-square-x <= 0.5),,
199,10,4,8,7,7,,,(bottom-right-square-o <= 0.5) & (top-right-square-o <= 0.5) & (middle-left-square-b <= 0.5) & (bottom-middle-square-x <= 0.5) & (top-middle-square-b <= 0.5) & (top-left-square-x > 0.5) & (top-middle-square-x <= 0.5) & (bottom-middle-square-b > 0.5) & (bottom-left-square-x > 0.5) & (middle-left-square-o <= 0.5),(middle-middle-square-o > 0.5) & (bottom-left-square-x > 0.5) & (top-left-square-x > 0.5) & (middle-left-square-x > 0.5),(middle-middle-square-o > 0.5) & (bottom-right-square-x > 0.5) & (top-right-square-x <= 0.5) & (bottom-middle-square-x <= 0.5) & (middle-right-square-x <= 0.5) & (middle-left-square-x > 0.5) & (middle-right-square-b <= 0.5) & (top-middle-square-x <= 0.5),(middle-middle-square-o > 0.5) & (top-right-square-x <= 0.5) & (bottom-left-square-x > 0.5) & (top-middle-square-x <= 0.5) & (bottom-middle-square-o <= 0.5) & (top-left-square-o <= 0.5) & (middle-left-square-o <= 0.5),(middle-middle-square-o > 0.5) & (bottom-right-square-x > 0.5) & (top-right-square-x <= 0.5) & (bottom-left-square-x > 0.5) & (bottom-middle-square-x <= 0.5) & (middle-left-square-x > 0.5) & (top-left-square-x > 0.5),,
200,7,4,7,7,7,,,(bottom-right-square-o > 0.5) & (top-right-square-o <= 0.5) & (middle-right-square-x <= 0.5) & (top-left-square-o <= 0.5) & (bottom-left-square-o <= 0.5) & (bottom-middle-square-x > 0.5) & (middle-left-square-o <= 0.5),(middle-middle-square-o > 0.5) & (bottom-left-square-x > 0.5) & (top-left-square-x > 0.5) & (middle-left-square-x > 0.5),(middle-middle-square-o > 0.5) & (bottom-right-square-x <= 0.5) & (top-left-square-x > 0.5) & (bottom-middle-square-x > 0.5) & (top-right-square-o <= 0.5) & (middle-left-square-o <= 0.5) & (middle-right-square-x <= 0.5),(middle-middle-square-o > 0.5) & (top-right-square-x <= 0.5) & (bottom-left-square-x > 0.5) & (top-middle-square-x <= 0.5) & (bottom-middle-square-o <= 0.5) & (top-left-square-o <= 0.5) & (middle-left-square-o <= 0.5),(middle-middle-square-o > 0.5) & (bottom-right-square-x <= 0.5) & (top-left-square-x > 0.5) & (bottom-middle-square-x > 0.5) & (top-right-square-o <= 0.5) & (middle-left-square-o <= 0.5) & (middle-right-square-x <= 0.5),,
201,10,4,6,7,9,,,(bottom-right-square-o <= 0.5) & (top-right-square-o <= 0.5) & (middle-left-square-b <= 0.5) & (bottom-middle-square-x <= 0.5) & (top-middle-square-b <= 0.5) & (top-left-square-x > 0.5) & (top-middle-square-x <= 0.5) & (bottom-middle-square-b > 0.5) & (bottom-left-square-x > 0.5) & (middle-left-square-o <= 0.5),(middle-middle-square-o > 0.5) & (bottom-left-square-x > 0.5) & (top-left-square-x > 0.5) & (middle-left-square-x > 0.5),(middle-middle-square-o > 0.5) & (bottom-right-square-x <= 0.5) & (top-left-square-x > 0.5) & (bottom-middle-square-x <= 0.5) & (top-middle-square-o > 0.5) & (bottom-middle-square-o <= 0.5),(middle-middle-square-o > 0.5) & (top-right-square-x <= 0.5) & (bottom-left-square-x > 0.5) & (top-middle-square-x <= 0.5) & (bottom-middle-square-o <= 0.5) & (top-left-square-o <= 0.5) & (middle-left-square-o <= 0.5),(middle-middle-square-o > 0.5) & (bottom-right-square-x <= 0.5) & (top-left-square-x > 0.5) & (bottom-middle-square-x <= 0.5) & (middle-right-square-x <= 0.5) & (bottom-right-square-o <= 0.5) & (middle-left-square-o <= 0.5) & (middle-right-square-b > 0.5) & (top-right-square-b > 0.5),,
202,6,3,8,3,5,,,(bottom-right-square-o > 0.5) & (top-right-square-o <= 0.5) & (middle-right-square-x > 0.5) & (top-middle-square-o > 0.5) & (top-right-square-b > 0.5) & (top-left-square-o <= 0.5),(middle-middle-square-o <= 0.5) & (top-right-square-o <= 0.5) & (bottom-left-square-o <= 0.5),(middle-middle-square-o <= 0.5) & (top-left-square-o <= 0.5) & (bottom-right-square-o > 0.5) & (top-right-square-o <= 0.5) & (bottom-middle-square-o > 0.5) & (top-middle-square-o > 0.5) & (top-left-square-x > 0.5) & (top-right-square-b > 0.5),(middle-middle-square-o <= 0.5) & (bottom-left-square-o <= 0.5) & (top-right-square-o <= 0.5),(middle-middle-square-o <= 0.5) & (top-left-square-o <= 0.5) & (bottom-right-square-o > 0.5) & (top-right-square-o <= 0.5) & (bottom-left-square-o <= 0.5),,
203,7,3,11,3,5,,,(bottom-right-square-o > 0.5) & (top-right-square-o <= 0.5) & (middle-right-square-x <= 0.5) & (top-left-square-o <= 0.5) & (bottom-left-square-o <= 0.5) & (bottom-middle-square-x > 0.5) & (middle-left-square-o <= 0.5),(middle-middle-square-o <= 0.5) & (top-right-square-o <= 0.5) & (bottom-left-square-o <= 0.5),(middle-middle-square-o <= 0.5) & (top-left-square-o <= 0.5) & (bottom-right-square-o > 0.5) & (top-right-square-o <= 0.5) & (bottom-middle-square-o <= 0.5) & (top-middle-square-o > 0.5) & (bottom-middle-square-x > 0.5) & (top-left-square-b <= 0.5) & (middle-right-square-x <= 0.5) & (middle-left-square-x > 0.5) & (top-right-square-b > 0.5),(middle-middle-square-o <= 0.5) & (bottom-left-square-o <= 0.5) & (top-right-square-o <= 0.5),(middle-middle-square-o <= 0.5) & (top-left-square-o <= 0.5) & (bottom-right-square-o > 0.5) & (top-right-square-o <= 0.5) & (bottom-left-square-o <= 0.5),,
204,10,3,3,3,3,,,(bottom-right-square-o <= 0.5) & (top-right-square-o <= 0.5) & (middle-left-square-b <= 0.5) & (bottom-middle-square-x <= 0.5) & (top-middle-square-b <= 0.5) & (top-left-square-x > 0.5) & (top-middle-square-x <= 0.5) & (bottom-middle-square-b <= 0.5) & (middle-right-square-o > 0.5) & (bottom-left-square-b <= 0.5),(middle-middle-square-o <= 0.5) & (top-right-square-o <= 0.5) & (bottom-left-square-o <= 0.5),(middle-middle-square-o <= 0.5) & (top-left-square-o <= 0.5) & (bottom-right-square-o <= 0.5),(middle-middle-square-o <= 0.5) & (bottom-left-square-o <= 0.5) & (top-right-square-o <= 0.5),(middle-middle-square-o <= 0.5) & (top-left-square-o <= 0.5) & (bottom-right-square-o <= 0.5),,
205,10,3,3,3,3,,,(bottom-right-square-o <= 0.5) & (top-right-square-o <= 0.5) & (middle-left-square-b <= 0.5) & (bottom-middle-square-x <= 0.5) & (top-middle-square-b <= 0.5) & (top-left-square-x > 0.5) & (top-middle-square-x <= 0.5) & (bottom-middle-square-b > 0.5) & (bottom-left-square-x > 0.5) & (middle-left-square-o <= 0.5),(middle-middle-square-o <= 0.5) & (top-right-square-o <= 0.5) & (bottom-left-square-o <= 0.5),(middle-middle-square-o <= 0.5) & (top-left-square-o <= 0.5) & (bottom-right-square-o <= 0.5),(middle-middle-square-o <= 0.5) & (bottom-left-square-o <= 0.5) & (top-right-square-o <= 0.5),(middle-middle-square-o <= 0.5) & (top-left-square-o <= 0.5) & (bottom-right-square-o <= 0.5),,
206,13,3,3,3,3,,,(bottom-right-square-o <= 0.5) & (top-right-square-o <= 0.5) & (middle-left-square-b <= 0.5) & (bottom-middle-square-x <= 0.5) & (top-middle-square-b <= 0.5) & (top-left-square-x > 0.5) & (top-middle-square-x <= 0.5) & (bottom-middle-square-b <= 0.5) & (middle-right-square-o <= 0.5) & (middle-left-square-x > 0.5) & (top-right-square-b > 0.5) & (bottom-left-square-b <= 0.5) & (middle-right-square-x <= 0.5),(middle-middle-square-o <= 0.5) & (top-right-square-o <= 0.5) & (bottom-left-square-o <= 0.5),(middle-middle-square-o <= 0.5) & (top-left-square-o <= 0.5) & (bottom-right-square-o <= 0.5),(middle-middle-square-o <= 0.5) & (bottom-left-square-o <= 0.5) & (top-right-square-o <= 0.5),(middle-middle-square-o <= 0.5) & (top-left-square-o <= 0.5) & (bottom-right-square-o <= 0.5),,
207,6,3,7,3,5,,,(bottom-right-square-o > 0.5) & (top-right-square-o <= 0.5) & (middle-right-square-x <= 0.5) & (top-left-square-o <= 0.5) & (bottom-left-square-o <= 0.5) & (bottom-middle-square-x <= 0.5),(middle-middle-square-o <= 0.5) & (top-right-square-o <= 0.5) & (bottom-left-square-o <= 0.5),(middle-middle-square-o <= 0.5) & (top-left-square-o <= 0.5) & (bottom-right-square-o > 0.5) & (top-right-square-o <= 0.5) & (bottom-middle-square-o <= 0.5) & (top-middle-square-o > 0.5) & (bottom-middle-square-x <= 0.5),(middle-middle-square-o <= 0.5) & (bottom-left-square-o <= 0.5) & (top-right-square-o <= 0.5),(middle-middle-square-o <= 0.5) & (top-left-square-o <= 0.5) & (bottom-right-square-o > 0.5) & (top-right-square-o <= 0.5) & (bottom-left-square-o <= 0.5),,
208,9,7,3,4,3,,,(bottom-right-square-o <= 0.5) & (top-right-square-o <= 0.5) & (middle-left-square-b <= 0.5) & (bottom-middle-square-x <= 0.5) & (top-middle-square-b <= 0.5) & (top-left-square-x > 0.5) & (top-middle-square-x <= 0.5) & (bottom-middle-square-b > 0.5) & (bottom-left-square-x <= 0.5),(middle-middle-square-o <= 0.5) & (top-right-square-o <= 0.5) & (bottom-left-square-o > 0.5) & (top-left-square-o <= 0.5) & (bottom-middle-square-o <= 0.5) & (top-middle-square-o > 0.5) & (bottom-middle-square-x <= 0.5),(middle-middle-square-o <= 0.5) & (top-left-square-o <= 0.5) & (bottom-right-square-o <= 0.5),(middle-middle-square-o <= 0.5) & (bottom-left-square-o > 0.5) & (top-left-square-o <= 0.5) & (bottom-right-square-o <= 0.5),(middle-middle-square-o <= 0.5) & (top-left-square-o <= 0.5) & (bottom-right-square-o <= 0.5),,
209,11,3,3,3,3,,,(bottom-right-square-o <= 0.5) & (top-right-square-o <= 0.5) & (middle-left-square-b <= 0.5) & (bottom-middle-square-x <= 0.5) & (top-middle-square-b <= 0.5) & (top-left-square-x > 0.5) & (top-middle-square-x <= 0.5) & (bottom-middle-square-b <= 0.5) & (middle-right-square-o <= 0.5) & (middle-left-square-x <= 0.5) & (bottom-left-square-x <= 0.5),(middle-middle-square-o <= 0.5) & (top-right-square-o <= 0.5) & (bottom-left-square-o <= 0.5),(middle-middle-square-o <= 0.5) & (top-left-square-o <= 0.5) & (bottom-right-square-o <= 0.5),(middle-middle-square-o <= 0.5) & (bottom-left-square-o <= 0.5) & (top-right-square-o <= 0.5),(middle-middle-square-o <= 0.5) & (top-left-square-o <= 0.5) & (bottom-right-square-o <= 0.5),,
210,12,3,3,3,3,,,(bottom-right-square-o <= 0.5) & (top-right-square-o <= 0.5) & (middle-left-square-b <= 0.5) & (bottom-middle-square-x <= 0.5) & (top-middle-square-b <= 0.5) & (top-left-square-x > 0.5) & (top-middle-square-x <= 0.5) & (bottom-middle-square-b > 0.5) & (bottom-left-square-x > 0.5) & (middle-left-square-o > 0.5) & (bottom-right-square-b <= 0.5) & (top-right-square-b > 0.5),(middle-middle-square-o <= 0.5) & (top-right-square-o <= 0.5) & (bottom-left-square-o <= 0.5),(middle-middle-square-o <= 0.5) & (top-left-square-o <= 0.5) & (bottom-right-square-o <= 0.5),(middle-middle-square-o <= 0.5) & (bottom-left-square-o <= 0.5) & (top-right-square-o <= 0.5),(middle-middle-square-o <= 0.5) & (top-left-square-o <= 0.5) & (bottom-right-square-o <= 0.5),,
211,10,3,3,3,3,,,(bottom-right-square-o <= 0.5) & (top-right-square-o <= 0.5) & (middle-left-square-b <= 0.5) & (bottom-middle-square-x > 0.5) & (bottom-left-square-x <= 0.5) & (top-left-square-o <= 0.5) & (middle-right-square-o > 0.5) & (bottom-left-square-o <= 0.5) & (top-right-square-x <= 0.5) & (top-middle-square-o > 0.5),(middle-middle-square-o <= 0.5) & (top-right-square-o <= 0.5) & (bottom-left-square-o <= 0.5),(middle-middle-square-o <= 0.5) & (top-left-square-o <= 0.5) & (bottom-right-square-o <= 0.5),(middle-middle-square-o <= 0.5) & (bottom-left-square-o <= 0.5) & (top-right-square-o <= 0.5),(middle-middle-square-o <= 0.5) & (top-left-square-o <= 0.5) & (bottom-right-square-o <= 0.5),,
212,14,3,3,3,3,,,(bottom-right-square-o <= 0.5) & (top-right-square-o <= 0.5) & (middle-left-square-b <= 0.5) & (bottom-middle-square-x <= 0.5) & (top-middle-square-b <= 0.5) & (top-left-square-x > 0.5) & (top-middle-square-x <= 0.5) & (bottom-middle-square-b <= 0.5) & (middle-right-square-o <= 0.5) & (middle-left-square-x <= 0.5) & (bottom-left-square-x > 0.5) & (middle-right-square-b > 0.5) & (bottom-right-square-x > 0.5) & (top-right-square-b > 0.5),(middle-middle-square-o <= 0.5) & (top-right-square-o <= 0.5) & (bottom-left-square-o <= 0.5),(middle-middle-square-o <= 0.5) & (top-left-square-o <= 0.5) & (bottom-right-square-o <= 0.5),(middle-middle-square-o <= 0.5) & (bottom-left-square-o <= 0.5) & (top-right-square-o <= 0.5),(middle-middle-square-o <= 0.5) & (top-left-square-o <= 0.5) & (bottom-right-square-o <= 0.5),,
213,7,8,3,4,3,,,(bottom-right-square-o <= 0.5) & (top-right-square-o <= 0.5) & (middle-left-square-b <= 0.5) & (bottom-middle-square-x > 0.5) & (bottom-left-square-x <= 0.5) & (top-left-square-o <= 0.5) & (middle-right-square-o <= 0.5),(middle-middle-square-o <= 0.5) & (top-right-square-o <= 0.5) & (bottom-left-square-o > 0.5) & (top-left-square-o <= 0.5) & (bottom-middle-square-o <= 0.5) & (top-middle-square-o > 0.5) & (bottom-middle-square-x > 0.5) & (top-right-square-x <= 0.5),(middle-middle-square-o <= 0.5) & (top-left-square-o <= 0.5) & (bottom-right-square-o <= 0.5),(middle-middle-square-o <= 0.5) & (bottom-left-square-o > 0.5) & (top-left-square-o <= 0.5) & (bottom-right-square-o <= 0.5),(middle-middle-square-o <= 0.5) & (top-left-square-o <= 0.5) & (bottom-right-square-o <= 0.5),,
214,9,3,3,3,3,,,(bottom-right-square-o <= 0.5) & (top-right-square-o <= 0.5) & (middle-left-square-b <= 0.5) & (bottom-middle-square-x <= 0.5) & (top-middle-square-b <= 0.5) & (top-left-square-x > 0.5) & (top-middle-square-x <= 0.5) & (bottom-middle-square-b > 0.5) & (bottom-left-square-x <= 0.5),(middle-middle-square-o <= 0.5) & (top-right-square-o <= 0.5) & (bottom-left-square-o <= 0.5),(middle-middle-square-o <= 0.5) & (top-left-square-o <= 0.5) & (bottom-right-square-o <= 0.5),(middle-middle-square-o <= 0.5) & (bottom-left-square-o <= 0.5) & (top-right-square-o <= 0.5),(middle-middle-square-o <= 0.5) & (top-left-square-o <= 0.5) & (bottom-right-square-o <= 0.5),,
215,6,6,8,9,5,,,(bottom-right-square-o <= 0.5) & (top-right-square-o <= 0.5) & (middle-left-square-b <= 0.5) & (bottom-middle-square-x > 0.5) & (bottom-left-square-x > 0.5) & (bottom-right-square-b <= 0.5),(middle-middle-square-o > 0.5) & (bottom-left-square-x > 0.5) & (top-left-square-x > 0.5) & (middle-left-square-x <= 0.5) & (middle-right-square-b > 0.5) & (bottom-middle-square-o <= 0.5),(middle-middle-square-o > 0.5) & (bottom-right-square-x > 0.5) & (top-right-square-x <= 0.5) & (bottom-middle-square-x > 0.5) & (top-middle-square-x <= 0.5) & (top-right-square-b > 0.5) & (top-left-square-x > 0.5) & (top-middle-square-b <= 0.5),(middle-middle-square-o > 0.5) & (top-right-square-x <= 0.5) & (bottom-left-square-x > 0.5) & (top-middle-square-x <= 0.5) & (bottom-middle-square-o <= 0.5) & (top-left-square-o <= 0.5) & (middle-left-square-o > 0.5) & (bottom-right-square-b <= 0.5) & (bottom-middle-square-b <= 0.5),(middle-middle-square-o > 0.5) & (bottom-right-square-x > 0.5) & (top-right-square-x <= 0.5) & (bottom-left-square-x > 0.5) & (bottom-middle-square-x > 0.5),,
216,6,3,3,3,3,,,(bottom-right-square-o <= 0.5) & (top-right-square-o <= 0.5) & (middle-left-square-b <= 0.5) & (bottom-middle-square-x > 0.5) & (bottom-left-square-x > 0.5) & (bottom-right-square-b <= 0.5),(middle-middle-square-o <= 0.5) & (top-right-square-o <= 0.5) & (bottom-left-square-o <= 0.5),(middle-middle-square-o <= 0.5) & (top-left-square-o <= 0.5) & (bottom-right-square-o <= 0.5),(middle-middle-square-o <= 0.5) & (bottom-left-square-o <= 0.5) & (top-right-square-o <= 0.5),(middle-middle-square-o <= 0.5) & (top-left-square-o <= 0.5) & (bottom-right-square-o <= 0.5),,
217,6,8,3,4,3,,,(bottom-right-square-o <= 0.5) & (top-right-square-o <= 0.5) & (middle-left-square-b > 0.5) & (bottom-middle-square-o > 0.5) & (top-middle-square-o > 0.5) & (bottom-left-square-o > 0.5),(middle-middle-square-o <= 0.5) & (top-right-square-o <= 0.5) & (bottom-left-square-o > 0.5) & (top-left-square-o <= 0.5) & (bottom-middle-square-o > 0.5) & (top-middle-square-o > 0.5) & (top-left-square-b <= 0.5) & (top-right-square-x <= 0.5),(middle-middle-square-o <= 0.5) & (top-left-square-o <= 0.5) & (bottom-right-square-o <= 0.5),(middle-middle-square-o <= 0.5) & (bottom-left-square-o > 0.5) & (top-left-square-o <= 0.5) & (bottom-right-square-o <= 0.5),(middle-middle-square-o <= 0.5) & (top-left-square-o <= 0.5) & (bottom-right-square-o <= 0.5),,
218,11,3,3,3,3,,,(bottom-right-square-o <= 0.5) & (top-right-square-o <= 0.5) & (middle-left-square-b > 0.5) & (bottom-middle-square-o > 0.5) & (top-middle-square-o > 0.5) & (bottom-left-square-o <= 0.5) & (top-left-square-o <= 0.5) & (middle-right-square-o > 0.5) & (top-left-square-x > 0.5) & (bottom-right-square-b <= 0.5) & (top-right-square-x <= 0.5),(middle-middle-square-o <= 0.5) & (top-right-square-o <= 0.5) & (bottom-left-square-o <= 0.5),(middle-middle-square-o <= 0.5) & (top-left-square-o <= 0.5) & (bottom-right-square-o <= 0.5),(middle-middle-square-o <= 0.5) & (bottom-left-square-o <= 0.5) & (top-right-square-o <= 0.5),(middle-middle-square-o <= 0.5) & (top-left-square-o <= 0.5) & (bottom-right-square-o <= 0.5),,
219,4,8,3,4,3,,,(bottom-right-square-o <= 0.5) & (top-right-square-o <= 0.5) & (middle-left-square-b > 0.5) & (bottom-middle-square-o <= 0.5),(middle-middle-square-o <= 0.5) & (top-right-square-o <= 0.5) & (bottom-left-square-o > 0.5) & (top-left-square-o <= 0.5) & (bottom-middle-square-o <= 0.5) & (top-middle-square-o > 0.5) & (bottom-middle-square-x > 0.5) & (top-right-square-x <= 0.5),(middle-middle-square-o <= 0.5) & (top-left-square-o <= 0.5) & (bottom-right-square-o <= 0.5),(middle-middle-square-o <= 0.5) & (bottom-left-square-o > 0.5) & (top-left-square-o <= 0.5) & (bottom-right-square-o <= 0.5),(middle-middle-square-o <= 0.5) & (top-left-square-o <= 0.5) & (bottom-right-square-o <= 0.5),,
220,4,3,3,3,3,,,(bottom-right-square-o <= 0.5) & (top-right-square-o <= 0.5) & (middle-left-square-b > 0.5) & (bottom-middle-square-o <= 0.5),(middle-middle-square-o <= 0.5) & (top-right-square-o <= 0.5) & (bottom-left-square-o <= 0.5),(middle-middle-square-o <= 0.5) & (top-left-square-o <= 0.5) & (bottom-right-square-o <= 0.5),(middle-middle-square-o <= 0.5) & (bottom-left-square-o <= 0.5) & (top-right-square-o <= 0.5),(middle-middle-square-o <= 0.5) & (top-left-square-o <= 0.5) & (bottom-right-square-o <= 0.5),,
221,4,7,3,4,3,,,(bottom-right-square-o <= 0.5) & (top-right-square-o <= 0.5) & (middle-left-square-b > 0.5) & (bottom-middle-square-o <= 0.5),(middle-middle-square-o <= 0.5) & (top-right-square-o <= 0.5) & (bottom-left-square-o > 0.5) & (top-left-square-o <= 0.5) & (bottom-middle-square-o <= 0.5) & (top-middle-square-o > 0.5) & (bottom-middle-square-x <= 0.5),(middle-middle-square-o <= 0.5) & (top-left-square-o <= 0.5) & (bottom-right-square-o <= 0.5),(middle-middle-square-o <= 0.5) & (bottom-left-square-o > 0.5) & (top-left-square-o <= 0.5) & (bottom-right-square-o <= 0.5),(middle-middle-square-o <= 0.5) & (top-left-square-o <= 0.5) & (bottom-right-square-o <= 0.5),,
222,12,3,3,3,3,,,(bottom-right-square-o <= 0.5) & (top-right-square-o <= 0.5) & (middle-left-square-b > 0.5) & (bottom-middle-square-o > 0.5) & (top-middle-square-o > 0.5) & (bottom-left-square-o <= 0.5) & (top-left-square-o <= 0.5) & (middle-right-square-o <= 0.5) & (top-left-square-x > 0.5) & (top-right-square-x <= 0.5) & (bottom-left-square-b > 0.5) & (middle-right-square-b > 0.5),(middle-middle-square-o <= 0.5) & (top-right-square-o <= 0.5) & (bottom-left-square-o <= 0.5),(middle-middle-square-o <= 0.5) & (top-left-square-o <= 0.5) & (bottom-right-square-o <= 0.5),(middle-middle-square-o <= 0.5) & (bottom-left-square-o <= 0.5) & (top-right-square-o <= 0.5),(middle-middle-square-o <= 0.5) & (top-left-square-o <= 0.5) & (bottom-right-square-o <= 0.5),,
223,4,11,8,7,5,,,(bottom-right-square-o <= 0.5) & (top-right-square-o <= 0.5) & (middle-left-square-b > 0.5) & (bottom-middle-square-o <= 0.5),(middle-middle-square-o > 0.5) & (bottom-left-square-x > 0.5) & (top-left-square-x > 0.5) & (middle-left-square-x <= 0.5) & (middle-right-square-b <= 0.5) & (middle-left-square-b > 0.5) & (middle-right-square-o > 0.5) & (top-middle-square-b <= 0.5) & (top-right-square-o <= 0.5) & (top-middle-square-o > 0.5) & (top-right-square-x <= 0.5),(middle-middle-square-o > 0.5) & (bottom-right-square-x > 0.5) & (top-right-square-x <= 0.5) & (bottom-middle-square-x > 0.5) & (top-middle-square-x <= 0.5) & (top-right-square-b > 0.5) & (top-left-square-x > 0.5) & (top-middle-square-b <= 0.5),(middle-middle-square-o > 0.5) & (top-right-square-x <= 0.5) & (bottom-left-square-x > 0.5) & (top-middle-square-x <= 0.5) & (bottom-middle-square-o <= 0.5) & (top-left-square-o <= 0.5) & (middle-left-square-o <= 0.5),(middle-middle-square-o > 0.5) & (bottom-right-square-x > 0.5) & (top-right-square-x <= 0.5) & (bottom-left-square-x > 0.5) & (bottom-middle-square-x > 0.5),,
224,8,4,10,10,8,,,(bottom-right-square-o <= 0.5) & (top-right-square-o <= 0.5) & (middle-left-square-b <= 0.5) & (bottom-middle-square-x <= 0.5) & (top-middle-square-b > 0.5) & (bottom-middle-square-o > 0.5) & (middle-right-square-o > 0.5) & (middle-left-square-o <= 0.5),(middle-middle-square-o > 0.5) & (bottom-left-square-x > 0.5) & (top-left-square-x > 0.5) & (middle-left-square-x > 0.5),(middle-middle-square-o > 0.5) & (bottom-right-square-x <= 0.5) & (top-left-square-x > 0.5) & (bottom-middle-square-x <= 0.5) & (top-middle-square-o <= 0.5) & (top-right-square-o <= 0.5) & (middle-right-square-b <= 0.5) & (top-middle-square-x <= 0.5) & (middle-left-square-x > 0.5) & (middle-right-square-x <= 0.5),(middle-middle-square-o > 0.5) & (top-right-square-x > 0.5) & (top-left-square-x > 0.5) & (top-middle-square-x <= 0.5) & (bottom-middle-square-b <= 0.5) & (top-middle-square-b > 0.5) & (bottom-middle-square-o > 0.5) & (bottom-left-square-b <= 0.5) & (middle-left-square-o <= 0.5) & (bottom-left-square-o <= 0.5),(middle-middle-square-o > 0.5) & (bottom-right-square-x <= 0.5) & (top-left-square-x > 0.5) & (bottom-middle-square-x <= 0.5) & (middle-right-square-x <= 0.5) & (bottom-right-square-o <= 0.5) & (middle-left-square-o <= 0.5) & (middle-right-square-b <= 0.5),,
225,6,4,7,10,6,6,,(bottom-right-square-o > 0.5) & (top-right-square-o <= 0.5) & (middle-right-square-x <= 0.5) & (top-left-square-o <= 0.5) & (bottom-left-square-o <= 0.5) & (bottom-middle-square-x <= 0.5),(middle-middle-square-o > 0.5) & (bottom-left-square-x > 0.5) & (top-left-square-x > 0.5) & (middle-left-square-x > 0.5),(middle-middle-square-o > 0.5) & (top-left-square-x > 0.5) & (top-right-square-x > 0.5) & (top-middle-square-x <= 0.5) & (bottom-middle-square-b > 0.5) & (middle-right-square-o > 0.5) & (middle-left-square-o <= 0.5),(middle-middle-square-o > 0.5) & (bottom-right-square-x <= 0.5) & (top-left-square-x > 0.5) & (bottom-middle-square-x <= 0.5) & (top-middle-square-o <= 0.5) & (top-right-square-o <= 0.5) & (middle-right-square-b <= 0.5) & (top-middle-square-x <= 0.5) & (middle-left-square-x > 0.5) & (middle-right-square-x <= 0.5),(middle-middle-square-o > 0.5) & (top-right-square-x > 0.5) & (top-left-square-x > 0.5) & (top-middle-square-x <= 0.5) & (bottom-middle-square-b > 0.5) & (middle-left-square-o <= 0.5),(middle-middle-square-o > 0.5) & (bottom-right-square-x <= 0.5) & (top-left-square-x > 0.5) & (bottom-middle-square-x <= 0.5) & (middle-right-square-x <= 0.5) & (bottom-right-square-o > 0.5),
226,6,4,7,10,6,,,(bottom-right-square-o > 0.5) & (top-right-square-o <= 0.5) & (middle-right-square-x <= 0.5) & (top-left-square-o <= 0.5) & (bottom-left-square-o <= 0.5) & (bottom-middle-square-x <= 0.5),(middle-middle-square-o > 0.5) & (bottom-left-square-x > 0.5) & (top-left-square-x > 0.5) & (middle-left-square-x > 0.5),(middle-middle-square-o > 0.5) & (bottom-right-square-x <= 0.5) & (top-left-square-x > 0.5) & (bottom-middle-square-x <= 0.5) & (top-middle-square-o <= 0.5) & (top-right-square-o <= 0.5) & (middle-right-square-b > 0.5),(middle-middle-square-o > 0.5) & (top-right-square-x > 0.5) & (top-left-square-x > 0.5) & (top-middle-square-x <= 0.5) & (bottom-middle-square-b <= 0.5) & (top-middle-square-b > 0.5) & (bottom-middle-square-o > 0.5) & (bottom-left-square-b <= 0.5) & (middle-left-square-o <= 0.5) & (bottom-left-square-o <= 0.5),(middle-middle-square-o > 0.5) & (bottom-right-square-x <= 0.5) & (top-left-square-x > 0.5) & (bottom-middle-square-x <= 0.5) & (middle-right-square-x <= 0.5) & (bottom-right-square-o > 0.5),,
227,6,3,9,3,5,,,(bottom-right-square-o > 0.5) & (top-right-square-o <= 0.5) & (middle-right-square-x <= 0.5) & (top-left-square-o <= 0.5) & (bottom-left-square-o <= 0.5) & (bottom-middle-square-x <= 0.5),(middle-middle-square-o <= 0.5) & (top-right-square-o <= 0.5) & (bottom-left-square-o <= 0.5),(middle-middle-square-o <= 0.5) & (top-left-square-o <= 0.5) & (bottom-right-square-o > 0.5) & (top-right-square-o <= 0.5) & (bottom-middle-square-o > 0.5) & (top-middle-square-o <= 0.5) & (middle-right-square-o > 0.5) & (middle-left-square-x > 0.5) & (middle-middle-square-b > 0.5),(middle-middle-square-o <= 0.5) & (bottom-left-square-o <= 0.5) & (top-right-square-o <= 0.5),(middle-middle-square-o <= 0.5) & (top-left-square-o <= 0.5) & (bottom-right-square-o > 0.5) & (top-right-square-o <= 0.5) & (bottom-left-square-o <= 0.5),,
228,12,3,3,3,3,,,(bottom-right-square-o <= 0.5) & (top-right-square-o <= 0.5) & (middle-left-square-b <= 0.5) & (bottom-middle-square-x <= 0.5) & (top-middle-square-b > 0.5) & (bottom-middle-square-o > 0.5) & (middle-right-square-o > 0.5) & (middle-left-square-o > 0.5) & (top-left-square-b <= 0.5) & (top-right-square-x > 0.5) & (bottom-left-square-b <= 0.5) & (bottom-right-square-b > 0.5),(middle-middle-square-o <= 0.5) & (top-right-square-o <= 0.5) & (bottom-left-square-o <= 0.5),(middle-middle-square-o <= 0.5) & (top-left-square-o <= 0.5) & (bottom-right-square-o <= 0.5),(middle-middle-square-o <= 0.5) & (bottom-left-square-o <= 0.5) & (top-right-square-o <= 0.5),(middle-middle-square-o <= 0.5) & (top-left-square-o <= 0.5) & (bottom-right-square-o <= 0.5),,
229,6,3,6,3,5,,,(bottom-right-square-o > 0.5) & (top-right-square-o <= 0.5) & (middle-right-square-x <= 0.5) & (top-left-square-o <= 0.5) & (bottom-left-square-o <= 0.5) & (bottom-middle-square-x <= 0.5),(middle-middle-square-o <= 0.5) & (top-right-square-o <= 0.5) & (bottom-left-square-o <= 0.5),(middle-middle-square-o <= 0.5) & (top-left-square-o <= 0.5) & (bottom-right-square-o > 0.5) & (top-right-square-o <= 0.5) & (bottom-middle-square-o <= 0.5) & (top-middle-square-o <= 0.5),(middle-middle-square-o <= 0.5) & (bottom-left-square-o <= 0.5) & (top-right-square-o <= 0.5),(middle-middle-square-o <= 0.5) & (top-left-square-o <= 0.5) & (bottom-right-square-o > 0.5) & (top-right-square-o <= 0.5) & (bottom-left-square-o <= 0.5),,
230,10,6,3,4,3,,,(bottom-right-square-o <= 0.5) & (top-right-square-o <= 0.5) & (middle-left-square-b <= 0.5) & (bottom-middle-square-x <= 0.5) & (top-middle-square-b > 0.5) & (bottom-middle-square-o <= 0.5) & (middle-left-square-x <= 0.5) & (middle-right-square-o > 0.5) & (top-left-square-o <= 0.5) & (bottom-left-square-o > 0.5),(middle-middle-square-o <= 0.5) & (top-right-square-o <= 0.5) & (bottom-left-square-o > 0.5) & (top-left-square-o <= 0.5) & (bottom-middle-square-o <= 0.5) & (top-middle-square-o <= 0.5),(middle-middle-square-o <= 0.5) & (top-left-square-o <= 0.5) & (bottom-right-square-o <= 0.5),(middle-middle-square-o <= 0.5) & (bottom-left-square-o > 0.5) & (top-left-square-o <= 0.5) & (bottom-right-square-o <= 0.5),(middle-middle-square-o <= 0.5) & (top-left-square-o <= 0.5) & (bottom-right-square-o <= 0.5),,
231,11,3,3,3,3,,,(bottom-right-square-o <= 0.5) & (top-right-square-o <= 0.5) & (middle-left-square-b <= 0.5) & (bottom-middle-square-x <= 0.5) & (top-middle-square-b > 0.5) & (bottom-middle-square-o > 0.5) & (middle-right-square-o > 0.5) & (middle-left-square-o > 0.5) & (top-left-square-b <= 0.5) & (top-right-square-x > 0.5) & (bottom-left-square-b > 0.5),(middle-middle-square-o <= 0.5) & (top-right-square-o <= 0.5) & (bottom-left-square-o <= 0.5),(middle-middle-square-o <= 0.5) & (top-left-square-o <= 0.5) & (bottom-right-square-o <= 0.5),(middle-middle-square-o <= 0.5) & (bottom-left-square-o <= 0.5) & (top-right-square-o <= 0.5),(middle-middle-square-o <= 0.5) & (top-left-square-o <= 0.5) & (bottom-right-square-o <= 0.5),,
232,6,3,9,3,5,,,(bottom-right-square-o > 0.5) & (top-right-square-o <= 0.5) & (middle-right-square-x <= 0.5) & (top-left-square-o <= 0.5) & (bottom-left-square-o <= 0.5) & (bottom-middle-square-x <= 0.5),(middle-middle-square-o <= 0.5) & (top-right-square-o <= 0.5) & (bottom-left-square-o <= 0.5),(middle-middle-square-o <= 0.5) & (top-left-square-o <= 0.5) & (bottom-right-square-o > 0.5) & (top-right-square-o <= 0.5) & (bottom-middle-square-o > 0.5) & (top-middle-square-o <= 0.5) & (middle-right-square-o <= 0.5) & (middle-left-square-o > 0.5) & (middle-right-square-b > 0.5),(middle-middle-square-o <= 0.5) & (bottom-left-square-o <= 0.5) & (top-right-square-o <= 0.5),(middle-middle-square-o <= 0.5) & (top-left-square-o <= 0.5) & (bottom-right-square-o > 0.5) & (top-right-square-o <= 0.5) & (bottom-left-square-o <= 0.5),,
233,7,8,3,4,3,,,(bottom-right-square-o <= 0.5) & (top-right-square-o <= 0.5) & (middle-left-square-b <= 0.5) & (bottom-middle-square-x <= 0.5) & (top-middle-square-b > 0.5) & (bottom-middle-square-o > 0.5) & (middle-right-square-o <= 0.5),(middle-middle-square-o <= 0.5) & (top-right-square-o <= 0.5) & (bottom-left-square-o > 0.5) & (top-left-square-o <= 0.5) & (bottom-middle-square-o > 0.5) & (top-middle-square-o <= 0.5) & (middle-left-square-o > 0.5) & (middle-right-square-x <= 0.5),(middle-middle-square-o <= 0.5) & (top-left-square-o <= 0.5) & (bottom-right-square-o <= 0.5),(middle-middle-square-o <= 0.5) & (bottom-left-square-o > 0.5) & (top-left-square-o <= 0.5) & (bottom-right-square-o <= 0.5),(middle-middle-square-o <= 0.5) & (top-left-square-o <= 0.5) & (bottom-right-square-o <= 0.5),,
234,10,10,6,4,4,8,4,(bottom-right-square-o <= 0.5) & (top-right-square-o <= 0.5) & (middle-left-square-b <= 0.5) & (bottom-middle-square-x <= 0.5) & (top-middle-square-b > 0.5) & (bottom-middle-square-o <= 0.5) & (middle-left-square-x <= 0.5) & (middle-right-square-o <= 0.5) & (bottom-left-square-o > 0.5) & (top-left-square-o <= 0.5),(middle-middle-square-o > 0.5) & (bottom-left-square-x <= 0.5) & (top-right-square-x > 0.5) & (bottom-middle-square-x <= 0.5) & (top-middle-square-o <= 0.5) & (top-left-square-o <= 0.5) & (middle-left-square-b <= 0.5) & (middle-right-square-b <= 0.5) & (middle-right-square-x > 0.5) & (middle-left-square-x <= 0.5),(middle-middle-square-o > 0.5) & (top-left-square-x > 0.5) & (top-right-square-x > 0.5) & (top-middle-square-x <= 0.5) & (bottom-middle-square-b > 0.5) & (middle-right-square-o <= 0.5),(middle-middle-square-o > 0.5) & (bottom-right-square-x > 0.5) & (top-right-square-x > 0.5) & (middle-right-square-x > 0.5),(middle-middle-square-o > 0.5) & (bottom-right-square-x > 0.5) & (top-right-square-x > 0.5) & (middle-right-square-x > 0.5),(middle-middle-square-o > 0.5) & (top-right-square-x > 0.5) & (top-left-square-x > 0.5) & (top-middle-square-x <= 0.5) & (bottom-middle-square-b > 0.5) & (middle-left-square-o > 0.5) & (bottom-left-square-x <= 0.5) & (bottom-left-square-b <= 0.5),(middle-middle-square-o > 0.5) & (bottom-right-square-x > 0.5) & (top-right-square-x > 0.5) & (middle-right-square-x > 0.5)
235,7,10,4,4,8,4,,(bottom-right-square-o <= 0.5) & (top-right-square-o <= 0.5) & (middle-left-square-b <= 0.5) & (bottom-middle-square-x <= 0.5) & (top-middle-square-b > 0.5) & (bottom-middle-square-o > 0.5) & (middle-right-square-o <= 0.5),(middle-middle-square-o > 0.5) & (bottom-left-square-x <= 0.5) & (top-right-square-x > 0.5) & (bottom-middle-square-x <= 0.5) & (top-middle-square-o <= 0.5) & (top-left-square-o <= 0.5) & (middle-left-square-b <= 0.5) & (middle-right-square-b <= 0.5) & (middle-right-square-x > 0.5) & (middle-left-square-x <= 0.5),(middle-middle-square-o > 0.5) & (bottom-right-square-x > 0.5) & (top-right-square-x > 0.5) & (middle-right-square-x > 0.5),(middle-middle-square-o > 0.5) & (bottom-right-square-x > 0.5) & (top-right-square-x > 0.5) & (middle-right-square-x > 0.5),(middle-middle-square-o > 0.5) & (top-right-square-x > 0.5) & (top-left-square-x > 0.5) & (top-middle-square-x <= 0.5) & (bottom-middle-square-b <= 0.5) & (top-middle-square-b > 0.5) & (bottom-middle-square-o > 0.5) & (bottom-left-square-b > 0.5),(middle-middle-square-o > 0.5) & (bottom-right-square-x > 0.5) & (top-right-square-x > 0.5) & (middle-right-square-x > 0.5),
236,7,9,3,4,3,,,(bottom-right-square-o <= 0.5) & (top-right-square-o <= 0.5) & (middle-left-square-b <= 0.5) & (bottom-middle-square-x <= 0.5) & (top-middle-square-b > 0.5) & (bottom-middle-square-o > 0.5) & (middle-right-square-o <= 0.5),(middle-middle-square-o <= 0.5) & (top-right-square-o <= 0.5) & (bottom-left-square-o > 0.5) & (top-left-square-o <= 0.5) & (bottom-middle-square-o > 0.5) & (top-middle-square-o <= 0.5) & (middle-left-square-o > 0.5) & (middle-right-square-x > 0.5) & (middle-middle-square-b > 0.5),(middle-middle-square-o <= 0.5) & (top-left-square-o <= 0.5) & (bottom-right-square-o <= 0.5),(middle-middle-square-o <= 0.5) & (bottom-left-square-o > 0.5) & (top-left-square-o <= 0.5) & (bottom-right-square-o <= 0.5),(middle-middle-square-o <= 0.5) & (top-left-square-o <= 0.5) & (bottom-right-square-o <= 0.5),,
237,6,3,8,3,5,,,(bottom-right-square-o > 0.5) & (top-right-square-o <= 0.5) & (middle-right-square-x <= 0.5) & (top-left-square-o <= 0.5) & (bottom-left-square-o <= 0.5) & (bottom-middle-square-x <= 0.5),(middle-middle-square-o <= 0.5) & (top-right-square-o <= 0.5) & (bottom-left-square-o <= 0.5),(middle-middle-square-o <= 0.5) & (top-left-square-o <= 0.5) & (bottom-right-square-o > 0.5) & (top-right-square-o <= 0.5) & (bottom-middle-square-o > 0.5) & (top-middle-square-o <= 0.5) & (middle-right-square-o > 0.5) & (middle-left-square-x <= 0.5),(middle-middle-square-o <= 0.5) & (bottom-left-square-o <= 0.5) & (top-right-square-o <= 0.5),(middle-middle-square-o <= 0.5) & (top-left-square-o <= 0.5) & (bottom-right-square-o > 0.5) & (top-right-square-o <= 0.5) & (bottom-left-square-o <= 0.5),,
238,5,9,3,4,3,,,(bottom-right-square-o <= 0.5) & (top-right-square-o <= 0.5) & (middle-left-square-b > 0.5) & (bottom-middle-square-o > 0.5) & (top-middle-square-o <= 0.5),(middle-middle-square-o <= 0.5) & (top-right-square-o <= 0.5) & (bottom-left-square-o > 0.5) & (top-left-square-o <= 0.5) & (bottom-middle-square-o > 0.5) & (top-middle-square-o <= 0.5) & (middle-left-square-o <= 0.5) & (middle-right-square-o > 0.5) & (middle-left-square-b > 0.5),(middle-middle-square-o <= 0.5) & (top-left-square-o <= 0.5) & (bottom-right-square-o <= 0.5),(middle-middle-square-o <= 0.5) & (bottom-left-square-o > 0.5) & (top-left-square-o <= 0.5) & (bottom-right-square-o <= 0.5),(middle-middle-square-o <= 0.5) & (top-left-square-o <= 0.5) & (bottom-right-square-o <= 0.5),,
239,5,7,4,4,11,4,,(bottom-right-square-o <= 0.5) & (top-right-square-o <= 0.5) & (middle-left-square-b > 0.5) & (bottom-middle-square-o > 0.5) & (top-middle-square-o <= 0.5),(middle-middle-square-o > 0.5) & (bottom-left-square-x <= 0.5) & (top-right-square-x > 0.5) & (bottom-middle-square-x <= 0.5) & (top-middle-square-o <= 0.5) & (top-left-square-o <= 0.5) & (middle-left-square-b > 0.5),(middle-middle-square-o > 0.5) & (bottom-right-square-x > 0.5) & (top-right-square-x > 0.5) & (middle-right-square-x > 0.5),(middle-middle-square-o > 0.5) & (bottom-right-square-x > 0.5) & (top-right-square-x > 0.5) & (middle-right-square-x > 0.5),(middle-middle-square-o > 0.5) & (top-right-square-x > 0.5) & (top-left-square-x > 0.5) & (top-middle-square-x <= 0.5) & (bottom-middle-square-b <= 0.5) & (top-middle-square-b > 0.5) & (bottom-middle-square-o > 0.5) & (bottom-left-square-b <= 0.5) & (middle-left-square-o <= 0.5) & (bottom-left-square-o > 0.5) & (bottom-right-square-o <= 0.5),(middle-middle-square-o > 0.5) & (bottom-right-square-x > 0.5) & (top-right-square-x > 0.5) & (middle-right-square-x > 0.5),
240,8,6,3,4,3,,,(bottom-right-square-o <= 0.5) & (top-right-square-o > 0.5) & (middle-right-square-x > 0.5) & (bottom-middle-square-o > 0.5) & (bottom-right-square-x <= 0.5) & (bottom-left-square-o > 0.5) & (top-left-square-b <= 0.5) & (top-middle-square-x <= 0.5),(middle-middle-square-o <= 0.5) & (top-right-square-o > 0.5) & (top-left-square-o <= 0.5) & (middle-right-square-o <= 0.5) & (top-middle-square-x <= 0.5) & (middle-left-square-o <= 0.5),(middle-middle-square-o <= 0.5) & (top-left-square-o <= 0.5) & (bottom-right-square-o <= 0.5),(middle-middle-square-o <= 0.5) & (bottom-left-square-o > 0.5) & (top-left-square-o <= 0.5) & (bottom-right-square-o <= 0.5),(middle-middle-square-o <= 0.5) & (top-left-square-o <= 0.5) & (bottom-right-square-o <= 0.5),,
241,9,6,7,10,7,,,(bottom-right-square-o > 0.5) & (top-right-square-o > 0.5) & (middle-right-square-o <= 0.5) & (bottom-left-square-b <= 0.5) & (top-left-square-o <= 0.5) & (top-middle-square-x <= 0.5) & (middle-left-square-o <= 0.5) & (bottom-left-square-o > 0.5) & (bottom-middle-square-x <= 0.5),(middle-middle-square-o <= 0.5) & (top-right-square-o > 0.5) & (top-left-square-o <= 0.5) & (middle-right-square-o <= 0.5) & (top-middle-square-x <= 0.5) & (middle-left-square-o <= 0.5),(middle-middle-square-o <= 0.5) & (top-left-square-o <= 0.5) & (bottom-right-square-o > 0.5) & (top-right-square-o > 0.5) & (middle-right-square-o <= 0.5) & (bottom-middle-square-o <= 0.5) & (middle-left-square-o <= 0.5),(middle-middle-square-o <= 0.5) & (bottom-left-square-o > 0.5) & (top-left-square-o <= 0.5) & (bottom-right-square-o > 0.5) & (bottom-middle-square-o <= 0.5) & (top-left-square-b <= 0.5) & (middle-left-square-x > 0.5) & (bottom-middle-square-x <= 0.5) & (top-right-square-o > 0.5) & (top-middle-square-x <= 0.5),(middle-middle-square-o <= 0.5) & (top-left-square-o <= 0.5) & (bottom-right-square-o > 0.5) & (top-right-square-o > 0.5) & (middle-right-square-o <= 0.5) & (bottom-middle-square-o <= 0.5) & (middle-left-square-o <= 0.5),,
242,5,6,7,7,8,,,(bottom-right-square-o > 0.5) & (top-right-square-o > 0.5) & (middle-right-square-o <= 0.5) & (bottom-left-square-b > 0.5) & (top-left-square-o <= 0.5),(middle-middle-square-o <= 0.5) & (top-right-square-o > 0.5) & (top-left-square-o <= 0.5) & (middle-right-square-o <= 0.5) & (top-middle-square-x <= 0.5) & (middle-left-square-o <= 0.5),(middle-middle-square-o <= 0.5) & (top-left-square-o <= 0.5) & (bottom-right-square-o > 0.5) & (top-right-square-o > 0.5) & (middle-right-square-o <= 0.5) & (bottom-middle-square-o > 0.5) & (top-middle-square-x <= 0.5),(middle-middle-square-o <= 0.5) & (bottom-left-square-o <= 0.5) & (top-right-square-o > 0.5) & (bottom-right-square-o > 0.5) & (middle-left-square-b <= 0.5) & (bottom-middle-square-o > 0.5) & (top-middle-square-x <= 0.5),(middle-middle-square-o <= 0.5) & (top-left-square-o <= 0.5) & (bottom-right-square-o > 0.5) & (top-right-square-o > 0.5) & (middle-right-square-o <= 0.5) & (bottom-middle-square-o > 0.5) & (bottom-left-square-o <= 0.5) & (middle-left-square-x > 0.5),,
243,6,8,3,5,3,,,(bottom-right-square-o <= 0.5) & (top-right-square-o > 0.5) & (middle-right-square-x <= 0.5) & (bottom-left-square-o <= 0.5) & (top-left-square-o <= 0.5) & (top-middle-square-x <= 0.5),(middle-middle-square-o <= 0.5) & (top-right-square-o > 0.5) & (top-left-square-o <= 0.5) & (middle-right-square-o > 0.5) & (top-middle-square-o <= 0.5) & (middle-left-square-o <= 0.5) & (bottom-middle-square-o > 0.5) & (top-middle-square-x <= 0.5),(middle-middle-square-o <= 0.5) & (top-left-square-o <= 0.5) & (bottom-right-square-o <= 0.5),(middle-middle-square-o <= 0.5) & (bottom-left-square-o <= 0.5) & (top-right-square-o > 0.5) & (bottom-right-square-o <= 0.5) & (top-left-square-o <= 0.5),(middle-middle-square-o <= 0.5) & (top-left-square-o <= 0.5) & (bottom-right-square-o <= 0.5),,
244,11,12,3,4,3,,,(bottom-right-square-o <= 0.5) & (top-right-square-o > 0.5) & (middle-right-square-x <= 0.5) & (bottom-left-square-o > 0.5) & (middle-left-square-x > 0.5) & (middle-right-square-o > 0.5) & (top-left-square-o <= 0.5) & (top-middle-square-o <= 0.5) & (bottom-middle-square-o <= 0.5) & (top-middle-square-x <= 0.5) & (bottom-middle-square-b > 0.5),(middle-middle-square-o <= 0.5) & (top-right-square-o > 0.5) & (top-left-square-o <= 0.5) & (middle-right-square-o > 0.5) & (top-middle-square-o <= 0.5) & (middle-left-square-o <= 0.5) & (bottom-middle-square-o <= 0.5) & (bottom-left-square-o > 0.5) & (middle-left-square-x > 0.5) & (top-left-square-x > 0.5) & (bottom-middle-square-b > 0.5) & (top-middle-square-b > 0.5),(middle-middle-square-o <= 0.5) & (top-left-square-o <= 0.5) & (bottom-right-square-o <= 0.5),(middle-middle-square-o <= 0.5) & (bottom-left-square-o > 0.5) & (top-left-square-o <= 0.5) & (bottom-right-square-o <= 0.5),(middle-middle-square-o <= 0.5) & (top-left-square-o <= 0.5) & (bottom-right-square-o <= 0.5),,
245,6,8,3,5,3,,,(bottom-right-square-o <= 0.5) & (top-right-square-o > 0.5) & (middle-right-square-x <= 0.5) & (bottom-left-square-o <= 0.5) & (top-left-square-o <= 0.5) & (top-middle-square-x <= 0.5),(middle-middle-square-o <= 0.5) & (top-right-square-o > 0.5) & (top-left-square-o <= 0.5) & (middle-right-square-o > 0.5) & (top-middle-square-o <= 0.5) & (middle-left-square-o <= 0.5) & (bottom-middle-square-o > 0.5) & (top-middle-square-x <= 0.5),(middle-middle-square-o <= 0.5) & (top-left-square-o <= 0.5) & (bottom-right-square-o <= 0.5),(middle-middle-square-o <= 0.5) & (bottom-left-square-o <= 0.5) & (top-right-square-o > 0.5) & (bottom-right-square-o <= 0.5) & (top-left-square-o <= 0.5),(middle-middle-square-o <= 0.5) & (top-left-square-o <= 0.5) & (bottom-right-square-o <= 0.5),,
246,8,6,7,7,8,,,(bottom-right-square-o > 0.5) & (top-right-square-o > 0.5) & (middle-right-square-o <= 0.5) & (bottom-left-square-b <= 0.5) & (top-left-square-o <= 0.5) & (top-middle-square-x <= 0.5) & (middle-left-square-o <= 0.5) & (bottom-left-square-o <= 0.5),(middle-middle-square-o <= 0.5) & (top-right-square-o > 0.5) & (top-left-square-o <= 0.5) & (middle-right-square-o <= 0.5) & (top-middle-square-x <= 0.5) & (middle-left-square-o <= 0.5),(middle-middle-square-o <= 0.5) & (top-left-square-o <= 0.5) & (bottom-right-square-o > 0.5) & (top-right-square-o > 0.5) & (middle-right-square-o <= 0.5) & (bottom-middle-square-o > 0.5) & (top-middle-square-x <= 0.5),(middle-middle-square-o <= 0.5) & (bottom-left-square-o <= 0.5) & (top-right-square-o > 0.5) & (bottom-right-square-o > 0.5) & (middle-left-square-b <= 0.5) & (bottom-middle-square-o > 0.5) & (top-middle-square-x <= 0.5),(middle-middle-square-o <= 0.5) & (top-left-square-o <= 0.5) & (bottom-right-square-o > 0.5) & (top-right-square-o > 0.5) & (middle-right-square-o <= 0.5) & (bottom-middle-square-o > 0.5) & (bottom-left-square-o <= 0.5) & (middle-left-square-x > 0.5),,
247,11,6,3,4,3,,,(bottom-right-square-o <= 0.5) & (top-right-square-o > 0.5) & (middle-right-square-x <= 0.5) & (bottom-left-square-o > 0.5) & (middle-left-square-x > 0.5) & (middle-right-square-o <= 0.5) & (top-left-square-b <= 0.5) & (bottom-middle-square-x <= 0.5) & (top-middle-square-x <= 0.5) & (top-middle-square-o <= 0.5) & (bottom-middle-square-b <= 0.5),(middle-middle-square-o <= 0.5) & (top-right-square-o > 0.5) & (top-left-square-o <= 0.5) & (middle-right-square-o <= 0.5) & (top-middle-square-x <= 0.5) & (middle-left-square-o <= 0.5),(middle-middle-square-o <= 0.5) & (top-left-square-o <= 0.5) & (bottom-right-square-o <= 0.5),(middle-middle-square-o <= 0.5) & (bottom-left-square-o > 0.5) & (top-left-square-o <= 0.5) & (bottom-right-square-o <= 0.5),(middle-middle-square-o <= 0.5) & (top-left-square-o <= 0.5) & (bottom-right-square-o <= 0.5),,
248,6,4,9,6,7,,,(bottom-right-square-o <= 0.5) & (top-right-square-o > 0.5) & (middle-right-square-x > 0.5) & (bottom-middle-square-o > 0.5) & (bottom-right-square-x <= 0.5) & (bottom-left-square-o <= 0.5),(middle-middle-square-o > 0.5) & (bottom-left-square-x > 0.5) & (top-left-square-x > 0.5) & (middle-left-square-x > 0.5),(middle-middle-square-o > 0.5) & (bottom-right-square-x <= 0.5) & (top-left-square-x > 0.5) & (bottom-middle-square-x <= 0.5) & (top-middle-square-o <= 0.5) & (top-right-square-o > 0.5) & (middle-right-square-x > 0.5) & (top-middle-square-b > 0.5) & (bottom-middle-square-o > 0.5),(middle-middle-square-o > 0.5) & (top-right-square-x <= 0.5) & (bottom-left-square-x > 0.5) & (top-middle-square-x <= 0.5) & (bottom-middle-square-o > 0.5) & (top-middle-square-b > 0.5),(middle-middle-square-o > 0.5) & (bottom-right-square-x <= 0.5) & (top-left-square-x > 0.5) & (bottom-middle-square-x <= 0.5) & (middle-right-square-x > 0.5) & (bottom-left-square-x > 0.5) & (middle-left-square-x > 0.5),,
249,8,4,10,7,7,,,(bottom-right-square-o > 0.5) & (top-right-square-o > 0.5) & (middle-right-square-o <= 0.5) & (bottom-left-square-b <= 0.5) & (top-left-square-o <= 0.5) & (top-middle-square-x <= 0.5) & (middle-left-square-o <= 0.5) & (bottom-left-square-o <= 0.5),(middle-middle-square-o > 0.5) & (bottom-left-square-x > 0.5) & (top-left-square-x > 0.5) & (middle-left-square-x > 0.5),(middle-middle-square-o > 0.5) & (bottom-right-square-x <= 0.5) & (top-left-square-x > 0.5) & (bottom-middle-square-x <= 0.5) & (top-middle-square-o <= 0.5) & (top-right-square-o > 0.5) & (middle-right-square-x > 0.5) & (top-middle-square-b > 0.5) & (bottom-middle-square-o <= 0.5) & (bottom-right-square-o > 0.5),(middle-middle-square-o > 0.5) & (top-right-square-x <= 0.5) & (bottom-left-square-x > 0.5) & (top-middle-square-x <= 0.5) & (bottom-middle-square-o <= 0.5) & (top-left-square-o <= 0.5) & (middle-left-square-o <= 0.5),(middle-middle-square-o > 0.5) & (bottom-right-square-x <= 0.5) & (top-left-square-x > 0.5) & (bottom-middle-square-x <= 0.5) & (middle-right-square-x > 0.5) & (bottom-left-square-x > 0.5) & (middle-left-square-x > 0.5),,
250,6,4,9,7,7,,,(bottom-right-square-o <= 0.5) & (top-right-square-o > 0.5) & (middle-right-square-x <= 0.5) & (bottom-left-square-o <= 0.5) & (top-left-square-o <= 0.5) & (top-middle-square-x <= 0.5),(middle-middle-square-o > 0.5) & (bottom-left-square-x > 0.5) & (top-left-square-x > 0.5) & (middle-left-square-x > 0.5),(middle-middle-square-o > 0.5) & (bottom-right-square-x <= 0.5) & (top-left-square-x > 0.5) & (bottom-middle-square-x > 0.5) & (top-right-square-o > 0.5) & (top-middle-square-x <= 0.5) & (middle-right-square-x <= 0.5) & (top-middle-square-o <= 0.5) & (middle-right-square-b <= 0.5),(middle-middle-square-o > 0.5) & (top-right-square-x <= 0.5) & (bottom-left-square-x > 0.5) & (top-middle-square-x <= 0.5) & (bottom-middle-square-o <= 0.5) & (top-left-square-o <= 0.5) & (middle-left-square-o <= 0.5),(middle-middle-square-o > 0.5) & (bottom-right-square-x <= 0.5) & (top-left-square-x > 0.5) & (bottom-middle-square-x > 0.5) & (top-right-square-o > 0.5) & (bottom-left-square-x > 0.5) & (middle-left-square-x > 0.5),,
251,6,4,8,7,7,,,(bottom-right-square-o <= 0.5) & (top-right-square-o > 0.5) & (middle-right-square-x <= 0.5) & (bottom-left-square-o <= 0.5) & (top-left-square-o <= 0.5) & (top-middle-square-x <= 0.5),(middle-middle-square-o > 0.5) & (bottom-left-square-x > 0.5) & (top-left-square-x > 0.5) & (middle-left-square-x > 0.5),(middle-middle-square-o > 0.5) & (bottom-right-square-x > 0.5) & (top-right-square-x <= 0.5) & (bottom-middle-square-x <= 0.5) & (middle-right-square-x <= 0.5) & (middle-left-square-x > 0.5) & (middle-right-square-b <= 0.5) & (top-middle-square-x <= 0.5),(middle-middle-square-o > 0.5) & (top-right-square-x <= 0.5) & (bottom-left-square-x > 0.5) & (top-middle-square-x <= 0.5) & (bottom-middle-square-o <= 0.5) & (top-left-square-o <= 0.5) & (middle-left-square-o <= 0.5),(middle-middle-square-o > 0.5) & (bottom-right-square-x > 0.5) & (top-right-square-x <= 0.5) & (bottom-left-square-x > 0.5) & (bottom-middle-square-x <= 0.5) & (middle-left-square-x > 0.5) & (top-left-square-x > 0.5),,
252,8,4,10,7,7,,,(bottom-right-square-o > 0.5) & (top-right-square-o > 0.5) & (middle-right-square-o <= 0.5) & (bottom-left-square-b <= 0.5) & (top-left-square-o <= 0.5) & (top-middle-square-x <= 0.5) & (middle-left-square-o <= 0.5) & (bottom-left-square-o <= 0.5),(middle-middle-square-o > 0.5) & (bottom-left-square-x > 0.5) & (top-left-square-x > 0.5) & (middle-left-square-x > 0.5),(middle-middle-square-o > 0.5) & (bottom-right-square-x <= 0.5) & (top-left-square-x > 0.5) & (bottom-middle-square-x > 0.5) & (top-right-square-o > 0.5) & (top-middle-square-x <= 0.5) & (middle-right-square-x <= 0.5) & (top-middle-square-o <= 0.5) & (middle-right-square-b > 0.5) & (bottom-right-square-b <= 0.5),(middle-middle-square-o > 0.5) & (top-right-square-x <= 0.5) & (bottom-left-square-x > 0.5) & (top-middle-square-x <= 0.5) & (bottom-middle-square-o <= 0.5) & (top-left-square-o <= 0.5) & (middle-left-square-o <= 0.5),(middle-middle-square-o > 0.5) & (bottom-right-square-x <= 0.5) & (top-left-square-x > 0.5) & (bottom-middle-square-x > 0.5) & (top-right-square-o > 0.5) & (bottom-left-square-x > 0.5) & (middle-left-square-x > 0.5),,
253,6,4,12,6,7,,,(bottom-right-square-o <= 0.5) & (top-right-square-o > 0.5) & (middle-right-square-x <= 0.5) & (bottom-left-square-o <= 0.5) & (top-left-square-o <= 0.5) & (top-middle-square-x <= 0.5),(middle-middle-square-o > 0.5) & (bottom-left-square-x > 0.5) & (top-left-square-x > 0.5) & (middle-left-square-x > 0.5),(middle-middle-square-o > 0.5) & (bottom-right-square-x > 0.5) & (top-right-square-x <= 0.5) & (bottom-middle-square-x <= 0.5) & (middle-right-square-x <= 0.5) & (middle-left-square-x > 0.5) & (middle-right-square-b > 0.5) & (top-left-square-b <= 0.5) & (top-right-square-o > 0.5) & (top-middle-square-x <= 0.5) & (top-middle-square-o <= 0.5) & (bottom-middle-square-b <= 0.5),(middle-middle-square-o > 0.5) & (top-right-square-x <= 0.5) & (bottom-left-square-x > 0.5) & (top-middle-square-x <= 0.5) & (bottom-middle-square-o > 0.5) & (top-middle-square-b > 0.5),(middle-middle-square-o > 0.5) & (bottom-right-square-x > 0.5) & (top-right-square-x <= 0.5) & (bottom-left-square-x > 0.5) & (bottom-middle-square-x <= 0.5) & (middle-left-square-x > 0.5) & (top-left-square-x > 0.5),,
254,6,4,8,7,12,,,(bottom-right-square-o <= 0.5) & (top-right-square-o > 0.5) & (middle-right-square-x <= 0.5) & (bottom-left-square-o <= 0.5) & (top-left-square-o <= 0.5) & (top-middle-square-x <= 0.5),(middle-middle-square-o > 0.5) & (bottom-left-square-x > 0.5) & (top-left-square-x > 0.5) & (middle-left-square-x > 0.5),(middle-middle-square-o > 0.5) & (bottom-right-square-x <= 0.5) & (top-left-square-x > 0.5) & (bottom-middle-square-x <= 0.5) & (top-middle-square-o <= 0.5) & (top-right-square-o > 0.5) & (middle-right-square-x <= 0.5) & (top-middle-square-b > 0.5),(middle-middle-square-o > 0.5) & (top-right-square-x <= 0.5) & (bottom-left-square-x > 0.5) & (top-middle-square-x <= 0.5) & (bottom-middle-square-o <= 0.5) & (top-left-square-o <= 0.5) & (middle-left-square-o <= 0.5),(middle-middle-square-o > 0.5) & (bottom-right-square-x <= 0.5) & (top-left-square-x > 0.5) & (bottom-middle-square-x <= 0.5) & (middle-right-square-x <= 0.5) & (bottom-right-square-o <= 0.5) & (middle-left-square-o <= 0.5) & (middle-right-square-b > 0.5) & (top-right-square-b <= 0.5) & (bottom-left-square-b <= 0.5) & (middle-left-square-x > 0.5) & (bottom-left-square-x > 0.5),,
255,8,6,7,7,8,,,(bottom-right-square-o > 0.5) & (top-right-square-o > 0.5) & (middle-right-square-o <= 0.5) & (bottom-left-square-b <= 0.5) & (top-left-square-o <= 0.5) & (top-middle-square-x <= 0.5) & (middle-left-square-o <= 0.5) & (bottom-left-square-o <= 0.5),(middle-middle-square-o <= 0.5) & (top-right-square-o > 0.5) & (top-left-square-o <= 0.5) & (middle-right-square-o <= 0.5) & (top-middle-square-x <= 0.5) & (middle-left-square-o <= 0.5),(middle-middle-square-o <= 0.5) & (top-left-square-o <= 0.5) & (bottom-right-square-o > 0.5) & (top-right-square-o > 0.5) & (middle-right-square-o <= 0.5) & (bottom-middle-square-o > 0.5) & (top-middle-square-x <= 0.5),(middle-middle-square-o <= 0.5) & (bottom-left-square-o <= 0.5) & (top-right-square-o > 0.5) & (bottom-right-square-o > 0.5) & (middle-left-square-b <= 0.5) & (bottom-middle-square-o > 0.5) & (top-middle-square-x <= 0.5),(middle-middle-square-o <= 0.5) & (top-left-square-o <= 0.5) & (bottom-right-square-o > 0.5) & (top-right-square-o > 0.5) & (middle-right-square-o <= 0.5) & (bottom-middle-square-o > 0.5) & (bottom-left-square-o <= 0.5) & (middle-left-square-x > 0.5),,
256,6,8,3,5,3,,,(bottom-right-square-o <= 0.5) & (top-right-square-o > 0.5) & (middle-right-square-x <= 0.5) & (bottom-left-square-o <= 0.5) & (top-left-square-o <= 0.5) & (top-middle-square-x <= 0.5),(middle-middle-square-o <= 0.5) & (top-right-square-o > 0.5) & (top-left-square-o <= 0.5) & (middle-right-square-o > 0.5) & (top-middle-square-o <= 0.5) & (middle-left-square-o <= 0.5) & (bottom-middle-square-o > 0.5) & (top-middle-square-x <= 0.5),(middle-middle-square-o <= 0.5) & (top-left-square-o <= 0.5) & (bottom-right-square-o <= 0.5),(middle-middle-square-o <= 0.5) & (bottom-left-square-o <= 0.5) & (top-right-square-o > 0.5) & (bottom-right-square-o <= 0.5) & (top-left-square-o <= 0.5),(middle-middle-square-o <= 0.5) & (top-left-square-o <= 0.5) & (bottom-right-square-o <= 0.5),,
257,6,11,3,5,3,,,(bottom-right-square-o <= 0.5) & (top-right-square-o > 0.5) & (middle-right-square-x <= 0.5) & (bottom-left-square-o <= 0.5) & (top-left-square-o <= 0.5) & (top-middle-square-x <= 0.5),(middle-middle-square-o <= 0.5) & (top-right-square-o > 0.5) & (top-left-square-o <= 0.5) & (middle-right-square-o > 0.5) & (top-middle-square-o <= 0.5) & (middle-left-square-o <= 0.5) & (bottom-middle-square-o <= 0.5) & (bottom-left-square-o <= 0.5) & (top-middle-square-b > 0.5) & (middle-middle-square-x <= 0.5) & (bottom-middle-square-b > 0.5),(middle-middle-square-o <= 0.5) & (top-left-square-o <= 0.5) & (bottom-right-square-o <= 0.5),(middle-middle-square-o <= 0.5) & (bottom-left-square-o <= 0.5) & (top-right-square-o > 0.5) & (bottom-right-square-o <= 0.5) & (top-left-square-o <= 0.5),(middle-middle-square-o <= 0.5) & (top-left-square-o <= 0.5) & (bottom-right-square-o <= 0.5),,
258,6,6,3,5,3,,,(bottom-right-square-o <= 0.5) & (top-right-square-o > 0.5) & (middle-right-square-x <= 0.5) & (bottom-left-square-o <= 0.5) & (top-left-square-o <= 0.5) & (top-middle-square-x <= 0.5),(middle-middle-square-o <= 0.5) & (top-right-square-o > 0.5) & (top-left-square-o <= 0.5) & (middle-right-square-o <= 0.5) & (top-middle-square-x <= 0.5) & (middle-left-square-o <= 0.5),(middle-middle-square-o <= 0.5) & (top-left-square-o <= 0.5) & (bottom-right-square-o <= 0.5),(middle-middle-square-o <= 0.5) & (bottom-left-square-o <= 0.5) & (top-right-square-o > 0.5) & (bottom-right-square-o <= 0.5) & (top-left-square-o <= 0.5),(middle-middle-square-o <= 0.5) & (top-left-square-o <= 0.5) & (bottom-right-square-o <= 0.5),,
259,8,6,7,9,7,,,(bottom-right-square-o > 0.5) & (top-right-square-o > 0.5) & (middle-right-square-o <= 0.5) & (bottom-left-square-b <= 0.5) & (top-left-square-o <= 0.5) & (top-middle-square-x <= 0.5) & (middle-left-square-o <= 0.5) & (bottom-left-square-o <= 0.5),(middle-middle-square-o <= 0.5) & (top-right-square-o > 0.5) & (top-left-square-o <= 0.5) & (middle-right-square-o <= 0.5) & (top-middle-square-x <= 0.5) & (middle-left-square-o <= 0.5),(middle-middle-square-o <= 0.5) & (top-left-square-o <= 0.5) & (bottom-right-square-o > 0.5) & (top-right-square-o > 0.5) & (middle-right-square-o <= 0.5) & (bottom-middle-square-o <= 0.5) & (middle-left-square-o <= 0.5),(middle-middle-square-o <= 0.5) & (bottom-left-square-o <= 0.5) & (top-right-square-o > 0.5) & (bottom-right-square-o > 0.5) & (middle-left-square-b <= 0.5) & (bottom-middle-square-o <= 0.5) & (middle-middle-square-b > 0.5) & (top-middle-square-x <= 0.5) & (bottom-middle-square-x <= 0.5),(middle-middle-square-o <= 0.5) & (top-left-square-o <= 0.5) & (bottom-right-square-o > 0.5) & (top-right-square-o > 0.5) & (middle-right-square-o <= 0.5) & (bottom-middle-square-o <= 0.5) & (middle-left-square-o <= 0.5),,
260,11,8,3,4,3,,,(bottom-right-square-o <= 0.5) & (top-right-square-o > 0.5) & (middle-right-square-x > 0.5) & (bottom-middle-square-o <= 0.5) & (middle-left-square-b <= 0.5) & (top-left-square-o <= 0.5) & (bottom-left-square-o > 0.5) & (top-middle-square-o <= 0.5) & (top-middle-square-b > 0.5) & (bottom-middle-square-x <= 0.5) & (middle-left-square-x <= 0.5),(middle-middle-square-o <= 0.5) & (top-right-square-o > 0.5) & (top-left-square-o <= 0.5) & (middle-right-square-o <= 0.5) & (top-middle-square-x <= 0.5) & (middle-left-square-o > 0.5) & (middle-right-square-x > 0.5) & (bottom-middle-square-x <= 0.5),(middle-middle-square-o <= 0.5) & (top-left-square-o <= 0.5) & (bottom-right-square-o <= 0.5),(middle-middle-square-o <= 0.5) & (bottom-left-square-o > 0.5) & (top-left-square-o <= 0.5) & (bottom-right-square-o <= 0.5),(middle-middle-square-o <= 0.5) & (top-left-square-o <= 0.5) & (bottom-right-square-o <= 0.5),,
261,9,8,3,5,3,,,(bottom-right-square-o <= 0.5) & (top-right-square-o > 0.5) & (middle-right-square-x > 0.5) & (bottom-middle-square-o > 0.5) & (bottom-right-square-x > 0.5) & (bottom-left-square-x <= 0.5) & (top-left-square-o <= 0.5) & (top-middle-square-x <= 0.5) & (middle-left-square-x <= 0.5),(middle-middle-square-o <= 0.5) & (top-right-square-o > 0.5) & (top-left-square-o <= 0.5) & (middle-right-square-o <= 0.5) & (top-middle-square-x <= 0.5) & (middle-left-square-o > 0.5) & (middle-right-square-x > 0.5) & (bottom-middle-square-x <= 0.5),(middle-middle-square-o <= 0.5) & (top-left-square-o <= 0.5) & (bottom-right-square-o <= 0.5),(middle-middle-square-o <= 0.5) & (bottom-left-square-o <= 0.5) & (top-right-square-o > 0.5) & (bottom-right-square-o <= 0.5) & (top-left-square-o <= 0.5),(middle-middle-square-o <= 0.5) & (top-left-square-o <= 0.5) & (bottom-right-square-o <= 0.5),,
262,6,11,3,5,3,,,(bottom-right-square-o <= 0.5) & (top-right-square-o > 0.5) & (middle-right-square-x <= 0.5) & (bottom-left-square-o <= 0.5) & (top-left-square-o <= 0.5) & (top-middle-square-x <= 0.5),(middle-middle-square-o <= 0.5) & (top-right-square-o > 0.5) & (top-left-square-o <= 0.5) & (middle-right-square-o > 0.5) & (top-middle-square-o <= 0.5) & (middle-left-square-o > 0.5) & (bottom-left-square-x > 0.5) & (top-left-square-x > 0.5) & (bottom-middle-square-o <= 0.5) & (top-middle-square-b > 0.5) & (bottom-middle-square-b > 0.5),(middle-middle-square-o <= 0.5) & (top-left-square-o <= 0.5) & (bottom-right-square-o <= 0.5),(middle-middle-square-o <= 0.5) & (bottom-left-square-o <= 0.5) & (top-right-square-o > 0.5) & (bottom-right-square-o <= 0.5) & (top-left-square-o <= 0.5),(middle-middle-square-o <= 0.5) & (top-left-square-o <= 0.5) & (bottom-right-square-o <= 0.5),,
263,6,7,3,5,3,,,(bottom-right-square-o <= 0.5) & (top-right-square-o > 0.5) & (middle-right-square-x <= 0.5) & (bottom-left-square-o <= 0.5) & (top-left-square-o <= 0.5) & (top-middle-square-x <= 0.5),(middle-middle-square-o <= 0.5) & (top-right-square-o > 0.5) & (top-left-square-o <= 0.5) & (middle-right-square-o > 0.5) & (top-middle-square-o <= 0.5) & (middle-left-square-o > 0.5) & (bottom-left-square-x <= 0.5),(middle-middle-square-o <= 0.5) & (top-left-square-o <= 0.5) & (bottom-right-square-o <= 0.5),(middle-middle-square-o <= 0.5) & (bottom-left-square-o <= 0.5) & (top-right-square-o > 0.5) & (bottom-right-square-o <= 0.5) & (top-left-square-o <= 0.5),(middle-middle-square-o <= 0.5) & (top-left-square-o <= 0.5) & (bottom-right-square-o <= 0.5),,
264,6,7,3,5,3,,,(bottom-right-square-o <= 0.5) & (top-right-square-o > 0.5) & (middle-right-square-x <= 0.5) & (bottom-left-square-o <= 0.5) & (top-left-square-o <= 0.5) & (top-middle-square-x <= 0.5),(middle-middle-square-o <= 0.5) & (top-right-square-o > 0.5) & (top-left-square-o <= 0.5) & (middle-right-square-o <= 0.5) & (top-middle-square-x <= 0.5) & (middle-left-square-o > 0.5) & (middle-right-square-x <= 0.5),(middle-middle-square-o <= 0.5) & (top-left-square-o <= 0.5) & (bottom-right-square-o <= 0.5),(middle-middle-square-o <= 0.5) & (bottom-left-square-o <= 0.5) & (top-right-square-o > 0.5) & (bottom-right-square-o <= 0.5) & (top-left-square-o <= 0.5),(middle-middle-square-o <= 0.5) & (top-left-square-o <= 0.5) & (bottom-right-square-o <= 0.5),,
265,10,7,3,4,3,,,(bottom-right-square-o <= 0.5) & (top-right-square-o > 0.5) & (middle-right-square-x <= 0.5) & (bottom-left-square-o > 0.5) & (middle-left-square-x <= 0.5) & (middle-left-square-b <= 0.5) & (middle-right-square-o <= 0.5) & (bottom-middle-square-x > 0.5) & (top-left-square-x > 0.5) & (top-middle-square-b > 0.5),(middle-middle-square-o <= 0.5) & (top-right-square-o > 0.5) & (top-left-square-o <= 0.5) & (middle-right-square-o <= 0.5) & (top-middle-square-x <= 0.5) & (middle-left-square-o > 0.5) & (middle-right-square-x <= 0.5),(middle-middle-square-o <= 0.5) & (top-left-square-o <= 0.5) & (bottom-right-square-o <= 0.5),(middle-middle-square-o <= 0.5) & (bottom-left-square-o > 0.5) & (top-left-square-o <= 0.5) & (bottom-right-square-o <= 0.5),(middle-middle-square-o <= 0.5) & (top-left-square-o <= 0.5) & (bottom-right-square-o <= 0.5),,
266,6,7,3,5,3,,,(bottom-right-square-o <= 0.5) & (top-right-square-o > 0.5) & (middle-right-square-x <= 0.5) & (bottom-left-square-o <= 0.5) & (top-left-square-o <= 0.5) & (top-middle-square-x <= 0.5),(middle-middle-square-o <= 0.5) & (top-right-square-o > 0.5) & (top-left-square-o <= 0.5) & (middle-right-square-o <= 0.5) & (top-middle-square-x <= 0.5) & (middle-left-square-o > 0.5) & (middle-right-square-x <= 0.5),(middle-middle-square-o <= 0.5) & (top-left-square-o <= 0.5) & (bottom-right-square-o <= 0.5),(middle-middle-square-o <= 0.5) & (bottom-left-square-o <= 0.5) & (top-right-square-o > 0.5) & (bottom-right-square-o <= 0.5) & (top-left-square-o <= 0.5),(middle-middle-square-o <= 0.5) & (top-left-square-o <= 0.5) & (bottom-right-square-o <= 0.5),,
267,6,6,11,9,5,,,(bottom-right-square-o <= 0.5) & (top-right-square-o > 0.5) & (middle-right-square-x <= 0.5) & (bottom-left-square-o <= 0.5) & (top-left-square-o <= 0.5) & (top-middle-square-x <= 0.5),(middle-middle-square-o > 0.5) & (bottom-left-square-x > 0.5) & (top-left-square-x > 0.5) & (middle-left-square-x <= 0.5) & (middle-right-square-b > 0.5) & (bottom-middle-square-o <= 0.5),(middle-middle-square-o > 0.5) & (bottom-right-square-x > 0.5) & (top-right-square-x <= 0.5) & (bottom-middle-square-x > 0.5) & (top-middle-square-x <= 0.5) & (top-right-square-b <= 0.5) & (middle-right-square-x <= 0.5) & (top-left-square-x > 0.5) & (middle-left-square-x <= 0.5) & (top-middle-square-o <= 0.5) & (middle-left-square-b <= 0.5),(middle-middle-square-o > 0.5) & (top-right-square-x <= 0.5) & (bottom-left-square-x > 0.5) & (top-middle-square-x <= 0.5) & (bottom-middle-square-o <= 0.5) & (top-left-square-o <= 0.5) & (middle-left-square-o > 0.5) & (bottom-right-square-b <= 0.5) & (bottom-middle-square-b <= 0.5),(middle-middle-square-o > 0.5) & (bottom-right-square-x > 0.5) & (top-right-square-x <= 0.5) & (bottom-left-square-x > 0.5) & (bottom-middle-square-x > 0.5),,
268,6,12,3,5,3,,,(bottom-right-square-o <= 0.5) & (top-right-square-o > 0.5) & (middle-right-square-x <= 0.5) & (bottom-left-square-o <= 0.5) & (top-left-square-o <= 0.5) & (top-middle-square-x <= 0.5),(middle-middle-square-o <= 0.5) & (top-right-square-o > 0.5) & (top-left-square-o <= 0.5) & (middle-right-square-o > 0.5) & (top-middle-square-o <= 0.5) & (middle-left-square-o > 0.5) & (bottom-left-square-x > 0.5) & (top-left-square-x > 0.5) & (bottom-middle-square-o <= 0.5) & (top-middle-square-b > 0.5) & (bottom-middle-square-b <= 0.5) & (middle-middle-square-x <= 0.5),(middle-middle-square-o <= 0.5) & (top-left-square-o <= 0.5) & (bottom-right-square-o <= 0.5),(middle-middle-square-o <= 0.5) & (bottom-left-square-o <= 0.5) & (top-right-square-o > 0.5) & (bottom-right-square-o <= 0.5) & (top-left-square-o <= 0.5),(middle-middle-square-o <= 0.5) & (top-left-square-o <= 0.5) & (bottom-right-square-o <= 0.5),,
269,9,6,3,4,3,,,(bottom-right-square-o <= 0.5) & (top-right-square-o > 0.5) & (middle-right-square-x > 0.5) & (bottom-middle-square-o > 0.5) & (bottom-right-square-x > 0.5) & (bottom-left-square-x <= 0.5) & (top-left-square-o <= 0.5) & (top-middle-square-x <= 0.5) & (middle-left-square-x <= 0.5),(middle-middle-square-o <= 0.5) & (top-right-square-o > 0.5) & (top-left-square-o <= 0.5) & (middle-right-square-o <= 0.5) & (top-middle-square-x <= 0.5) & (middle-left-square-o <= 0.5),(middle-middle-square-o <= 0.5) & (top-left-square-o <= 0.5) & (bottom-right-square-o <= 0.5),(middle-middle-square-o <= 0.5) & (bottom-left-square-o > 0.5) & (top-left-square-o <= 0.5) & (bottom-right-square-o <= 0.5),(middle-middle-square-o <= 0.5) & (top-left-square-o <= 0.5) & (bottom-right-square-o <= 0.5),,
270,6,8,3,5,3,,,(bottom-right-square-o <= 0.5) & (top-right-square-o > 0.5) & (middle-right-square-x <= 0.5) & (bottom-left-square-o <= 0.5) & (top-left-square-o <= 0.5) & (top-middle-square-x <= 0.5),(middle-middle-square-o <= 0.5) & (top-right-square-o > 0.5) & (top-left-square-o <= 0.5) & (middle-right-square-o > 0.5) & (top-middle-square-o <= 0.5) & (middle-left-square-o <= 0.5) & (bottom-middle-square-o > 0.5) & (top-middle-square-x <= 0.5),(middle-middle-square-o <= 0.5) & (top-left-square-o <= 0.5) & (bottom-right-square-o <= 0.5),(middle-middle-square-o <= 0.5) & (bottom-left-square-o <= 0.5) & (top-right-square-o > 0.5) & (bottom-right-square-o <= 0.5) & (top-left-square-o <= 0.5),(middle-middle-square-o <= 0.5) & (top-left-square-o <= 0.5) & (bottom-right-square-o <= 0.5),,
271,8,9,3,4,3,,,(bottom-right-square-o <= 0.5) & (top-right-square-o > 0.5) & (middle-right-square-x <= 0.5) & (bottom-left-square-o > 0.5) & (middle-left-square-x <= 0.5) & (middle-left-square-b > 0.5) & (middle-right-square-o > 0.5) & (top-middle-square-x <= 0.5),(middle-middle-square-o <= 0.5) & (top-right-square-o > 0.5) & (top-left-square-o <= 0.5) & (middle-right-square-o > 0.5) & (top-middle-square-o <= 0.5) & (middle-left-square-o <= 0.5) & (bottom-middle-square-o <= 0.5) & (bottom-left-square-o > 0.5) & (middle-left-square-x <= 0.5),(middle-middle-square-o <= 0.5) & (top-left-square-o <= 0.5) & (bottom-right-square-o <= 0.5),(middle-middle-square-o <= 0.5) & (bottom-left-square-o > 0.5) & (top-left-square-o <= 0.5) & (bottom-right-square-o <= 0.5),(middle-middle-square-o <= 0.5) & (top-left-square-o <= 0.5) & (bottom-right-square-o <= 0.5),,
272,6,14,3,5,3,,,(bottom-right-square-o <= 0.5) & (top-right-square-o > 0.5) & (middle-right-square-x <= 0.5) & (bottom-left-square-o <= 0.5) & (top-left-square-o <= 0.5) & (top-middle-square-x <= 0.5),(middle-middle-square-o <= 0.5) & (top-right-square-o > 0.5) & (top-left-square-o <= 0.5) & (middle-right-square-o > 0.5) & (top-middle-square-o <= 0.5) & (middle-left-square-o <= 0.5) & (bottom-middle-square-o <= 0.5) & (bottom-left-square-o <= 0.5) & (top-middle-square-b > 0.5) & (middle-middle-square-x > 0.5) & (top-left-square-b <= 0.5) & (bottom-left-square-x <= 0.5) & (bottom-middle-square-x <= 0.5) & (middle-left-square-b > 0.5),(middle-middle-square-o <= 0.5) & (top-left-square-o <= 0.5) & (bottom-right-square-o <= 0.5),(middle-middle-square-o <= 0.5) & (bottom-left-square-o <= 0.5) & (top-right-square-o > 0.5) & (bottom-right-square-o <= 0.5) & (top-left-square-o <= 0.5),(middle-middle-square-o <= 0.5) & (top-left-square-o <= 0.5) & (bottom-right-square-o <= 0.5),,
273,12,6,3,4,3,,,(bottom-right-square-o <= 0.5) & (top-right-square-o > 0.5) & (middle-right-square-x <= 0.5) & (bottom-left-square-o > 0.5) & (middle-left-square-x <= 0.5) & (middle-left-square-b > 0.5) & (middle-right-square-o <= 0.5) & (bottom-middle-square-o <= 0.5) & (top-middle-square-o <= 0.5) & (top-left-square-o <= 0.5) & (bottom-middle-square-b > 0.5) & (top-middle-square-b > 0.5),(middle-middle-square-o <= 0.5) & (top-right-square-o > 0.5) & (top-left-square-o <= 0.5) & (middle-right-square-o <= 0.5) & (top-middle-square-x <= 0.5) & (middle-left-square-o <= 0.5),(middle-middle-square-o <= 0.5) & (top-left-square-o <= 0.5) & (bottom-right-square-o <= 0.5),(middle-middle-square-o <= 0.5) & (bottom-left-square-o > 0.5) & (top-left-square-o <= 0.5) & (bottom-right-square-o <= 0.5),(middle-middle-square-o <= 0.5) & (top-left-square-o <= 0.5) & (bottom-right-square-o <= 0.5),,
274,6,6,3,5,3,,,(bottom-right-square-o <= 0.5) & (top-right-square-o > 0.5) & (middle-right-square-x <= 0.5) & (bottom-left-square-o <= 0.5) & (top-left-square-o <= 0.5) & (top-middle-square-x <= 0.5),(middle-middle-square-o <= 0.5) & (top-right-square-o > 0.5) & (top-left-square-o <= 0.5) & (middle-right-square-o <= 0.5) & (top-middle-square-x <= 0.5) & (middle-left-square-o <= 0.5),(middle-middle-square-o <= 0.5) & (top-left-square-o <= 0.5) & (bottom-right-square-o <= 0.5),(middle-middle-square-o <= 0.5) & (bottom-left-square-o <= 0.5) & (top-right-square-o > 0.5) & (bottom-right-square-o <= 0.5) & (top-left-square-o <= 0.5),(middle-middle-square-o <= 0.5) & (top-left-square-o <= 0.5) & (bottom-right-square-o <= 0.5),,
275,6,8,12,7,5,,,(bottom-right-square-o <= 0.5) & (top-right-square-o > 0.5) & (middle-right-square-x <= 0.5) & (bottom-left-square-o <= 0.5) & (top-left-square-o <= 0.5) & (top-middle-square-x <= 0.5),(middle-middle-square-o > 0.5) & (bottom-left-square-x > 0.5) & (top-left-square-x > 0.5) & (middle-left-square-x <= 0.5) & (middle-right-square-b <= 0.5) & (middle-left-square-b > 0.5) & (middle-right-square-o > 0.5) & (top-middle-square-b > 0.5),(middle-middle-square-o > 0.5) & (bottom-right-square-x > 0.5) & (top-right-square-x <= 0.5) & (bottom-middle-square-x > 0.5) & (top-middle-square-x <= 0.5) & (top-right-square-b <= 0.5) & (middle-right-square-x <= 0.5) & (top-left-square-x > 0.5) & (middle-left-square-x <= 0.5) & (top-middle-square-o <= 0.5) & (middle-left-square-b > 0.5) & (middle-right-square-b <= 0.5),(middle-middle-square-o > 0.5) & (top-right-square-x <= 0.5) & (bottom-left-square-x > 0.5) & (top-middle-square-x <= 0.5) & (bottom-middle-square-o <= 0.5) & (top-left-square-o <= 0.5) & (middle-left-square-o <= 0.5),(middle-middle-square-o > 0.5) & (bottom-right-square-x > 0.5) & (top-right-square-x <= 0.5) & (bottom-left-square-x > 0.5) & (bottom-middle-square-x > 0.5),,
276,6,3,11,3,5,,,(bottom-right-square-o > 0.5) & (top-right-square-o <= 0.5) & (middle-right-square-x <= 0.5) & (top-left-square-o <= 0.5) & (bottom-left-square-o <= 0.5) & (bottom-middle-square-x <= 0.5),(middle-middle-square-o <= 0.5) & (top-right-square-o <= 0.5) & (bottom-left-square-o <= 0.5),(middle-middle-square-o <= 0.5) & (top-left-square-o <= 0.5) & (bottom-right-square-o > 0.5) & (top-right-square-o <= 0.5) & (bottom-middle-square-o > 0.5) & (top-middle-square-o <= 0.5) & (middle-right-square-o > 0.5) & (middle-left-square-x > 0.5) & (middle-middle-square-b <= 0.5) & (top-middle-square-x <= 0.5) & (top-right-square-x <= 0.5),(middle-middle-square-o <= 0.5) & (bottom-left-square-o <= 0.5) & (top-right-square-o <= 0.5),(middle-middle-square-o <= 0.5) & (top-left-square-o <= 0.5) & (bottom-right-square-o > 0.5) & (top-right-square-o <= 0.5) & (bottom-left-square-o <= 0.5),,
277,8,12,3,4,3,,,(bottom-right-square-o <= 0.5) & (top-right-square-o <= 0.5) & (middle-left-square-b <= 0.5) & (bottom-middle-square-x <= 0.5) & (top-middle-square-b > 0.5) & (bottom-middle-square-o > 0.5) & (middle-right-square-o > 0.5) & (middle-left-square-o <= 0.5),(middle-middle-square-o <= 0.5) & (top-right-square-o <= 0.5) & (bottom-left-square-o > 0.5) & (top-left-square-o <= 0.5) & (bottom-middle-square-o > 0.5) & (top-middle-square-o <= 0.5) & (middle-left-square-o <= 0.5) & (middle-right-square-o > 0.5) & (middle-left-square-b <= 0.5) & (middle-middle-square-x > 0.5) & (top-right-square-x <= 0.5) & (top-middle-square-b > 0.5),(middle-middle-square-o <= 0.5) & (top-left-square-o <= 0.5) & (bottom-right-square-o <= 0.5),(middle-middle-square-o <= 0.5) & (bottom-left-square-o > 0.5) & (top-left-square-o <= 0.5) & (bottom-right-square-o <= 0.5),(middle-middle-square-o <= 0.5) & (top-left-square-o <= 0.5) & (bottom-right-square-o <= 0.5),,
278,7,4,11,6,7,,,(bottom-right-square-o > 0.5) & (top-right-square-o <= 0.5) & (middle-right-square-x > 0.5) & (top-middle-square-o <= 0.5) & (middle-left-square-b <= 0.5) & (bottom-left-square-o <= 0.5) & (top-left-square-o <= 0.5),(middle-middle-square-o > 0.5) & (bottom-left-square-x > 0.5) & (top-left-square-x > 0.5) & (middle-left-square-x > 0.5),(middle-middle-square-o > 0.5) & (bottom-right-square-x <= 0.5) & (top-left-square-x > 0.5) & (bottom-middle-square-x <= 0.5) & (top-middle-square-o <= 0.5) & (top-right-square-o <= 0.5) & (middle-right-square-b <= 0.5) & (top-middle-square-x <= 0.5) & (middle-left-square-x > 0.5) & (middle-right-square-x > 0.5) & (top-right-square-x <= 0.5),(middle-middle-square-o > 0.5) & (top-right-square-x <= 0.5) & (bottom-left-square-x > 0.5) & (top-middle-square-x <= 0.5) & (bottom-middle-square-o > 0.5) & (top-middle-square-b > 0.5),(middle-middle-square-o > 0.5) & (bottom-right-square-x <= 0.5) & (top-left-square-x > 0.5) & (bottom-middle-square-x <= 0.5) & (middle-right-square-x > 0.5) & (bottom-left-square-x > 0.5) & (middle-left-square-x > 0.5),,
279,7,4,7,7,7,,,(bottom-right-square-o > 0.5) & (top-right-square-o <= 0.5) & (middle-right-square-x <= 0.5) & (top-left-square-o <= 0.5) & (bottom-left-square-o <= 0.5) & (bottom-middle-square-x > 0.5) & (middle-left-square-o <= 0.5),(middle-middle-square-o > 0.5) & (bottom-left-square-x > 0.5) & (top-left-square-x > 0.5) & (middle-left-square-x > 0.5),(middle-middle-square-o > 0.5) & (bottom-right-square-x <= 0.5) & (top-left-square-x > 0.5) & (bottom-middle-square-x > 0.5) & (top-right-square-o <= 0.5) & (middle-left-square-o <= 0.5) & (middle-right-square-x <= 0.5),(middle-middle-square-o > 0.5) & (top-right-square-x <= 0.5) & (bottom-left-square-x > 0.5) & (top-middle-square-x <= 0.5) & (bottom-middle-square-o <= 0.5) & (top-left-square-o <= 0.5) & (middle-left-square-o <= 0.5),(middle-middle-square-o > 0.5) & (bottom-right-square-x <= 0.5) & (top-left-square-x > 0.5) & (bottom-middle-square-x > 0.5) & (top-right-square-o <= 0.5) & (middle-left-square-o <= 0.5) & (middle-right-square-x <= 0.5),,
280,8,4,8,6,7,,,(bottom-right-square-o <= 0.5) & (top-right-square-o <= 0.5) & (middle-left-square-b <= 0.5) & (bottom-middle-square-x <= 0.5) & (top-middle-square-b > 0.5) & (bottom-middle-square-o > 0.5) & (middle-right-square-o > 0.5) & (middle-left-square-o <= 0.5),(middle-middle-square-o > 0.5) & (bottom-left-square-x > 0.5) & (top-left-square-x > 0.5) & (middle-left-square-x > 0.5),(middle-middle-square-o > 0.5) & (bottom-right-square-x > 0.5) & (top-right-square-x <= 0.5) & (bottom-middle-square-x <= 0.5) & (middle-right-square-x <= 0.5) & (middle-left-square-x > 0.5) & (middle-right-square-b <= 0.5) & (top-middle-square-x <= 0.5),(middle-middle-square-o > 0.5) & (top-right-square-x <= 0.5) & (bottom-left-square-x > 0.5) & (top-middle-square-x <= 0.5) & (bottom-middle-square-o > 0.5) & (top-middle-square-b > 0.5),(middle-middle-square-o > 0.5) & (bottom-right-square-x > 0.5) & (top-right-square-x <= 0.5) & (bottom-left-square-x > 0.5) & (bottom-middle-square-x <= 0.5) & (middle-left-square-x > 0.5) & (top-left-square-x > 0.5),,
281,7,4,10,7,8,,,(bottom-right-square-o <= 0.5) & (top-right-square-o <= 0.5) & (middle-left-square-b <= 0.5) & (bottom-middle-square-x <= 0.5) & (top-middle-square-b > 0.5) & (bottom-middle-square-o <= 0.5) & (middle-left-square-x > 0.5),(middle-middle-square-o > 0.5) & (bottom-left-square-x > 0.5) & (top-left-square-x > 0.5) & (middle-left-square-x > 0.5),(middle-middle-square-o > 0.5) & (bottom-right-square-x <= 0.5) & (top-left-square-x > 0.5) & (bottom-middle-square-x <= 0.5) & (top-middle-square-o <= 0.5) & (top-right-square-o <= 0.5) & (middle-right-square-b <= 0.5) & (top-middle-square-x <= 0.5) & (middle-left-square-x > 0.5) & (middle-right-square-x <= 0.5),(middle-middle-square-o > 0.5) & (top-right-square-x <= 0.5) & (bottom-left-square-x > 0.5) & (top-middle-square-x <= 0.5) & (bottom-middle-square-o <= 0.5) & (top-left-square-o <= 0.5) & (middle-left-square-o <= 0.5),(middle-middle-square-o > 0.5) & (bottom-right-square-x <= 0.5) & (top-left-square-x > 0.5) & (bottom-middle-square-x <= 0.5) & (middle-right-square-x <= 0.5) & (bottom-right-square-o <= 0.5) & (middle-left-square-o <= 0.5) & (middle-right-square-b <= 0.5),,
282,7,4,7,6,9,,,(bottom-right-square-o <= 0.5) & (top-right-square-o <= 0.5) & (middle-left-square-b <= 0.5) & (bottom-middle-square-x <= 0.5) & (top-middle-square-b > 0.5) & (bottom-middle-square-o > 0.5) & (middle-right-square-o <= 0.5),(middle-middle-square-o > 0.5) & (bottom-left-square-x > 0.5) & (top-left-square-x > 0.5) & (middle-left-square-x > 0.5),(middle-middle-square-o > 0.5) & (bottom-right-square-x <= 0.5) & (top-left-square-x > 0.5) & (bottom-middle-square-x <= 0.5) & (top-middle-square-o <= 0.5) & (top-right-square-o <= 0.5) & (middle-right-square-b > 0.5),(middle-middle-square-o > 0.5) & (top-right-square-x <= 0.5) & (bottom-left-square-x > 0.5) & (top-middle-square-x <= 0.5) & (bottom-middle-square-o > 0.5) & (top-middle-square-b > 0.5),(middle-middle-square-o > 0.5) & (bottom-right-square-x <= 0.5) & (top-left-square-x > 0.5) & (bottom-middle-square-x <= 0.5) & (middle-right-square-x <= 0.5) & (bottom-right-square-o <= 0.5) & (middle-left-square-o <= 0.5) & (middle-right-square-b > 0.5) & (top-right-square-b > 0.5),,
283,6,4,7,7,6,,,(bottom-right-square-o > 0.5) & (top-right-square-o <= 0.5) & (middle-right-square-x <= 0.5) & (top-left-square-o <= 0.5) & (bottom-left-square-o <= 0.5) & (bottom-middle-square-x <= 0.5),(middle-middle-square-o > 0.5) & (bottom-left-square-x > 0.5) & (top-left-square-x > 0.5) & (middle-left-square-x > 0.5),(middle-middle-square-o > 0.5) & (bottom-right-square-x <= 0.5) & (top-left-square-x > 0.5) & (bottom-middle-square-x <= 0.5) & (top-middle-square-o <= 0.5) & (top-right-square-o <= 0.5) & (middle-right-square-b > 0.5),(middle-middle-square-o > 0.5) & (top-right-square-x <= 0.5) & (bottom-left-square-x > 0.5) & (top-middle-square-x <= 0.5) & (bottom-middle-square-o <= 0.5) & (top-left-square-o <= 0.5) & (middle-left-square-o <= 0.5),(middle-middle-square-o > 0.5) & (bottom-right-square-x <= 0.5) & (top-left-square-x > 0.5) & (bottom-middle-square-x <= 0.5) & (middle-right-square-x <= 0.5) & (bottom-right-square-o > 0.5),,
284,8,3,3,3,3,,,(bottom-right-square-o <= 0.5) & (top-right-square-o <= 0.5) & (middle-left-square-b <= 0.5) & (bottom-middle-square-x <= 0.5) & (top-middle-square-b > 0.5) & (bottom-middle-square-o > 0.5) & (middle-right-square-o > 0.5) & (middle-left-square-o <= 0.5),(middle-middle-square-o <= 0.5) & (top-right-square-o <= 0.5) & (bottom-left-square-o <= 0.5),(middle-middle-square-o <= 0.5) & (top-left-square-o <= 0.5) & (bottom-right-square-o <= 0.5),(middle-middle-square-o <= 0.5) & (bottom-left-square-o <= 0.5) & (top-right-square-o <= 0.5),(middle-middle-square-o <= 0.5) & (top-left-square-o <= 0.5) & (bottom-right-square-o <= 0.5),,
285,6,3,6,3,5,,,(bottom-right-square-o > 0.5) & (top-right-square-o <= 0.5) & (middle-right-square-x <= 0.5) & (top-left-square-o <= 0.5) & (bottom-left-square-o <= 0.5) & (bottom-middle-square-x <= 0.5),(middle-middle-square-o <= 0.5) & (top-right-square-o <= 0.5) & (bottom-left-square-o <= 0.5),(middle-middle-square-o <= 0.5) & (top-left-square-o <= 0.5) & (bottom-right-square-o > 0.5) & (top-right-square-o <= 0.5) & (bottom-middle-square-o <= 0.5) & (top-middle-square-o <= 0.5),(middle-middle-square-o <= 0.5) & (bottom-left-square-o <= 0.5) & (top-right-square-o <= 0.5),(middle-middle-square-o <= 0.5) & (top-left-square-o <= 0.5) & (bottom-right-square-o > 0.5) & (top-right-square-o <= 0.5) & (bottom-left-square-o <= 0.5),,
286,6,3,13,3,5,,,(bottom-right-square-o > 0.5) & (top-right-square-o <= 0.5) & (middle-right-square-x <= 0.5) & (top-left-square-o <= 0.5) & (bottom-left-square-o <= 0.5) & (bottom-middle-square-x <= 0.5),(middle-middle-square-o <= 0.5) & (top-right-square-o <= 0.5) & (bottom-left-square-o <= 0.5),(middle-middle-square-o <= 0.5) & (top-left-square-o <= 0.5) & (bottom-right-square-o > 0.5) & (top-right-square-o <= 0.5) & (bottom-middle-square-o > 0.5) & (top-middle-square-o <= 0.5) & (middle-right-square-o <= 0.5) & (middle-left-square-o <= 0.5) & (top-middle-square-x <= 0.5) & (top-left-square-x > 0.5) & (middle-middle-square-x <= 0.5) & (middle-right-square-x <= 0.5) & (top-right-square-x <= 0.5),(middle-middle-square-o <= 0.5) & (bottom-left-square-o <= 0.5) & (top-right-square-o <= 0.5),(middle-middle-square-o <= 0.5) & (top-left-square-o <= 0.5) & (bottom-right-square-o > 0.5) & (top-right-square-o <= 0.5) & (bottom-left-square-o <= 0.5),,
287,7,11,3,4,3,,,(bottom-right-square-o <= 0.5) & (top-right-square-o <= 0.5) & (middle-left-square-b <= 0.5) & (bottom-middle-square-x <= 0.5) & (top-middle-square-b > 0.5) & (bottom-middle-square-o > 0.5) & (middle-right-square-o <= 0.5),(middle-middle-square-o <= 0.5) & (top-right-square-o <= 0.5) & (bottom-left-square-o > 0.5) & (top-left-square-o <= 0.5) & (bottom-middle-square-o > 0.5) & (top-middle-square-o <= 0.5) & (middle-left-square-o > 0.5) & (middle-right-square-x > 0.5) & (middle-middle-square-b <= 0.5) & (top-middle-square-x <= 0.5) & (top-right-square-b > 0.5),(middle-middle-square-o <= 0.5) & (top-left-square-o <= 0.5) & (bottom-right-square-o <= 0.5),(middle-middle-square-o <= 0.5) & (bottom-left-square-o > 0.5) & (top-left-square-o <= 0.5) & (bottom-right-square-o <= 0.5),(middle-middle-square-o <= 0.5) & (top-left-square-o <= 0.5) & (bottom-right-square-o <= 0.5),,
288,10,3,3,3,3,,,(bottom-right-square-o <= 0.5) & (top-right-square-o <= 0.5) & (middle-left-square-b <= 0.5) & (bottom-middle-square-x <= 0.5) & (top-middle-square-b > 0.5) & (bottom-middle-square-o > 0.5) & (middle-right-square-o > 0.5) & (middle-left-square-o > 0.5) & (top-left-square-b <= 0.5) & (top-right-square-x <= 0.5),(middle-middle-square-o <= 0.5) & (top-right-square-o <= 0.5) & (bottom-left-square-o <= 0.5),(middle-middle-square-o <= 0.5) & (top-left-square-o <= 0.5) & (bottom-right-square-o <= 0.5),(middle-middle-square-o <= 0.5) & (bottom-left-square-o <= 0.5) & (top-right-square-o <= 0.5),(middle-middle-square-o <= 0.5) & (top-left-square-o <= 0.5) & (bottom-right-square-o <= 0.5),,
289,12,6,3,4,3,,,(bottom-right-square-o <= 0.5) & (top-right-square-o <= 0.5) & (middle-left-square-b <= 0.5) & (bottom-middle-square-x > 0.5) & (bottom-left-square-x <= 0.5) & (top-left-square-o <= 0.5) & (middle-right-square-o > 0.5) & (bottom-left-square-o > 0.5) & (bottom-right-square-x > 0.5) & (top-right-square-b > 0.5) & (top-left-square-x > 0.5) & (top-middle-square-b > 0.5),(middle-middle-square-o <= 0.5) & (top-right-square-o <= 0.5) & (bottom-left-square-o > 0.5) & (top-left-square-o <= 0.5) & (bottom-middle-square-o <= 0.5) & (top-middle-square-o <= 0.5),(middle-middle-square-o <= 0.5) & (top-left-square-o <= 0.5) & (bottom-right-square-o <= 0.5),(middle-middle-square-o <= 0.5) & (bottom-left-square-o > 0.5) & (top-left-square-o <= 0.5) & (bottom-right-square-o <= 0.5),(middle-middle-square-o <= 0.5) & (top-left-square-o <= 0.5) & (bottom-right-square-o <= 0.5),,
290,12,3,3,3,3,,,(bottom-right-square-o <= 0.5) & (top-right-square-o <= 0.5) & (middle-left-square-b <= 0.5) & (bottom-middle-square-x <= 0.5) & (top-middle-square-b > 0.5) & (bottom-middle-square-o <= 0.5) & (middle-left-square-x <= 0.5) & (middle-right-square-o > 0.5) & (top-left-square-o <= 0.5) & (bottom-left-square-o <= 0.5) & (bottom-left-square-x <= 0.5) & (top-right-square-x <= 0.5),(middle-middle-square-o <= 0.5) & (top-right-square-o <= 0.5) & (bottom-left-square-o <= 0.5),(middle-middle-square-o <= 0.5) & (top-left-square-o <= 0.5) & (bottom-right-square-o <= 0.5),(middle-middle-square-o <= 0.5) & (bottom-left-square-o <= 0.5) & (top-right-square-o <= 0.5),(middle-middle-square-o <= 0.5) & (top-left-square-o <= 0.5) & (bottom-right-square-o <= 0.5),,
291,10,6,3,4,3,,,(bottom-right-square-o <= 0.5) & (top-right-square-o <= 0.5) & (middle-left-square-b <= 0.5) & (bottom-middle-square-x <= 0.5) & (top-middle-square-b > 0.5) & (bottom-middle-square-o <= 0.5) & (middle-left-square-x <= 0.5) & (middle-right-square-o <= 0.5) & (bottom-left-square-o > 0.5) & (top-left-square-o <= 0.5),(middle-middle-square-o <= 0.5) & (top-right-square-o <= 0.5) & (bottom-left-square-o > 0.5) & (top-left-square-o <= 0.5) & (bottom-middle-square-o <= 0.5) & (top-middle-square-o <= 0.5),(middle-middle-square-o <= 0.5) & (top-left-square-o <= 0.5) & (bottom-right-square-o <= 0.5),(middle-middle-square-o <= 0.5) & (bottom-left-square-o > 0.5) & (top-left-square-o <= 0.5) & (bottom-right-square-o <= 0.5),(middle-middle-square-o <= 0.5) & (top-left-square-o <= 0.5) & (bottom-right-square-o <= 0.5),,
292,7,3,3,3,3,,,(bottom-right-square-o <= 0.5) & (top-right-square-o <= 0.5) & (middle-left-square-b <= 0.5) & (bottom-middle-square-x <= 0.5) & (top-middle-square-b > 0.5) & (bottom-middle-square-o > 0.5) & (middle-right-square-o <= 0.5),(middle-middle-square-o <= 0.5) & (top-right-square-o <= 0.5) & (bottom-left-square-o <= 0.5),(middle-middle-square-o <= 0.5) & (top-left-square-o <= 0.5) & (bottom-right-square-o <= 0.5),(middle-middle-square-o <= 0.5) & (bottom-left-square-o <= 0.5) & (top-right-square-o <= 0.5),(middle-middle-square-o <= 0.5) & (top-left-square-o <= 0.5) & (bottom-right-square-o <= 0.5),,
293,4,6,3,4,3,,,(bottom-right-square-o <= 0.5) & (top-right-square-o <= 0.5) & (middle-left-square-b > 0.5) & (bottom-middle-square-o <= 0.5),(middle-middle-square-o <= 0.5) & (top-right-square-o <= 0.5) & (bottom-left-square-o > 0.5) & (top-left-square-o <= 0.5) & (bottom-middle-square-o <= 0.5) & (top-middle-square-o <= 0.5),(middle-middle-square-o <= 0.5) & (top-left-square-o <= 0.5) & (bottom-right-square-o <= 0.5),(middle-middle-square-o <= 0.5) & (bottom-left-square-o > 0.5) & (top-left-square-o <= 0.5) & (bottom-right-square-o <= 0.5),(middle-middle-square-o <= 0.5) & (top-left-square-o <= 0.5) & (bottom-right-square-o <= 0.5),,
294,5,3,3,3,3,,,(bottom-right-square-o <= 0.5) & (top-right-square-o <= 0.5) & (middle-left-square-b > 0.5) & (bottom-middle-square-o > 0.5) & (top-middle-square-o <= 0.5),(middle-middle-square-o <= 0.5) & (top-right-square-o <= 0.5) & (bottom-left-square-o <= 0.5),(middle-middle-square-o <= 0.5) & (top-left-square-o <= 0.5) & (bottom-right-square-o <= 0.5),(middle-middle-square-o <= 0.5) & (bottom-left-square-o <= 0.5) & (top-right-square-o <= 0.5),(middle-middle-square-o <= 0.5) & (top-left-square-o <= 0.5) & (bottom-right-square-o <= 0.5),,
295,5,13,3,4,3,,,(bottom-right-square-o <= 0.5) & (top-right-square-o <= 0.5) & (middle-left-square-b > 0.5) & (bottom-middle-square-o > 0.5) & (top-middle-square-o <= 0.5),(middle-middle-square-o <= 0.5) & (top-right-square-o <= 0.5) & (bottom-left-square-o > 0.5) & (top-left-square-o <= 0.5) & (bottom-middle-square-o > 0.5) & (top-middle-square-o <= 0.5) & (middle-left-square-o <= 0.5) & (middle-right-square-o <= 0.5) & (top-middle-square-x <= 0.5) & (top-left-square-b <= 0.5) & (middle-left-square-x <= 0.5) & (top-right-square-b > 0.5) & (middle-right-square-x <= 0.5),(middle-middle-square-o <= 0.5) & (top-left-square-o <= 0.5) & (bottom-right-square-o <= 0.5),(middle-middle-square-o <= 0.5) & (bottom-left-square-o > 0.5) & (top-left-square-o <= 0.5) & (bottom-right-square-o <= 0.5),(middle-middle-square-o <= 0.5) & (top-left-square-o <= 0.5) & (bottom-right-square-o <= 0.5),,
296,9,3,11,3,4,,,(bottom-right-square-o > 0.5) & (top-right-square-o <= 0.5) & (middle-right-square-x <= 0.5) & (top-left-square-o > 0.5) & (middle-left-square-x > 0.5) & (middle-right-square-o > 0.5) & (top-middle-square-o <= 0.5) & (bottom-left-square-o <= 0.5) & (bottom-middle-square-o > 0.5),(middle-middle-square-o <= 0.5) & (top-right-square-o <= 0.5) & (bottom-left-square-o <= 0.5),(middle-middle-square-o <= 0.5) & (top-left-square-o > 0.5) & (top-right-square-o <= 0.5) & (middle-left-square-o <= 0.5) & (top-middle-square-x > 0.5) & (bottom-middle-square-o > 0.5) & (bottom-right-square-b <= 0.5) & (top-right-square-b <= 0.5) & (middle-left-square-x > 0.5) & (middle-right-square-o > 0.5) & (bottom-right-square-o > 0.5),(middle-middle-square-o <= 0.5) & (bottom-left-square-o <= 0.5) & (top-right-square-o <= 0.5),(middle-middle-square-o <= 0.5) & (top-left-square-o > 0.5) & (bottom-left-square-o <= 0.5) & (top-right-square-o <= 0.5),,
297,8,8,6,10,12,,,(bottom-right-square-o > 0.5) & (top-right-square-o <= 0.5) & (middle-right-square-x <= 0.5) & (top-left-square-o > 0.5) & (middle-left-square-x > 0.5) & (middle-right-square-o > 0.5) & (top-middle-square-o <= 0.5) & (bottom-left-square-o > 0.5),(middle-middle-square-o <= 0.5) & (top-right-square-o <= 0.5) & (bottom-left-square-o > 0.5) & (top-left-square-o > 0.5) & (middle-left-square-o <= 0.5) & (bottom-middle-square-o <= 0.5) & (middle-right-square-o > 0.5) & (top-middle-square-x > 0.5),(middle-middle-square-o <= 0.5) & (top-left-square-o > 0.5) & (top-right-square-o <= 0.5) & (middle-left-square-o <= 0.5) & (top-middle-square-x > 0.5) & (bottom-middle-square-o <= 0.5),(middle-middle-square-o <= 0.5) & (bottom-left-square-o > 0.5) & (top-left-square-o > 0.5) & (middle-left-square-o <= 0.5) & (top-right-square-b <= 0.5) & (top-middle-square-b <= 0.5) & (bottom-right-square-b <= 0.5) & (bottom-middle-square-b <= 0.5) & (bottom-middle-square-x > 0.5) & (top-middle-square-o <= 0.5),(middle-middle-square-o <= 0.5) & (top-left-square-o > 0.5) & (bottom-left-square-o > 0.5) & (middle-left-square-o <= 0.5) & (top-right-square-b <= 0.5) & (bottom-right-square-b <= 0.5) & (bottom-middle-square-b <= 0.5) & (middle-left-square-b <= 0.5) & (middle-right-square-b <= 0.5) & (middle-middle-square-x > 0.5) & (middle-right-square-x <= 0.5) & (bottom-right-square-o > 0.5),,
298,9,10,4,4,8,4,,(bottom-right-square-o <= 0.5) & (top-right-square-o <= 0.5) & (middle-left-square-b <= 0.5) & (bottom-middle-square-x <= 0.5) & (top-middle-square-b <= 0.5) & (top-left-square-x <= 0.5) & (middle-right-square-x > 0.5) & (top-right-square-x > 0.5) & (bottom-right-square-b <= 0.5),(middle-middle-square-o > 0.5) & (bottom-left-square-x <= 0.5) & (top-right-square-x > 0.5) & (bottom-middle-square-x <= 0.5) & (top-middle-square-o <= 0.5) & (top-left-square-o > 0.5) & (middle-left-square-x > 0.5) & (top-middle-square-b <= 0.5) & (bottom-middle-square-b <= 0.5) & (bottom-left-square-b <= 0.5),(middle-middle-square-o > 0.5) & (bottom-right-square-x > 0.5) & (top-right-square-x > 0.5) & (middle-right-square-x > 0.5),(middle-middle-square-o > 0.5) & (bottom-right-square-x > 0.5) & (top-right-square-x > 0.5) & (middle-right-square-x > 0.5),(middle-middle-square-o > 0.5) & (top-right-square-x > 0.5) & (top-left-square-x <= 0.5) & (bottom-right-square-x > 0.5) & (top-middle-square-x > 0.5) & (bottom-middle-square-x <= 0.5) & (bottom-left-square-x <= 0.5) & (top-left-square-o > 0.5),(middle-middle-square-o > 0.5) & (bottom-right-square-x > 0.5) & (top-right-square-x > 0.5) & (middle-right-square-x > 0.5),
299,9,3,9,3,4,,,(bottom-right-square-o > 0.5) & (top-right-square-o <= 0.5) & (middle-right-square-x > 0.5) & (top-middle-square-o <= 0.5) & (middle-left-square-b <= 0.5) & (bottom-left-square-o <= 0.5) & (top-left-square-o > 0.5) & (bottom-middle-square-o > 0.5) & (middle-left-square-o > 0.5),(middle-middle-square-o <= 0.5) & (top-right-square-o <= 0.5) & (bottom-left-square-o <= 0.5),(middle-middle-square-o <= 0.5) & (top-left-square-o > 0.5) & (top-right-square-o <= 0.5) & (middle-left-square-o > 0.5) & (top-middle-square-o <= 0.5) & (middle-right-square-o <= 0.5) & (bottom-middle-square-o > 0.5) & (top-middle-square-x > 0.5) & (bottom-right-square-o > 0.5),(middle-middle-square-o <= 0.5) & (bottom-left-square-o <= 0.5) & (top-right-square-o <= 0.5),(middle-middle-square-o <= 0.5) & (top-left-square-o > 0.5) & (bottom-left-square-o <= 0.5) & (top-right-square-o <= 0.5),,
300,11,3,7,3,4,,,(bottom-right-square-o > 0.5) & (top-right-square-o <= 0.5) & (middle-right-square-x <= 0.5) & (top-left-square-o > 0.5) & (middle-left-square-x <= 0.5) & (middle-left-square-b <= 0.5) & (top-right-square-x > 0.5) & (bottom-middle-square-x > 0.5) & (top-middle-square-b <= 0.5) & (bottom-left-square-b <= 0.5) & (middle-right-square-o > 0.5),(middle-middle-square-o <= 0.5) & (top-right-square-o <= 0.5) & (bottom-left-square-o <= 0.5),(middle-middle-square-o <= 0.5) & (top-left-square-o > 0.5) & (top-right-square-o <= 0.5) & (middle-left-square-o > 0.5) & (top-middle-square-o <= 0.5) & (middle-right-square-o > 0.5) & (bottom-right-square-x <= 0.5),(middle-middle-square-o <= 0.5) & (bottom-left-square-o <= 0.5) & (top-right-square-o <= 0.5),(middle-middle-square-o <= 0.5) & (top-left-square-o > 0.5) & (bottom-left-square-o <= 0.5) & (top-right-square-o <= 0.5),,
301,14,3,9,3,4,,,(bottom-right-square-o <= 0.5) & (top-right-square-o <= 0.5) & (middle-left-square-b <= 0.5) & (bottom-middle-square-x <= 0.5) & (top-middle-square-b <= 0.5) & (top-left-square-x <= 0.5) & (middle-right-square-x <= 0.5) & (bottom-left-square-x > 0.5) & (top-right-square-x > 0.5) & (bottom-right-square-b <= 0.5) & (middle-left-square-x <= 0.5) & (top-middle-square-x > 0.5) & (top-left-square-b <= 0.5) & (bottom-middle-square-o > 0.5),(middle-middle-square-o <= 0.5) & (top-right-square-o <= 0.5) & (bottom-left-square-o <= 0.5),(middle-middle-square-o <= 0.5) & (top-left-square-o > 0.5) & (top-right-square-o <= 0.5) & (middle-left-square-o > 0.5) & (top-middle-square-o <= 0.5) & (middle-right-square-o > 0.5) & (bottom-right-square-x > 0.5) & (top-right-square-b <= 0.5) & (bottom-middle-square-o > 0.5),(middle-middle-square-o <= 0.5) & (bottom-left-square-o <= 0.5) & (top-right-square-o <= 0.5),(middle-middle-square-o <= 0.5) & (top-left-square-o > 0.5) & (bottom-left-square-o <= 0.5) & (top-right-square-o <= 0.5),,
302,11,3,7,3,4,,,(bottom-right-square-o <= 0.5) & (top-right-square-o <= 0.5) & (middle-left-square-b <= 0.5) & (bottom-middle-square-x <= 0.5) & (top-middle-square-b <= 0.5) & (top-left-square-x <= 0.5) & (middle-right-square-x <= 0.5) & (bottom-left-square-x > 0.5) & (top-right-square-x > 0.5) & (bottom-right-square-b > 0.5) & (top-left-square-o > 0.5),(middle-middle-square-o <= 0.5) & (top-right-square-o <= 0.5) & (bottom-left-square-o <= 0.5),(middle-middle-square-o <= 0.5) & (top-left-square-o > 0.5) & (top-right-square-o <= 0.5) & (middle-left-square-o > 0.5) & (top-middle-square-o <= 0.5) & (middle-right-square-o > 0.5) & (bottom-right-square-x <= 0.5),(middle-middle-square-o <= 0.5) & (bottom-left-square-o <= 0.5) & (top-right-square-o <= 0.5),(middle-middle-square-o <= 0.5) & (top-left-square-o > 0.5) & (bottom-left-square-o <= 0.5) & (top-right-square-o <= 0.5),,
303,10,3,7,3,4,,,(bottom-right-square-o <= 0.5) & (top-right-square-o <= 0.5) & (middle-left-square-b <= 0.5) & (bottom-middle-square-x > 0.5) & (bottom-left-square-x <= 0.5) & (top-left-square-o > 0.5) & (bottom-left-square-o <= 0.5) & (middle-right-square-o > 0.5) & (top-right-square-b <= 0.5) & (bottom-right-square-x <= 0.5),(middle-middle-square-o <= 0.5) & (top-right-square-o <= 0.5) & (bottom-left-square-o <= 0.5),(middle-middle-square-o <= 0.5) & (top-left-square-o > 0.5) & (top-right-square-o <= 0.5) & (middle-left-square-o > 0.5) & (top-middle-square-o <= 0.5) & (middle-right-square-o > 0.5) & (bottom-right-square-x <= 0.5),(middle-middle-square-o <= 0.5) & (bottom-left-square-o <= 0.5) & (top-right-square-o <= 0.5),(middle-middle-square-o <= 0.5) & (top-left-square-o > 0.5) & (bottom-left-square-o <= 0.5) & (top-right-square-o <= 0.5),,
304,11,3,12,3,4,,,(bottom-right-square-o <= 0.5) & (top-right-square-o <= 0.5) & (middle-left-square-b <= 0.5) & (bottom-middle-square-x <= 0.5) & (top-middle-square-b <= 0.5) & (top-left-square-x <= 0.5) & (middle-right-square-x <= 0.5) & (bottom-left-square-x > 0.5) & (top-right-square-x > 0.5) & (bottom-right-square-b > 0.5) & (top-left-square-o > 0.5),(middle-middle-square-o <= 0.5) & (top-right-square-o <= 0.5) & (bottom-left-square-o <= 0.5),(middle-middle-square-o <= 0.5) & (top-left-square-o > 0.5) & (top-right-square-o <= 0.5) & (middle-left-square-o > 0.5) & (top-middle-square-o <= 0.5) & (middle-right-square-o <= 0.5) & (bottom-middle-square-o > 0.5) & (top-middle-square-x > 0.5) & (bottom-right-square-o <= 0.5) & (middle-middle-square-b <= 0.5) & (bottom-right-square-b > 0.5) & (middle-right-square-x <= 0.5),(middle-middle-square-o <= 0.5) & (bottom-left-square-o <= 0.5) & (top-right-square-o <= 0.5),(middle-middle-square-o <= 0.5) & (top-left-square-o > 0.5) & (bottom-left-square-o <= 0.5) & (top-right-square-o <= 0.5),,
305,8,3,9,3,4,,,(bottom-right-square-o > 0.5) & (top-right-square-o <= 0.5) & (middle-right-square-x <= 0.5) & (top-left-square-o > 0.5) & (middle-left-square-x <= 0.5) & (middle-left-square-b <= 0.5) & (top-right-square-x > 0.5) & (bottom-middle-square-x <= 0.5),(middle-middle-square-o <= 0.5) & (top-right-square-o <= 0.5) & (bottom-left-square-o <= 0.5),(middle-middle-square-o <= 0.5) & (top-left-square-o > 0.5) & (top-right-square-o <= 0.5) & (middle-left-square-o > 0.5) & (top-middle-square-o <= 0.5) & (middle-right-square-o <= 0.5) & (bottom-middle-square-o <= 0.5) & (bottom-right-square-o > 0.5) & (middle-right-square-x <= 0.5),(middle-middle-square-o <= 0.5) & (bottom-left-square-o <= 0.5) & (top-right-square-o <= 0.5),(middle-middle-square-o <= 0.5) & (top-left-square-o > 0.5) & (bottom-left-square-o <= 0.5) & (top-right-square-o <= 0.5),,
306,10,3,9,3,4,,,(bottom-right-square-o > 0.5) & (top-right-square-o <= 0.5) & (middle-right-square-x <= 0.5) & (top-left-square-o > 0.5) & (middle-left-square-x <= 0.5) & (middle-left-square-b <= 0.5) & (top-right-square-x > 0.5) & (bottom-middle-square-x > 0.5) & (top-middle-square-b <= 0.5) & (bottom-left-square-b > 0.5),(middle-middle-square-o <= 0.5) & (top-right-square-o <= 0.5) & (bottom-left-square-o <= 0.5),(middle-middle-square-o <= 0.5) & (top-left-square-o > 0.5) & (top-right-square-o <= 0.5) & (middle-left-square-o > 0.5) & (top-middle-square-o <= 0.5) & (middle-right-square-o <= 0.5) & (bottom-middle-square-o <= 0.5) & (bottom-right-square-o > 0.5) & (middle-right-square-x <= 0.5),(middle-middle-square-o <= 0.5) & (bottom-left-square-o <= 0.5) & (top-right-square-o <= 0.5),(middle-middle-square-o <= 0.5) & (top-left-square-o > 0.5) & (bottom-left-square-o <= 0.5) & (top-right-square-o <= 0.5),,
307,9,9,4,4,10,4,,(bottom-right-square-o <= 0.5) & (top-right-square-o <= 0.5) & (middle-left-square-b <= 0.5) & (bottom-middle-square-x <= 0.5) & (top-middle-square-b <= 0.5) & (top-left-square-x <= 0.5) & (middle-right-square-x > 0.5) & (top-right-square-x > 0.5) & (bottom-right-square-b <= 0.5),(middle-middle-square-o > 0.5) & (bottom-left-square-x > 0.5) & (top-left-square-x <= 0.5) & (bottom-middle-square-x <= 0.5) & (middle-left-square-x <= 0.5) & (middle-right-square-x > 0.5) & (middle-left-square-b <= 0.5) & (top-middle-square-x > 0.5) & (bottom-middle-square-o > 0.5),(middle-middle-square-o > 0.5) & (bottom-right-square-x > 0.5) & (top-right-square-x > 0.5) & (middle-right-square-x > 0.5),(middle-middle-square-o > 0.5) & (bottom-right-square-x > 0.5) & (top-right-square-x > 0.5) & (middle-right-square-x > 0.5),(middle-middle-square-o > 0.5) & (top-right-square-x > 0.5) & (top-left-square-x <= 0.5) & (bottom-right-square-x > 0.5) & (top-middle-square-x > 0.5) & (bottom-middle-square-x <= 0.5) & (bottom-left-square-x > 0.5) & (middle-left-square-x <= 0.5) & (bottom-middle-square-b <= 0.5) & (top-left-square-o > 0.5),(middle-middle-square-o > 0.5) & (bottom-right-square-x > 0.5) & (top-right-square-x > 0.5) & (middle-right-square-x > 0.5),
308,9,9,4,4,8,4,,(bottom-right-square-o <= 0.5) & (top-right-square-o <= 0.5) & (middle-left-square-b <= 0.5) & (bottom-middle-square-x <= 0.5) & (top-middle-square-b <= 0.5) & (top-left-square-x <= 0.5) & (middle-right-square-x > 0.5) & (top-right-square-x > 0.5) & (bottom-right-square-b <= 0.5),(middle-middle-square-o > 0.5) & (bottom-left-square-x <= 0.5) & (top-right-square-x > 0.5) & (bottom-middle-square-x <= 0.5) & (top-middle-square-o <= 0.5) & (top-left-square-o > 0.5) & (middle-left-square-x <= 0.5) & (bottom-middle-square-b > 0.5) & (middle-left-square-b <= 0.5),(middle-middle-square-o > 0.5) & (bottom-right-square-x > 0.5) & (top-right-square-x > 0.5) & (middle-right-square-x > 0.5),(middle-middle-square-o > 0.5) & (bottom-right-square-x > 0.5) & (top-right-square-x > 0.5) & (middle-right-square-x > 0.5),(middle-middle-square-o > 0.5) & (top-right-square-x > 0.5) & (top-left-square-x <= 0.5) & (bottom-right-square-x > 0.5) & (top-middle-square-x > 0.5) & (bottom-middle-square-x <= 0.5) & (bottom-left-square-x <= 0.5) & (top-left-square-o > 0.5),(middle-middle-square-o > 0.5) & (bottom-right-square-x > 0.5) & (top-right-square-x > 0.5) & (middle-right-square-x > 0.5),
309,9,3,10,3,4,,,(bottom-right-square-o <= 0.5) & (top-right-square-o <= 0.5) & (middle-left-square-b <= 0.5) & (bottom-middle-square-x <= 0.5) & (top-middle-square-b <= 0.5) & (top-left-square-x <= 0.5) & (middle-right-square-x > 0.5) & (top-right-square-x > 0.5) & (bottom-right-square-b <= 0.5),(middle-middle-square-o <= 0.5) & (top-right-square-o <= 0.5) & (bottom-left-square-o <= 0.5),(middle-middle-square-o <= 0.5) & (top-left-square-o > 0.5) & (top-right-square-o <= 0.5) & (middle-left-square-o > 0.5) & (top-middle-square-o <= 0.5) & (middle-right-square-o <= 0.5) & (bottom-middle-square-o > 0.5) & (top-middle-square-x > 0.5) & (bottom-right-square-o <= 0.5) & (middle-middle-square-b > 0.5),(middle-middle-square-o <= 0.5) & (bottom-left-square-o <= 0.5) & (top-right-square-o <= 0.5),(middle-middle-square-o <= 0.5) & (top-left-square-o > 0.5) & (bottom-left-square-o <= 0.5) & (top-right-square-o <= 0.5),,
310,5,3,7,3,4,,,(bottom-right-square-o <= 0.5) & (top-right-square-o <= 0.5) & (middle-left-square-b > 0.5) & (bottom-middle-square-o > 0.5) & (top-middle-square-o <= 0.5),(middle-middle-square-o <= 0.5) & (top-right-square-o <= 0.5) & (bottom-left-square-o <= 0.5),(middle-middle-square-o <= 0.5) & (top-left-square-o > 0.5) & (top-right-square-o <= 0.5) & (middle-left-square-o <= 0.5) & (top-middle-square-x > 0.5) & (bottom-middle-square-o > 0.5) & (bottom-right-square-b > 0.5),(middle-middle-square-o <= 0.5) & (bottom-left-square-o <= 0.5) & (top-right-square-o <= 0.5),(middle-middle-square-o <= 0.5) & (top-left-square-o > 0.5) & (bottom-left-square-o <= 0.5) & (top-right-square-o <= 0.5),,
311,9,3,6,3,4,,,(bottom-right-square-o > 0.5) & (top-right-square-o <= 0.5) & (middle-right-square-x <= 0.5) & (top-left-square-o > 0.5) & (middle-left-square-x <= 0.5) & (middle-left-square-b > 0.5) & (middle-right-square-o > 0.5) & (top-right-square-x > 0.5) & (bottom-middle-square-x <= 0.5),(middle-middle-square-o <= 0.5) & (top-right-square-o <= 0.5) & (bottom-left-square-o <= 0.5),(middle-middle-square-o <= 0.5) & (top-left-square-o > 0.5) & (top-right-square-o <= 0.5) & (middle-left-square-o <= 0.5) & (top-middle-square-x > 0.5) & (bottom-middle-square-o <= 0.5),(middle-middle-square-o <= 0.5) & (bottom-left-square-o <= 0.5) & (top-right-square-o <= 0.5),(middle-middle-square-o <= 0.5) & (top-left-square-o > 0.5) & (bottom-left-square-o <= 0.5) & (top-right-square-o <= 0.5),,
312,4,8,6,7,6,,,(bottom-right-square-o <= 0.5) & (top-right-square-o <= 0.5) & (middle-left-square-b > 0.5) & (bottom-middle-square-o <= 0.5),(middle-middle-square-o <= 0.5) & (top-right-square-o <= 0.5) & (bottom-left-square-o > 0.5) & (top-left-square-o > 0.5) & (middle-left-square-o <= 0.5) & (bottom-middle-square-o <= 0.5) & (middle-right-square-o > 0.5) & (top-middle-square-x > 0.5),(middle-middle-square-o <= 0.5) & (top-left-square-o > 0.5) & (top-right-square-o <= 0.5) & (middle-left-square-o <= 0.5) & (top-middle-square-x > 0.5) & (bottom-middle-square-o <= 0.5),(middle-middle-square-o <= 0.5) & (bottom-left-square-o > 0.5) & (top-left-square-o > 0.5) & (middle-left-square-o <= 0.5) & (top-right-square-b <= 0.5) & (top-middle-square-b <= 0.5) & (bottom-right-square-b > 0.5),(middle-middle-square-o <= 0.5) & (top-left-square-o > 0.5) & (bottom-left-square-o > 0.5) & (middle-left-square-o <= 0.5) & (top-right-square-b <= 0.5) & (bottom-right-square-b > 0.5),,
313,11,3,6,3,4,,,(bottom-right-square-o > 0.5) & (top-right-square-o <= 0.5) & (middle-right-square-x <= 0.5) & (top-left-square-o > 0.5) & (middle-left-square-x <= 0.5) & (middle-left-square-b > 0.5) & (middle-right-square-o > 0.5) & (top-right-square-x > 0.5) & (bottom-middle-square-x > 0.5) & (top-middle-square-x > 0.5) & (bottom-left-square-b > 0.5),(middle-middle-square-o <= 0.5) & (top-right-square-o <= 0.5) & (bottom-left-square-o <= 0.5),(middle-middle-square-o <= 0.5) & (top-left-square-o > 0.5) & (top-right-square-o <= 0.5) & (middle-left-square-o <= 0.5) & (top-middle-square-x > 0.5) & (bottom-middle-square-o <= 0.5),(middle-middle-square-o <= 0.5) & (bottom-left-square-o <= 0.5) & (top-right-square-o <= 0.5),(middle-middle-square-o <= 0.5) & (top-left-square-o > 0.5) & (bottom-left-square-o <= 0.5) & (top-right-square-o <= 0.5),,
314,8,3,10,3,4,,,(bottom-right-square-o > 0.5) & (top-right-square-o <= 0.5) & (middle-right-square-x <= 0.5) & (top-left-square-o > 0.5) & (middle-left-square-x <= 0.5) & (middle-left-square-b > 0.5) & (middle-right-square-o <= 0.5) & (bottom-middle-square-o > 0.5),(middle-middle-square-o <= 0.5) & (top-right-square-o <= 0.5) & (bottom-left-square-o <= 0.5),(middle-middle-square-o <= 0.5) & (top-left-square-o > 0.5) & (top-right-square-o <= 0.5) & (middle-left-square-o <= 0.5) & (top-middle-square-x > 0.5) & (bottom-middle-square-o > 0.5) & (bottom-right-square-b <= 0.5) & (top-right-square-b <= 0.5) & (middle-left-square-x <= 0.5) & (middle-right-square-x <= 0.5),(middle-middle-square-o <= 0.5) & (bottom-left-square-o <= 0.5) & (top-right-square-o <= 0.5),(middle-middle-square-o <= 0.5) & (top-left-square-o > 0.5) & (bottom-left-square-o <= 0.5) & (top-right-square-o <= 0.5),,
315,10,7,6,10,10,,,(bottom-right-square-o > 0.5) & (top-right-square-o <= 0.5) & (middle-right-square-x <= 0.5) & (top-left-square-o > 0.5) & (middle-left-square-x <= 0.5) & (middle-left-square-b > 0.5) & (middle-right-square-o <= 0.5) & (bottom-middle-square-o <= 0.5) & (top-middle-square-o <= 0.5) & (bottom-left-square-o > 0.5),(middle-middle-square-o <= 0.5) & (top-right-square-o <= 0.5) & (bottom-left-square-o > 0.5) & (top-left-square-o > 0.5) & (middle-left-square-o <= 0.5) & (bottom-middle-square-o <= 0.5) & (middle-right-square-o <= 0.5),(middle-middle-square-o <= 0.5) & (top-left-square-o > 0.5) & (top-right-square-o <= 0.5) & (middle-left-square-o <= 0.5) & (top-middle-square-x > 0.5) & (bottom-middle-square-o <= 0.5),(middle-middle-square-o <= 0.5) & (bottom-left-square-o > 0.5) & (top-left-square-o > 0.5) & (middle-left-square-o <= 0.5) & (top-right-square-b <= 0.5) & (top-middle-square-b <= 0.5) & (bottom-right-square-b <= 0.5) & (bottom-middle-square-b <= 0.5) & (bottom-middle-square-x > 0.5) & (top-middle-square-o <= 0.5),(middle-middle-square-o <= 0.5) & (top-left-square-o > 0.5) & (bottom-left-square-o > 0.5) & (middle-left-square-o <= 0.5) & (top-right-square-b <= 0.5) & (bottom-right-square-b <= 0.5) & (bottom-middle-square-b <= 0.5) & (middle-left-square-b > 0.5) & (middle-middle-square-b <= 0.5) & (middle-right-square-x <= 0.5),,
316,4,10,4,4,8,4,,(bottom-right-square-o <= 0.5) & (top-right-square-o <= 0.5) & (middle-left-square-b > 0.5) & (bottom-middle-square-o <= 0.5),(middle-middle-square-o > 0.5) & (bottom-left-square-x <= 0.5) & (top-right-square-x > 0.5) & (bottom-middle-square-x <= 0.5) & (top-middle-square-o <= 0.5) & (top-left-square-o > 0.5) & (middle-left-square-x <= 0.5) & (bottom-middle-square-b > 0.5) & (middle-left-square-b > 0.5) & (bottom-left-square-b <= 0.5),(middle-middle-square-o > 0.5) & (bottom-right-square-x > 0.5) & (top-right-square-x > 0.5) & (middle-right-square-x > 0.5),(middle-middle-square-o > 0.5) & (bottom-right-square-x > 0.5) & (top-right-square-x > 0.5) & (middle-right-square-x > 0.5),(middle-middle-square-o > 0.5) & (top-right-square-x > 0.5) & (top-left-square-x <= 0.5) & (bottom-right-square-x > 0.5) & (top-middle-square-x > 0.5) & (bottom-middle-square-x <= 0.5) & (bottom-left-square-x <= 0.5) & (top-left-square-o > 0.5),(middle-middle-square-o > 0.5) & (bottom-right-square-x > 0.5) & (top-right-square-x > 0.5) & (middle-right-square-x > 0.5),
317,5,8,4,4,8,4,,(bottom-right-square-o <= 0.5) & (top-right-square-o <= 0.5) & (middle-left-square-b > 0.5) & (bottom-middle-square-o > 0.5) & (top-middle-square-o <= 0.5),(middle-middle-square-o > 0.5) & (bottom-left-square-x <= 0.5) & (top-right-square-x > 0.5) & (bottom-middle-square-x <= 0.5) & (top-middle-square-o <= 0.5) & (top-left-square-o > 0.5) & (middle-left-square-x <= 0.5) & (bottom-middle-square-b <= 0.5),(middle-middle-square-o > 0.5) & (bottom-right-square-x > 0.5) & (top-right-square-x > 0.5) & (middle-right-square-x > 0.5),(middle-middle-square-o > 0.5) & (bottom-right-square-x > 0.5) & (top-right-square-x > 0.5) & (middle-right-square-x > 0.5),(middle-middle-square-o > 0.5) & (top-right-square-x > 0.5) & (top-left-square-x <= 0.5) & (bottom-right-square-x > 0.5) & (top-middle-square-x > 0.5) & (bottom-middle-square-x <= 0.5) & (bottom-left-square-x <= 0.5) & (top-left-square-o > 0.5),(middle-middle-square-o > 0.5) & (bottom-right-square-x > 0.5) & (top-right-square-x > 0.5) & (middle-right-square-x > 0.5),
318,5,10,11,11,9,,,(bottom-right-square-o <= 0.5) & (top-right-square-o <= 0.5) & (middle-left-square-b > 0.5) & (bottom-middle-square-o > 0.5) & (top-middle-square-o <= 0.5),(middle-middle-square-o <= 0.5) & (top-right-square-o <= 0.5) & (bottom-left-square-o > 0.5) & (top-left-square-o > 0.5) & (middle-left-square-o <= 0.5) & (bottom-middle-square-o > 0.5) & (top-middle-square-x > 0.5) & (top-right-square-x > 0.5) & (middle-middle-square-b > 0.5) & (middle-left-square-b > 0.5),(middle-middle-square-o <= 0.5) & (top-left-square-o > 0.5) & (top-right-square-o <= 0.5) & (middle-left-square-o <= 0.5) & (top-middle-square-x > 0.5) & (bottom-middle-square-o > 0.5) & (bottom-right-square-b <= 0.5) & (top-right-square-b <= 0.5) & (middle-left-square-x <= 0.5) & (middle-right-square-x > 0.5) & (middle-middle-square-x <= 0.5),(middle-middle-square-o <= 0.5) & (bottom-left-square-o > 0.5) & (top-left-square-o > 0.5) & (middle-left-square-o <= 0.5) & (top-right-square-b <= 0.5) & (top-middle-square-b <= 0.5) & (bottom-right-square-b <= 0.5) & (bottom-middle-square-b <= 0.5) & (bottom-middle-square-x <= 0.5) & (bottom-right-square-o <= 0.5) & (middle-left-square-x <= 0.5),(middle-middle-square-o <= 0.5) & (top-left-square-o > 0.5) & (bottom-left-square-o > 0.5) & (middle-left-square-o <= 0.5) & (top-right-square-b <= 0.5) & (bottom-right-square-b <= 0.5) & (bottom-middle-square-b <= 0.5) & (middle-left-square-b > 0.5) & (middle-middle-square-b > 0.5),,
319,9,8,8,9,10,,,(bottom-right-square-o > 0.5) & (top-right-square-o > 0.5) & (middle-right-square-o <= 0.5) & (bottom-left-square-b <= 0.5) & (top-left-square-o > 0.5) & (top-middle-square-o <= 0.5) & (middle-left-square-o <= 0.5) & (bottom-left-square-o <= 0.5) & (bottom-middle-square-o > 0.5),(middle-middle-square-o <= 0.5) & (top-right-square-o > 0.5) & (top-left-square-o > 0.5) & (top-middle-square-o <= 0.5) & (bottom-left-square-b <= 0.5) & (middle-right-square-b <= 0.5) & (middle-left-square-o <= 0.5) & (middle-right-square-x > 0.5),(middle-middle-square-o <= 0.5) & (top-left-square-o > 0.5) & (top-right-square-o > 0.5) & (top-middle-square-o <= 0.5) & (bottom-right-square-b <= 0.5) & (middle-right-square-b <= 0.5) & (middle-left-square-o <= 0.5) & (middle-right-square-x > 0.5),(middle-middle-square-o <= 0.5) & (bottom-left-square-o <= 0.5) & (top-right-square-o > 0.5) & (bottom-right-square-o > 0.5) & (middle-left-square-b <= 0.5) & (bottom-middle-square-o > 0.5) & (top-middle-square-x > 0.5) & (middle-left-square-x > 0.5) & (top-left-square-o > 0.5),(middle-middle-square-o <= 0.5) & (top-left-square-o > 0.5) & (bottom-left-square-o <= 0.5) & (top-right-square-o > 0.5) & (bottom-middle-square-b <= 0.5) & (middle-left-square-o <= 0.5) & (middle-middle-square-b <= 0.5) & (bottom-left-square-b <= 0.5) & (middle-left-square-b <= 0.5) & (middle-right-square-x > 0.5),,
320,8,8,8,10,11,,,(bottom-right-square-o > 0.5) & (top-right-square-o > 0.5) & (middle-right-square-o <= 0.5) & (bottom-left-square-b <= 0.5) & (top-left-square-o > 0.5) & (top-middle-square-o <= 0.5) & (middle-left-square-o <= 0.5) & (bottom-left-square-o > 0.5),(middle-middle-square-o <= 0.5) & (top-right-square-o > 0.5) & (top-left-square-o > 0.5) & (top-middle-square-o <= 0.5) & (bottom-left-square-b <= 0.5) & (middle-right-square-b <= 0.5) & (middle-left-square-o <= 0.5) & (middle-right-square-x > 0.5),(middle-middle-square-o <= 0.5) & (top-left-square-o > 0.5) & (top-right-square-o > 0.5) & (top-middle-square-o <= 0.5) & (bottom-right-square-b <= 0.5) & (middle-right-square-b <= 0.5) & (middle-left-square-o <= 0.5) & (middle-right-square-x > 0.5),(middle-middle-square-o <= 0.5) & (bottom-left-square-o > 0.5) & (top-left-square-o > 0.5) & (middle-left-square-o <= 0.5) & (top-right-square-b <= 0.5) & (top-middle-square-b <= 0.5) & (bottom-right-square-b <= 0.5) & (bottom-middle-square-b <= 0.5) & (bottom-middle-square-x > 0.5) & (top-middle-square-o <= 0.5),(middle-middle-square-o <= 0.5) & (top-left-square-o > 0.5) & (bottom-left-square-o > 0.5) & (middle-left-square-o <= 0.5) & (top-right-square-b <= 0.5) & (bottom-right-square-b <= 0.5) & (bottom-middle-square-b <= 0.5) & (middle-left-square-b <= 0.5) & (middle-right-square-b <= 0.5) & (middle-middle-square-x > 0.5) & (middle-right-square-x > 0.5),,
321,7,8,8,12,11,,,(bottom-right-square-o <= 0.5) & (top-right-square-o > 0.5) & (middle-right-square-x > 0.5) & (bottom-middle-square-o > 0.5) & (bottom-right-square-x > 0.5) & (bottom-left-square-x <= 0.5) & (top-left-square-o > 0.5),(middle-middle-square-o <= 0.5) & (top-right-square-o > 0.5) & (top-left-square-o > 0.5) & (top-middle-square-o <= 0.5) & (bottom-left-square-b <= 0.5) & (middle-right-square-b <= 0.5) & (middle-left-square-o <= 0.5) & (middle-right-square-x > 0.5),(middle-middle-square-o <= 0.5) & (top-left-square-o > 0.5) & (top-right-square-o > 0.5) & (top-middle-square-o <= 0.5) & (bottom-right-square-b <= 0.5) & (middle-right-square-b <= 0.5) & (middle-left-square-o <= 0.5) & (middle-right-square-x > 0.5),(middle-middle-square-o <= 0.5) & (bottom-left-square-o > 0.5) & (top-left-square-o > 0.5) & (middle-left-square-o <= 0.5) & (top-right-square-b <= 0.5) & (top-middle-square-b <= 0.5) & (bottom-right-square-b <= 0.5) & (bottom-middle-square-b <= 0.5) & (bottom-middle-square-x <= 0.5) & (bottom-right-square-o <= 0.5) & (middle-left-square-x > 0.5) & (top-right-square-o > 0.5),(middle-middle-square-o <= 0.5) & (top-left-square-o > 0.5) & (bottom-left-square-o > 0.5) & (middle-left-square-o <= 0.5) & (top-right-square-b <= 0.5) & (bottom-right-square-b <= 0.5) & (bottom-middle-square-b <= 0.5) & (middle-left-square-b <= 0.5) & (middle-right-square-b <= 0.5) & (middle-middle-square-x > 0.5) & (middle-right-square-x > 0.5),,
322,12,8,5,7,6,,,(bottom-right-square-o <= 0.5) & (top-right-square-o > 0.5) & (middle-right-square-x > 0.5) & (bottom-middle-square-o <= 0.5) & (middle-left-square-b <= 0.5) & (top-left-square-o > 0.5) & (top-middle-square-o <= 0.5) & (bottom-left-square-o > 0.5) & (middle-left-square-o <= 0.5) & (bottom-right-square-x <= 0.5) & (top-middle-square-b <= 0.5) & (bottom-middle-square-b > 0.5),(middle-middle-square-o <= 0.5) & (top-right-square-o > 0.5) & (top-left-square-o > 0.5) & (top-middle-square-o <= 0.5) & (bottom-left-square-b <= 0.5) & (middle-right-square-b <= 0.5) & (middle-left-square-o <= 0.5) & (middle-right-square-x > 0.5),(middle-middle-square-o <= 0.5) & (top-left-square-o > 0.5) & (top-right-square-o > 0.5) & (top-middle-square-o <= 0.5) & (bottom-right-square-b > 0.5),(middle-middle-square-o <= 0.5) & (bottom-left-square-o > 0.5) & (top-left-square-o > 0.5) & (middle-left-square-o <= 0.5) & (top-right-square-b <= 0.5) & (top-middle-square-b <= 0.5) & (bottom-right-square-b > 0.5),(middle-middle-square-o <= 0.5) & (top-left-square-o > 0.5) & (bottom-left-square-o > 0.5) & (middle-left-square-o <= 0.5) & (top-right-square-b <= 0.5) & (bottom-right-square-b > 0.5),,
323,6,5,5,8,10,,,(bottom-right-square-o <= 0.5) & (top-right-square-o > 0.5) & (middle-right-square-x > 0.5) & (bottom-middle-square-o > 0.5) & (bottom-right-square-x <= 0.5) & (bottom-left-square-o <= 0.5),(middle-middle-square-o <= 0.5) & (top-right-square-o > 0.5) & (top-left-square-o > 0.5) & (top-middle-square-o <= 0.5) & (bottom-left-square-b > 0.5),(middle-middle-square-o <= 0.5) & (top-left-square-o > 0.5) & (top-right-square-o > 0.5) & (top-middle-square-o <= 0.5) & (bottom-right-square-b > 0.5),(middle-middle-square-o <= 0.5) & (bottom-left-square-o <= 0.5) & (top-right-square-o > 0.5) & (bottom-right-square-o <= 0.5) & (top-left-square-o > 0.5) & (top-middle-square-o <= 0.5) & (bottom-middle-square-o > 0.5) & (bottom-left-square-x <= 0.5),(middle-middle-square-o <= 0.5) & (top-left-square-o > 0.5) & (bottom-left-square-o <= 0.5) & (top-right-square-o > 0.5) & (bottom-middle-square-b <= 0.5) & (middle-left-square-o <= 0.5) & (middle-middle-square-b <= 0.5) & (bottom-left-square-b > 0.5) & (bottom-right-square-o <= 0.5) & (bottom-middle-square-o > 0.5),,
324,6,5,8,9,7,,,(bottom-right-square-o > 0.5) & (top-right-square-o > 0.5) & (middle-right-square-o <= 0.5) & (bottom-left-square-b > 0.5) & (top-left-square-o > 0.5) & (bottom-middle-square-b > 0.5),(middle-middle-square-o <= 0.5) & (top-right-square-o > 0.5) & (top-left-square-o > 0.5) & (top-middle-square-o <= 0.5) & (bottom-left-square-b > 0.5),(middle-middle-square-o <= 0.5) & (top-left-square-o > 0.5) & (top-right-square-o > 0.5) & (top-middle-square-o <= 0.5) & (bottom-right-square-b <= 0.5) & (middle-right-square-b <= 0.5) & (middle-left-square-o <= 0.5) & (middle-right-square-x > 0.5),(middle-middle-square-o <= 0.5) & (bottom-left-square-o <= 0.5) & (top-right-square-o > 0.5) & (bottom-right-square-o > 0.5) & (middle-left-square-b <= 0.5) & (bottom-middle-square-o <= 0.5) & (middle-middle-square-b <= 0.5) & (bottom-left-square-b > 0.5) & (top-left-square-o > 0.5),(middle-middle-square-o <= 0.5) & (top-left-square-o > 0.5) & (bottom-left-square-o <= 0.5) & (top-right-square-o > 0.5) & (bottom-middle-square-b > 0.5) & (bottom-right-square-o > 0.5) & (middle-right-square-o <= 0.5),,
325,7,10,10,10,13,,,(bottom-right-square-o <= 0.5) & (top-right-square-o > 0.5) & (middle-right-square-x <= 0.5) & (bottom-left-square-o > 0.5) & (middle-left-square-x > 0.5) & (middle-right-square-o > 0.5) & (top-left-square-o > 0.5),(middle-middle-square-o <= 0.5) & (top-right-square-o > 0.5) & (top-left-square-o > 0.5) & (top-middle-square-o <= 0.5) & (bottom-left-square-b <= 0.5) & (middle-right-square-b <= 0.5) & (middle-left-square-o <= 0.5) & (middle-right-square-x <= 0.5) & (middle-left-square-x > 0.5) & (bottom-left-square-o > 0.5),(middle-middle-square-o <= 0.5) & (top-left-square-o > 0.5) & (top-right-square-o > 0.5) & (top-middle-square-o <= 0.5) & (bottom-right-square-b <= 0.5) & (middle-right-square-b <= 0.5) & (middle-left-square-o <= 0.5) & (middle-right-square-x <= 0.5) & (bottom-right-square-x > 0.5) & (bottom-middle-square-x > 0.5),(middle-middle-square-o <= 0.5) & (bottom-left-square-o > 0.5) & (top-left-square-o > 0.5) & (middle-left-square-o <= 0.5) & (top-right-square-b <= 0.5) & (top-middle-square-b <= 0.5) & (bottom-right-square-b <= 0.5) & (bottom-middle-square-b <= 0.5) & (bottom-middle-square-x > 0.5) & (top-middle-square-o <= 0.5),(middle-middle-square-o <= 0.5) & (top-left-square-o > 0.5) & (bottom-left-square-o > 0.5) & (middle-left-square-o <= 0.5) & (top-right-square-b <= 0.5) & (bottom-right-square-b <= 0.5) & (bottom-middle-square-b <= 0.5) & (middle-left-square-b <= 0.5) & (middle-right-square-b <= 0.5) & (middle-middle-square-x > 0.5) & (middle-right-square-x <= 0.5) & (bottom-right-square-o <= 0.5) & (top-right-square-o > 0.5),,
326,7,5,5,7,13,,,(bottom-right-square-o <= 0.5) & (top-right-square-o > 0.5) & (middle-right-square-x <= 0.5) & (bottom-left-square-o <= 0.5) & (top-left-square-o > 0.5) & (top-middle-square-o <= 0.5) & (bottom-middle-square-o <= 0.5),(middle-middle-square-o <= 0.5) & (top-right-square-o > 0.5) & (top-left-square-o > 0.5) & (top-middle-square-o <= 0.5) & (bottom-left-square-b > 0.5),(middle-middle-square-o <= 0.5) & (top-left-square-o > 0.5) & (top-right-square-o > 0.5) & (top-middle-square-o <= 0.5) & (bottom-right-square-b > 0.5),(middle-middle-square-o <= 0.5) & (bottom-left-square-o <= 0.5) & (top-right-square-o > 0.5) & (bottom-right-square-o <= 0.5) & (top-left-square-o > 0.5) & (top-middle-square-o <= 0.5) & (bottom-middle-square-o <= 0.5),(middle-middle-square-o <= 0.5) & (top-left-square-o > 0.5) & (bottom-left-square-o <= 0.5) & (top-right-square-o > 0.5) & (bottom-middle-square-b <= 0.5) & (middle-left-square-o <= 0.5) & (middle-middle-square-b <= 0.5) & (bottom-left-square-b > 0.5) & (bottom-right-square-o <= 0.5) & (bottom-middle-square-o <= 0.5) & (middle-right-square-o > 0.5) & (middle-left-square-x > 0.5) & (bottom-right-square-x <= 0.5),,
327,10,6,5,7,6,,,(bottom-right-square-o <= 0.5) & (top-right-square-o > 0.5) & (middle-right-square-x <= 0.5) & (bottom-left-square-o > 0.5) & (middle-left-square-x > 0.5) & (middle-right-square-o <= 0.5) & (top-left-square-b <= 0.5) & (bottom-middle-square-x > 0.5) & (bottom-right-square-b > 0.5) & (top-middle-square-b <= 0.5),(middle-middle-square-o <= 0.5) & (top-right-square-o > 0.5) & (top-left-square-o > 0.5) & (top-middle-square-o <= 0.5) & (bottom-left-square-b <= 0.5) & (middle-right-square-b > 0.5),(middle-middle-square-o <= 0.5) & (top-left-square-o > 0.5) & (top-right-square-o > 0.5) & (top-middle-square-o <= 0.5) & (bottom-right-square-b > 0.5),(middle-middle-square-o <= 0.5) & (bottom-left-square-o > 0.5) & (top-left-square-o > 0.5) & (middle-left-square-o <= 0.5) & (top-right-square-b <= 0.5) & (top-middle-square-b <= 0.5) & (bottom-right-square-b > 0.5),(middle-middle-square-o <= 0.5) & (top-left-square-o > 0.5) & (bottom-left-square-o > 0.5) & (middle-left-square-o <= 0.5) & (top-right-square-b <= 0.5) & (bottom-right-square-b > 0.5),,
328,9,5,6,9,9,,,(bottom-right-square-o > 0.5) & (top-right-square-o > 0.5) & (middle-right-square-o <= 0.5) & (bottom-left-square-b > 0.5) & (top-left-square-o > 0.5) & (bottom-middle-square-b <= 0.5) & (middle-left-square-b <= 0.5) & (top-middle-square-x > 0.5) & (middle-right-square-b > 0.5),(middle-middle-square-o <= 0.5) & (top-right-square-o > 0.5) & (top-left-square-o > 0.5) & (top-middle-square-o <= 0.5) & (bottom-left-square-b > 0.5),(middle-middle-square-o <= 0.5) & (top-left-square-o > 0.5) & (top-right-square-o > 0.5) & (top-middle-square-o <= 0.5) & (bottom-right-square-b <= 0.5) & (middle-right-square-b > 0.5),(middle-middle-square-o <= 0.5) & (bottom-left-square-o <= 0.5) & (top-right-square-o > 0.5) & (bottom-right-square-o > 0.5) & (middle-left-square-b <= 0.5) & (bottom-middle-square-o <= 0.5) & (middle-middle-square-b <= 0.5) & (bottom-left-square-b > 0.5) & (top-left-square-o > 0.5),(middle-middle-square-o <= 0.5) & (top-left-square-o > 0.5) & (bottom-left-square-o <= 0.5) & (top-right-square-o > 0.5) & (bottom-middle-square-b <= 0.5) & (middle-left-square-o <= 0.5) & (middle-middle-square-b <= 0.5) & (bottom-left-square-b > 0.5) & (bottom-right-square-o > 0.5),,
329,7,9,9,8,5,,,(bottom-right-square-o <= 0.5) & (top-right-square-o > 0.5) & (middle-right-square-x <= 0.5) & (bottom-left-square-o <= 0.5) & (top-left-square-o > 0.5) & (top-middle-square-o <= 0.5) & (bottom-middle-square-o <= 0.5),(middle-middle-square-o > 0.5) & (bottom-left-square-x > 0.5) & (top-left-square-x <= 0.5) & (bottom-middle-square-x > 0.5) & (top-middle-square-x > 0.5) & (top-right-square-o > 0.5) & (middle-left-square-x > 0.5) & (middle-right-square-b <= 0.5) & (top-left-square-o > 0.5),(middle-middle-square-o > 0.5) & (bottom-right-square-x > 0.5) & (top-right-square-x <= 0.5) & (bottom-middle-square-x > 0.5) & (top-middle-square-x > 0.5) & (top-left-square-o > 0.5) & (middle-right-square-x <= 0.5) & (middle-left-square-x > 0.5) & (middle-right-square-o > 0.5),(middle-middle-square-o > 0.5) & (top-right-square-x <= 0.5) & (bottom-left-square-x > 0.5) & (top-middle-square-x > 0.5) & (bottom-right-square-o <= 0.5) & (middle-left-square-o <= 0.5) & (top-left-square-o > 0.5) & (bottom-middle-square-x > 0.5),(middle-middle-square-o > 0.5) & (bottom-right-square-x > 0.5) & (top-right-square-x <= 0.5) & (bottom-left-square-x > 0.5) & (bottom-middle-square-x > 0.5),,
330,7,9,9,10,10,,,(bottom-right-square-o > 0.5) & (top-right-square-o > 0.5) & (middle-right-square-o <= 0.5) & (bottom-left-square-b <= 0.5) & (top-left-square-o > 0.5) & (top-middle-square-o <= 0.5) & (middle-left-square-o > 0.5),(middle-middle-square-o <= 0.5) & (top-right-square-o > 0.5) & (top-left-square-o > 0.5) & (top-middle-square-o <= 0.5) & (bottom-left-square-b <= 0.5) & (middle-right-square-b <= 0.5) & (middle-left-square-o > 0.5) & (bottom-left-square-o <= 0.5) & (bottom-middle-square-x > 0.5),(middle-middle-square-o <= 0.5) & (top-left-square-o > 0.5) & (top-right-square-o > 0.5) & (top-middle-square-o <= 0.5) & (bottom-right-square-b <= 0.5) & (middle-right-square-b <= 0.5) & (middle-left-square-o > 0.5) & (bottom-middle-square-x > 0.5) & (bottom-right-square-x <= 0.5),(middle-middle-square-o <= 0.5) & (bottom-left-square-o <= 0.5) & (top-right-square-o > 0.5) & (bottom-right-square-o > 0.5) & (middle-left-square-b <= 0.5) & (bottom-middle-square-o <= 0.5) & (middle-middle-square-b <= 0.5) & (bottom-left-square-b <= 0.5) & (bottom-middle-square-x > 0.5) & (top-middle-square-x > 0.5),(middle-middle-square-o <= 0.5) & (top-left-square-o > 0.5) & (bottom-left-square-o <= 0.5) & (top-right-square-o > 0.5) & (bottom-middle-square-b <= 0.5) & (middle-left-square-o > 0.5) & (middle-right-square-x > 0.5) & (bottom-middle-square-o <= 0.5) & (middle-middle-square-x > 0.5) & (bottom-right-square-o > 0.5),,
331,8,5,5,7,12,,,(bottom-right-square-o <= 0.5) & (top-right-square-o > 0.5) & (middle-right-square-x > 0.5) & (bottom-middle-square-o <= 0.5) & (middle-left-square-b <= 0.5) & (top-left-square-o > 0.5) & (top-middle-square-o <= 0.5) & (bottom-left-square-o <= 0.5),(middle-middle-square-o <= 0.5) & (top-right-square-o > 0.5) & (top-left-square-o > 0.5) & (top-middle-square-o <= 0.5) & (bottom-left-square-b > 0.5),(middle-middle-square-o <= 0.5) & (top-left-square-o > 0.5) & (top-right-square-o > 0.5) & (top-middle-square-o <= 0.5) & (bottom-right-square-b > 0.5),(middle-middle-square-o <= 0.5) & (bottom-left-square-o <= 0.5) & (top-right-square-o > 0.5) & (bottom-right-square-o <= 0.5) & (top-left-square-o > 0.5) & (top-middle-square-o <= 0.5) & (bottom-middle-square-o <= 0.5),(middle-middle-square-o <= 0.5) & (top-left-square-o > 0.5) & (bottom-left-square-o <= 0.5) & (top-right-square-o > 0.5) & (bottom-middle-square-b <= 0.5) & (middle-left-square-o > 0.5) & (middle-right-square-x > 0.5) & (bottom-middle-square-o <= 0.5) & (middle-middle-square-x > 0.5) & (bottom-right-square-o <= 0.5) & (bottom-right-square-x <= 0.5) & (bottom-left-square-b > 0.5),,
332,7,9,10,7,7,,,(bottom-right-square-o <= 0.5) & (top-right-square-o > 0.5) & (middle-right-square-x <= 0.5) & (bottom-left-square-o <= 0.5) & (top-left-square-o > 0.5) & (top-middle-square-o <= 0.5) & (bottom-middle-square-o <= 0.5),(middle-middle-square-o <= 0.5) & (top-right-square-o > 0.5) & (top-left-square-o > 0.5) & (top-middle-square-o <= 0.5) & (bottom-left-square-b <= 0.5) & (middle-right-square-b <= 0.5) & (middle-left-square-o > 0.5) & (bottom-left-square-o <= 0.5) & (bottom-middle-square-x > 0.5),(middle-middle-square-o <= 0.5) & (top-left-square-o > 0.5) & (top-right-square-o > 0.5) & (top-middle-square-o <= 0.5) & (bottom-right-square-b <= 0.5) & (middle-right-square-b <= 0.5) & (middle-left-square-o > 0.5) & (bottom-middle-square-x > 0.5) & (bottom-right-square-x > 0.5) & (middle-right-square-x <= 0.5),(middle-middle-square-o <= 0.5) & (bottom-left-square-o <= 0.5) & (top-right-square-o > 0.5) & (bottom-right-square-o <= 0.5) & (top-left-square-o > 0.5) & (top-middle-square-o <= 0.5) & (bottom-middle-square-o <= 0.5),(middle-middle-square-o <= 0.5) & (top-left-square-o > 0.5) & (bottom-left-square-o <= 0.5) & (top-right-square-o > 0.5) & (bottom-middle-square-b <= 0.5) & (middle-left-square-o > 0.5) & (middle-right-square-x <= 0.5),,
333,7,6,5,7,7,,,(bottom-right-square-o <= 0.5) & (top-right-square-o > 0.5) & (middle-right-square-x <= 0.5) & (bottom-left-square-o <= 0.5) & (top-left-square-o > 0.5) & (top-middle-square-o <= 0.5) & (bottom-middle-square-o <= 0.5),(middle-middle-square-o <= 0.5) & (top-right-square-o > 0.5) & (top-left-square-o > 0.5) & (top-middle-square-o <= 0.5) & (bottom-left-square-b <= 0.5) & (middle-right-square-b > 0.5),(middle-middle-square-o <= 0.5) & (top-left-square-o > 0.5) & (top-right-square-o > 0.5) & (top-middle-square-o <= 0.5) & (bottom-right-square-b > 0.5),(middle-middle-square-o <= 0.5) & (bottom-left-square-o <= 0.5) & (top-right-square-o > 0.5) & (bottom-right-square-o <= 0.5) & (top-left-square-o > 0.5) & (top-middle-square-o <= 0.5) & (bottom-middle-square-o <= 0.5),(middle-middle-square-o <= 0.5) & (top-left-square-o > 0.5) & (bottom-left-square-o <= 0.5) & (top-right-square-o > 0.5) & (bottom-middle-square-b <= 0.5) & (middle-left-square-o > 0.5) & (middle-right-square-x <= 0.5),,
334,7,5,6,7,7,,,(bottom-right-square-o <= 0.5) & (top-right-square-o > 0.5) & (middle-right-square-x <= 0.5) & (bottom-left-square-o <= 0.5) & (top-left-square-o > 0.5) & (top-middle-square-o <= 0.5) & (bottom-middle-square-o <= 0.5),(middle-middle-square-o <= 0.5) & (top-right-square-o > 0.5) & (top-left-square-o > 0.5) & (top-middle-square-o <= 0.5) & (bottom-left-square-b > 0.5),(middle-middle-square-o <= 0.5) & (top-left-square-o > 0.5) & (top-right-square-o > 0.5) & (top-middle-square-o <= 0.5) & (bottom-right-square-b <= 0.5) & (middle-right-square-b > 0.5),(middle-middle-square-o <= 0.5) & (bottom-left-square-o <= 0.5) & (top-right-square-o > 0.5) & (bottom-right-square-o <= 0.5) & (top-left-square-o > 0.5) & (top-middle-square-o <= 0.5) & (bottom-middle-square-o <= 0.5),(middle-middle-square-o <= 0.5) & (top-left-square-o > 0.5) & (bottom-left-square-o <= 0.5) & (top-right-square-o > 0.5) & (bottom-middle-square-b <= 0.5) & (middle-left-square-o > 0.5) & (middle-right-square-x <= 0.5),,
335,8,9,9,7,5,,,(bottom-right-square-o <= 0.5) & (top-right-square-o > 0.5) & (middle-right-square-x > 0.5) & (bottom-middle-square-o <= 0.5) & (middle-left-square-b <= 0.5) & (top-left-square-o > 0.5) & (top-middle-square-o <= 0.5) & (bottom-left-square-o <= 0.5),(middle-middle-square-o > 0.5) & (bottom-left-square-x > 0.5) & (top-left-square-x <= 0.5) & (bottom-middle-square-x > 0.5) & (top-middle-square-x > 0.5) & (top-right-square-o > 0.5) & (middle-left-square-x <= 0.5) & (middle-right-square-x > 0.5) & (middle-left-square-b <= 0.5),(middle-middle-square-o > 0.5) & (bottom-right-square-x > 0.5) & (top-right-square-x <= 0.5) & (bottom-middle-square-x > 0.5) & (top-middle-square-x > 0.5) & (top-left-square-o > 0.5) & (middle-right-square-x > 0.5) & (top-right-square-b <= 0.5) & (middle-left-square-o > 0.5),(middle-middle-square-o > 0.5) & (top-right-square-x <= 0.5) & (bottom-left-square-x > 0.5) & (top-middle-square-x > 0.5) & (bottom-right-square-o <= 0.5) & (middle-left-square-o > 0.5) & (top-left-square-o > 0.5),(middle-middle-square-o > 0.5) & (bottom-right-square-x > 0.5) & (top-right-square-x <= 0.5) & (bottom-left-square-x > 0.5) & (bottom-middle-square-x > 0.5),,
336,7,6,6,7,7,,,(bottom-right-square-o <= 0.5) & (top-right-square-o > 0.5) & (middle-right-square-x <= 0.5) & (bottom-left-square-o <= 0.5) & (top-left-square-o > 0.5) & (top-middle-square-o <= 0.5) & (bottom-middle-square-o <= 0.5),(middle-middle-square-o <= 0.5) & (top-right-square-o > 0.5) & (top-left-square-o > 0.5) & (top-middle-square-o <= 0.5) & (bottom-left-square-b <= 0.5) & (middle-right-square-b > 0.5),(middle-middle-square-o <= 0.5) & (top-left-square-o > 0.5) & (top-right-square-o > 0.5) & (top-middle-square-o <= 0.5) & (bottom-right-square-b <= 0.5) & (middle-right-square-b > 0.5),(middle-middle-square-o <= 0.5) & (bottom-left-square-o <= 0.5) & (top-right-square-o > 0.5) & (bottom-right-square-o <= 0.5) & (top-left-square-o > 0.5) & (top-middle-square-o <= 0.5) & (bottom-middle-square-o <= 0.5),(middle-middle-square-o <= 0.5) & (top-left-square-o > 0.5) & (bottom-left-square-o <= 0.5) & (top-right-square-o > 0.5) & (bottom-middle-square-b <= 0.5) & (middle-left-square-o > 0.5) & (middle-right-square-x <= 0.5),,
337,11,8,5,7,6,,,(bottom-right-square-o <= 0.5) & (top-right-square-o > 0.5) & (middle-right-square-x > 0.5) & (bottom-middle-square-o <= 0.5) & (middle-left-square-b > 0.5) & (bottom-left-square-x <= 0.5) & (bottom-left-square-b <= 0.5) & (top-left-square-b <= 0.5) & (top-middle-square-b <= 0.5) & (bottom-right-square-b > 0.5) & (bottom-middle-square-x > 0.5),(middle-middle-square-o <= 0.5) & (top-right-square-o > 0.5) & (top-left-square-o > 0.5) & (top-middle-square-o <= 0.5) & (bottom-left-square-b <= 0.5) & (middle-right-square-b <= 0.5) & (middle-left-square-o <= 0.5) & (middle-right-square-x > 0.5),(middle-middle-square-o <= 0.5) & (top-left-square-o > 0.5) & (top-right-square-o > 0.5) & (top-middle-square-o <= 0.5) & (bottom-right-square-b > 0.5),(middle-middle-square-o <= 0.5) & (bottom-left-square-o > 0.5) & (top-left-square-o > 0.5) & (middle-left-square-o <= 0.5) & (top-right-square-b <= 0.5) & (top-middle-square-b <= 0.5) & (bottom-right-square-b > 0.5),(middle-middle-square-o <= 0.5) & (top-left-square-o > 0.5) & (bottom-left-square-o > 0.5) & (middle-left-square-o <= 0.5) & (top-right-square-b <= 0.5) & (bottom-right-square-b > 0.5),,
338,7,5,8,7,9,,,(bottom-right-square-o > 0.5) & (top-right-square-o > 0.5) & (middle-right-square-o <= 0.5) & (bottom-left-square-b > 0.5) & (top-left-square-o > 0.5) & (bottom-middle-square-b <= 0.5) & (middle-left-square-b > 0.5),(middle-middle-square-o <= 0.5) & (top-right-square-o > 0.5) & (top-left-square-o > 0.5) & (top-middle-square-o <= 0.5) & (bottom-left-square-b > 0.5),(middle-middle-square-o <= 0.5) & (top-left-square-o > 0.5) & (top-right-square-o > 0.5) & (top-middle-square-o <= 0.5) & (bottom-right-square-b <= 0.5) & (middle-right-square-b <= 0.5) & (middle-left-square-o <= 0.5) & (middle-right-square-x > 0.5),(middle-middle-square-o <= 0.5) & (bottom-left-square-o <= 0.5) & (top-right-square-o > 0.5) & (bottom-right-square-o > 0.5) & (middle-left-square-b > 0.5) & (top-left-square-o > 0.5) & (top-middle-square-o <= 0.5),(middle-middle-square-o <= 0.5) & (top-left-square-o > 0.5) & (bottom-left-square-o <= 0.5) & (top-right-square-o > 0.5) & (bottom-middle-square-b <= 0.5) & (middle-left-square-o <= 0.5) & (middle-middle-square-b <= 0.5) & (bottom-left-square-b > 0.5) & (bottom-right-square-o > 0.5),,
339,7,9,5,7,10,,,(bottom-right-square-o <= 0.5) & (top-right-square-o > 0.5) & (middle-right-square-x <= 0.5) & (bottom-left-square-o <= 0.5) & (top-left-square-o > 0.5) & (top-middle-square-o <= 0.5) & (bottom-middle-square-o <= 0.5),(middle-middle-square-o <= 0.5) & (top-right-square-o > 0.5) & (top-left-square-o > 0.5) & (top-middle-square-o <= 0.5) & (bottom-left-square-b <= 0.5) & (middle-right-square-b <= 0.5) & (middle-left-square-o <= 0.5) & (middle-right-square-x <= 0.5) & (middle-left-square-x <= 0.5),(middle-middle-square-o <= 0.5) & (top-left-square-o > 0.5) & (top-right-square-o > 0.5) & (top-middle-square-o <= 0.5) & (bottom-right-square-b > 0.5),(middle-middle-square-o <= 0.5) & (bottom-left-square-o <= 0.5) & (top-right-square-o > 0.5) & (bottom-right-square-o <= 0.5) & (top-left-square-o > 0.5) & (top-middle-square-o <= 0.5) & (bottom-middle-square-o <= 0.5),(middle-middle-square-o <= 0.5) & (top-left-square-o > 0.5) & (bottom-left-square-o <= 0.5) & (top-right-square-o > 0.5) & (bottom-middle-square-b <= 0.5) & (middle-left-square-o <= 0.5) & (middle-middle-square-b <= 0.5) & (bottom-left-square-b <= 0.5) & (middle-left-square-b > 0.5) & (middle-right-square-o > 0.5),,
340,7,5,10,7,12,,,(bottom-right-square-o <= 0.5) & (top-right-square-o > 0.5) & (middle-right-square-x <= 0.5) & (bottom-left-square-o <= 0.5) & (top-left-square-o > 0.5) & (top-middle-square-o <= 0.5) & (bottom-middle-square-o <= 0.5),(middle-middle-square-o <= 0.5) & (top-right-square-o > 0.5) & (top-left-square-o > 0.5) & (top-middle-square-o <= 0.5) & (bottom-left-square-b > 0.5),(middle-middle-square-o <= 0.5) & (top-left-square-o > 0.5) & (top-right-square-o > 0.5) & (top-middle-square-o <= 0.5) & (bottom-right-square-b <= 0.5) & (middle-right-square-b <= 0.5) & (middle-left-square-o <= 0.5) & (middle-right-square-x <= 0.5) & (bottom-right-square-x > 0.5) & (bottom-middle-square-x > 0.5),(middle-middle-square-o <= 0.5) & (bottom-left-square-o <= 0.5) & (top-right-square-o > 0.5) & (bottom-right-square-o <= 0.5) & (top-left-square-o > 0.5) & (top-middle-square-o <= 0.5) & (bottom-middle-square-o <= 0.5),(middle-middle-square-o <= 0.5) & (top-left-square-o > 0.5) & (bottom-left-square-o <= 0.5) & (top-right-square-o > 0.5) & (bottom-middle-square-b <= 0.5) & (middle-left-square-o <= 0.5) & (middle-middle-square-b <= 0.5) & (bottom-left-square-b > 0.5) & (bottom-right-square-o <= 0.5) & (bottom-middle-square-o <= 0.5) & (middle-right-square-o > 0.5) & (middle-left-square-x <= 0.5),,
341,11,6,6,7,12,,,(bottom-right-square-o > 0.5) & (top-right-square-o > 0.5) & (middle-right-square-o <= 0.5) & (bottom-left-square-b <= 0.5) & (top-left-square-o > 0.5) & (top-middle-square-o <= 0.5) & (middle-left-square-o <= 0.5) & (bottom-left-square-o <= 0.5) & (bottom-middle-square-o <= 0.5) & (middle-right-square-x <= 0.5) & (middle-left-square-b > 0.5),(middle-middle-square-o <= 0.5) & (top-right-square-o > 0.5) & (top-left-square-o > 0.5) & (top-middle-square-o <= 0.5) & (bottom-left-square-b <= 0.5) & (middle-right-square-b > 0.5),(middle-middle-square-o <= 0.5) & (top-left-square-o > 0.5) & (top-right-square-o > 0.5) & (top-middle-square-o <= 0.5) & (bottom-right-square-b <= 0.5) & (middle-right-square-b > 0.5),(middle-middle-square-o <= 0.5) & (bottom-left-square-o <= 0.5) & (top-right-square-o > 0.5) & (bottom-right-square-o > 0.5) & (middle-left-square-b > 0.5) & (top-left-square-o > 0.5) & (top-middle-square-o <= 0.5),(middle-middle-square-o <= 0.5) & (top-left-square-o > 0.5) & (bottom-left-square-o <= 0.5) & (top-right-square-o > 0.5) & (bottom-middle-square-b <= 0.5) & (middle-left-square-o <= 0.5) & (middle-middle-square-b <= 0.5) & (bottom-left-square-b <= 0.5) & (middle-left-square-b > 0.5) & (middle-right-square-o <= 0.5) & (middle-right-square-b > 0.5) & (bottom-right-square-b <= 0.5),,
342,10,6,6,10,10,,,(bottom-right-square-o <= 0.5) & (top-right-square-o > 0.5) & (middle-right-square-x <= 0.5) & (bottom-left-square-o > 0.5) & (middle-left-square-x <= 0.5) & (middle-left-square-b > 0.5) & (middle-right-square-o <= 0.5) & (bottom-middle-square-o <= 0.5) & (top-middle-square-o <= 0.5) & (top-left-square-o > 0.5),(middle-middle-square-o <= 0.5) & (top-right-square-o > 0.5) & (top-left-square-o > 0.5) & (top-middle-square-o <= 0.5) & (bottom-left-square-b <= 0.5) & (middle-right-square-b > 0.5),(middle-middle-square-o <= 0.5) & (top-left-square-o > 0.5) & (top-right-square-o > 0.5) & (top-middle-square-o <= 0.5) & (bottom-right-square-b <= 0.5) & (middle-right-square-b > 0.5),(middle-middle-square-o <= 0.5) & (bottom-left-square-o > 0.5) & (top-left-square-o > 0.5) & (middle-left-square-o <= 0.5) & (top-right-square-b <= 0.5) & (top-middle-square-b <= 0.5) & (bottom-right-square-b <= 0.5) & (bottom-middle-square-b <= 0.5) & (bottom-middle-square-x > 0.5) & (top-middle-square-o <= 0.5),(middle-middle-square-o <= 0.5) & (top-left-square-o > 0.5) & (bottom-left-square-o > 0.5) & (middle-left-square-o <= 0.5) & (top-right-square-b <= 0.5) & (bottom-right-square-b <= 0.5) & (bottom-middle-square-b <= 0.5) & (middle-left-square-b > 0.5) & (middle-middle-square-b <= 0.5) & (middle-right-square-x <= 0.5),,
343,7,5,5,7,14,,,(bottom-right-square-o <= 0.5) & (top-right-square-o > 0.5) & (middle-right-square-x <= 0.5) & (bottom-left-square-o <= 0.5) & (top-left-square-o > 0.5) & (top-middle-square-o <= 0.5) & (bottom-middle-square-o <= 0.5),(middle-middle-square-o <= 0.5) & (top-right-square-o > 0.5) & (top-left-square-o > 0.5) & (top-middle-square-o <= 0.5) & (bottom-left-square-b > 0.5),(middle-middle-square-o <= 0.5) & (top-left-square-o > 0.5) & (top-right-square-o > 0.5) & (top-middle-square-o <= 0.5) & (bottom-right-square-b > 0.5),(middle-middle-square-o <= 0.5) & (bottom-left-square-o <= 0.5) & (top-right-square-o > 0.5) & (bottom-right-square-o <= 0.5) & (top-left-square-o > 0.5) & (top-middle-square-o <= 0.5) & (bottom-middle-square-o <= 0.5),(middle-middle-square-o <= 0.5) & (top-left-square-o > 0.5) & (bottom-left-square-o <= 0.5) & (top-right-square-o > 0.5) & (bottom-middle-square-b <= 0.5) & (middle-left-square-o <= 0.5) & (middle-middle-square-b <= 0.5) & (bottom-left-square-b > 0.5) & (bottom-right-square-o <= 0.5) & (bottom-middle-square-o <= 0.5) & (middle-right-square-o <= 0.5) & (bottom-right-square-x <= 0.5) & (middle-right-square-x <= 0.5) & (middle-left-square-b > 0.5),,
344,7,8,8,8,5,,,(bottom-right-square-o <= 0.5) & (top-right-square-o > 0.5) & (middle-right-square-x <= 0.5) & (bottom-left-square-o <= 0.5) & (top-left-square-o > 0.5) & (top-middle-square-o <= 0.5) & (bottom-middle-square-o <= 0.5),(middle-middle-square-o > 0.5) & (bottom-left-square-x > 0.5) & (top-left-square-x <= 0.5) & (bottom-middle-square-x > 0.5) & (top-middle-square-x > 0.5) & (top-right-square-o > 0.5) & (middle-left-square-x <= 0.5) & (middle-right-square-x <= 0.5),(middle-middle-square-o > 0.5) & (bottom-right-square-x > 0.5) & (top-right-square-x <= 0.5) & (bottom-middle-square-x > 0.5) & (top-middle-square-x > 0.5) & (top-left-square-o > 0.5) & (middle-right-square-x <= 0.5) & (middle-left-square-x <= 0.5),(middle-middle-square-o > 0.5) & (top-right-square-x <= 0.5) & (bottom-left-square-x > 0.5) & (top-middle-square-x > 0.5) & (bottom-right-square-o <= 0.5) & (middle-left-square-o <= 0.5) & (top-left-square-o > 0.5) & (bottom-middle-square-x > 0.5),(middle-middle-square-o > 0.5) & (bottom-right-square-x > 0.5) & (top-right-square-x <= 0.5) & (bottom-left-square-x > 0.5) & (bottom-middle-square-x > 0.5),,
345,7,9,10,7,10,,,(bottom-right-square-o <= 0.5) & (top-right-square-o > 0.5) & (middle-right-square-x <= 0.5) & (bottom-left-square-o <= 0.5) & (top-left-square-o > 0.5) & (top-middle-square-o <= 0.5) & (bottom-middle-square-o <= 0.5),(middle-middle-square-o <= 0.5) & (top-right-square-o > 0.5) & (top-left-square-o > 0.5) & (top-middle-square-o <= 0.5) & (bottom-left-square-b <= 0.5) & (middle-right-square-b <= 0.5) & (middle-left-square-o <= 0.5) & (middle-right-square-x <= 0.5) & (middle-left-square-x <= 0.5),(middle-middle-square-o <= 0.5) & (top-left-square-o > 0.5) & (top-right-square-o > 0.5) & (top-middle-square-o <= 0.5) & (bottom-right-square-b <= 0.5) & (middle-right-square-b <= 0.5) & (middle-left-square-o <= 0.5) & (middle-right-square-x <= 0.5) & (bottom-right-square-x > 0.5) & (bottom-middle-square-x > 0.5),(middle-middle-square-o <= 0.5) & (bottom-left-square-o <= 0.5) & (top-right-square-o > 0.5) & (bottom-right-square-o <= 0.5) & (top-left-square-o > 0.5) & (top-middle-square-o <= 0.5) & (bottom-middle-square-o <= 0.5),(middle-middle-square-o <= 0.5) & (top-left-square-o > 0.5) & (bottom-left-square-o <= 0.5) & (top-right-square-o > 0.5) & (bottom-middle-square-b <= 0.5) & (middle-left-square-o <= 0.5) & (middle-middle-square-b > 0.5) & (middle-right-square-x <= 0.5) & (bottom-right-square-x > 0.5) & (bottom-left-square-x > 0.5),,
346,11,8,7,5,5,,,(bottom-right-square-o <= 0.5) & (top-right-square-o <= 0.5) & (middle-left-square-b <= 0.5) & (bottom-middle-square-x <= 0.5) & (top-middle-square-b <= 0.5) & (top-left-square-x <= 0.5) & (middle-right-square-x > 0.5) & (top-right-square-x <= 0.5) & (middle-left-square-o <= 0.5) & (bottom-left-square-x <= 0.5) & (bottom-right-square-x <= 0.5),(middle-middle-square-o <= 0.5) & (top-right-square-o <= 0.5) & (bottom-left-square-o > 0.5) & (top-left-square-o > 0.5) & (middle-left-square-o <= 0.5) & (bottom-middle-square-o > 0.5) & (top-middle-square-x > 0.5) & (top-right-square-x <= 0.5),(middle-middle-square-o <= 0.5) & (top-left-square-o > 0.5) & (top-right-square-o <= 0.5) & (middle-left-square-o <= 0.5) & (top-middle-square-x > 0.5) & (bottom-middle-square-o > 0.5) & (bottom-right-square-b > 0.5),(middle-middle-square-o <= 0.5) & (bottom-left-square-o > 0.5) & (top-left-square-o > 0.5) & (middle-left-square-o <= 0.5) & (top-right-square-b > 0.5),(middle-middle-square-o <= 0.5) & (top-left-square-o > 0.5) & (bottom-left-square-o > 0.5) & (middle-left-square-o <= 0.5) & (top-right-square-b > 0.5),,
347,11,7,6,5,5,,,(bottom-right-square-o > 0.5) & (top-right-square-o <= 0.5) & (middle-right-square-x > 0.5) & (top-middle-square-o <= 0.5) & (middle-left-square-b <= 0.5) & (bottom-left-square-o > 0.5) & (bottom-middle-square-o <= 0.5) & (top-left-square-o > 0.5) & (middle-left-square-o <= 0.5) & (top-right-square-b > 0.5) & (bottom-middle-square-x <= 0.5),(middle-middle-square-o <= 0.5) & (top-right-square-o <= 0.5) & (bottom-left-square-o > 0.5) & (top-left-square-o > 0.5) & (middle-left-square-o <= 0.5) & (bottom-middle-square-o <= 0.5) & (middle-right-square-o <= 0.5),(middle-middle-square-o <= 0.5) & (top-left-square-o > 0.5) & (top-right-square-o <= 0.5) & (middle-left-square-o <= 0.5) & (top-middle-square-x > 0.5) & (bottom-middle-square-o <= 0.5),(middle-middle-square-o <= 0.5) & (bottom-left-square-o > 0.5) & (top-left-square-o > 0.5) & (middle-left-square-o <= 0.5) & (top-right-square-b > 0.5),(middle-middle-square-o <= 0.5) & (top-left-square-o > 0.5) & (bottom-left-square-o > 0.5) & (middle-left-square-o <= 0.5) & (top-right-square-b > 0.5),,
348,12,3,8,3,4,,,(bottom-right-square-o > 0.5) & (top-right-square-o <= 0.5) & (middle-right-square-x > 0.5) & (top-middle-square-o <= 0.5) & (middle-left-square-b <= 0.5) & (bottom-left-square-o <= 0.5) & (top-left-square-o > 0.5) & (bottom-middle-square-o > 0.5) & (middle-left-square-o <= 0.5) & (bottom-left-square-x <= 0.5) & (top-middle-square-b <= 0.5) & (top-right-square-x <= 0.5),(middle-middle-square-o <= 0.5) & (top-right-square-o <= 0.5) & (bottom-left-square-o <= 0.5),(middle-middle-square-o <= 0.5) & (top-left-square-o > 0.5) & (top-right-square-o <= 0.5) & (middle-left-square-o <= 0.5) & (top-middle-square-x > 0.5) & (bottom-middle-square-o > 0.5) & (bottom-right-square-b <= 0.5) & (top-right-square-b > 0.5),(middle-middle-square-o <= 0.5) & (bottom-left-square-o <= 0.5) & (top-right-square-o <= 0.5),(middle-middle-square-o <= 0.5) & (top-left-square-o > 0.5) & (bottom-left-square-o <= 0.5) & (top-right-square-o <= 0.5),,
349,9,8,6,5,5,,,(bottom-right-square-o <= 0.5) & (top-right-square-o <= 0.5) & (middle-left-square-b <= 0.5) & (bottom-middle-square-x > 0.5) & (bottom-left-square-x <= 0.5) & (top-left-square-o > 0.5) & (bottom-left-square-o > 0.5) & (middle-left-square-x > 0.5) & (top-right-square-x <= 0.5),(middle-middle-square-o <= 0.5) & (top-right-square-o <= 0.5) & (bottom-left-square-o > 0.5) & (top-left-square-o > 0.5) & (middle-left-square-o <= 0.5) & (bottom-middle-square-o <= 0.5) & (middle-right-square-o > 0.5) & (top-middle-square-x > 0.5),(middle-middle-square-o <= 0.5) & (top-left-square-o > 0.5) & (top-right-square-o <= 0.5) & (middle-left-square-o <= 0.5) & (top-middle-square-x > 0.5) & (bottom-middle-square-o <= 0.5),(middle-middle-square-o <= 0.5) & (bottom-left-square-o > 0.5) & (top-left-square-o > 0.5) & (middle-left-square-o <= 0.5) & (top-right-square-b > 0.5),(middle-middle-square-o <= 0.5) & (top-left-square-o > 0.5) & (bottom-left-square-o > 0.5) & (middle-left-square-o <= 0.5) & (top-right-square-b > 0.5),,
350,12,3,6,3,4,,,(bottom-right-square-o > 0.5) & (top-right-square-o <= 0.5) & (middle-right-square-x <= 0.5) & (top-left-square-o > 0.5) & (middle-left-square-x > 0.5) & (middle-right-square-o > 0.5) & (top-middle-square-o <= 0.5) & (bottom-left-square-o <= 0.5) & (bottom-middle-square-o <= 0.5) & (bottom-middle-square-x > 0.5) & (top-right-square-x <= 0.5) & (bottom-left-square-x <= 0.5),(middle-middle-square-o <= 0.5) & (top-right-square-o <= 0.5) & (bottom-left-square-o <= 0.5),(middle-middle-square-o <= 0.5) & (top-left-square-o > 0.5) & (top-right-square-o <= 0.5) & (middle-left-square-o <= 0.5) & (top-middle-square-x > 0.5) & (bottom-middle-square-o <= 0.5),(middle-middle-square-o <= 0.5) & (bottom-left-square-o <= 0.5) & (top-right-square-o <= 0.5),(middle-middle-square-o <= 0.5) & (top-left-square-o > 0.5) & (bottom-left-square-o <= 0.5) & (top-right-square-o <= 0.5),,
351,10,7,6,5,5,,,(bottom-right-square-o > 0.5) & (top-right-square-o <= 0.5) & (middle-right-square-x <= 0.5) & (top-left-square-o > 0.5) & (middle-left-square-x > 0.5) & (middle-right-square-o <= 0.5) & (bottom-left-square-b <= 0.5) & (top-middle-square-x > 0.5) & (top-right-square-b > 0.5) & (bottom-left-square-o > 0.5),(middle-middle-square-o <= 0.5) & (top-right-square-o <= 0.5) & (bottom-left-square-o > 0.5) & (top-left-square-o > 0.5) & (middle-left-square-o <= 0.5) & (bottom-middle-square-o <= 0.5) & (middle-right-square-o <= 0.5),(middle-middle-square-o <= 0.5) & (top-left-square-o > 0.5) & (top-right-square-o <= 0.5) & (middle-left-square-o <= 0.5) & (top-middle-square-x > 0.5) & (bottom-middle-square-o <= 0.5),(middle-middle-square-o <= 0.5) & (bottom-left-square-o > 0.5) & (top-left-square-o > 0.5) & (middle-left-square-o <= 0.5) & (top-right-square-b > 0.5),(middle-middle-square-o <= 0.5) & (top-left-square-o > 0.5) & (bottom-left-square-o > 0.5) & (middle-left-square-o <= 0.5) & (top-right-square-b > 0.5),,
352,12,3,10,3,4,,,(bottom-right-square-o > 0.5) & (top-right-square-o <= 0.5) & (middle-right-square-x > 0.5) & (top-middle-square-o <= 0.5) & (middle-left-square-b <= 0.5) & (bottom-left-square-o <= 0.5) & (top-left-square-o > 0.5) & (bottom-middle-square-o <= 0.5) & (top-middle-square-b <= 0.5) & (top-right-square-b > 0.5) & (middle-left-square-x <= 0.5) & (bottom-left-square-b > 0.5),(middle-middle-square-o <= 0.5) & (top-right-square-o <= 0.5) & (bottom-left-square-o <= 0.5),(middle-middle-square-o <= 0.5) & (top-left-square-o > 0.5) & (top-right-square-o <= 0.5) & (middle-left-square-o > 0.5) & (top-middle-square-o <= 0.5) & (middle-right-square-o <= 0.5) & (bottom-middle-square-o <= 0.5) & (bottom-right-square-o > 0.5) & (middle-right-square-x > 0.5) & (top-right-square-b > 0.5),(middle-middle-square-o <= 0.5) & (bottom-left-square-o <= 0.5) & (top-right-square-o <= 0.5),(middle-middle-square-o <= 0.5) & (top-left-square-o > 0.5) & (bottom-left-square-o <= 0.5) & (top-right-square-o <= 0.5),,
353,9,3,7,3,4,,,(bottom-right-square-o <= 0.5) & (top-right-square-o <= 0.5) & (middle-left-square-b <= 0.5) & (bottom-middle-square-x > 0.5) & (bottom-left-square-x > 0.5) & (bottom-right-square-b > 0.5) & (top-middle-square-o <= 0.5) & (top-left-square-o > 0.5) & (top-right-square-b > 0.5),(middle-middle-square-o <= 0.5) & (top-right-square-o <= 0.5) & (bottom-left-square-o <= 0.5),(middle-middle-square-o <= 0.5) & (top-left-square-o > 0.5) & (top-right-square-o <= 0.5) & (middle-left-square-o > 0.5) & (top-middle-square-o <= 0.5) & (middle-right-square-o > 0.5) & (bottom-right-square-x <= 0.5),(middle-middle-square-o <= 0.5) & (bottom-left-square-o <= 0.5) & (top-right-square-o <= 0.5),(middle-middle-square-o <= 0.5) & (top-left-square-o > 0.5) & (bottom-left-square-o <= 0.5) & (top-right-square-o <= 0.5),,
354,9,3,8,3,4,,,(bottom-right-square-o <= 0.5) & (top-right-square-o <= 0.5) & (middle-left-square-b <= 0.5) & (bottom-middle-square-x > 0.5) & (bottom-left-square-x <= 0.5) & (top-left-square-o > 0.5) & (bottom-left-square-o <= 0.5) & (middle-right-square-o > 0.5) & (top-right-square-b > 0.5),(middle-middle-square-o <= 0.5) & (top-right-square-o <= 0.5) & (bottom-left-square-o <= 0.5),(middle-middle-square-o <= 0.5) & (top-left-square-o > 0.5) & (top-right-square-o <= 0.5) & (middle-left-square-o > 0.5) & (top-middle-square-o <= 0.5) & (middle-right-square-o > 0.5) & (bottom-right-square-x > 0.5) & (top-right-square-b > 0.5),(middle-middle-square-o <= 0.5) & (bottom-left-square-o <= 0.5) & (top-right-square-o <= 0.5),(middle-middle-square-o <= 0.5) & (top-left-square-o > 0.5) & (bottom-left-square-o <= 0.5) & (top-right-square-o <= 0.5),,
355,7,3,9,3,4,,,(bottom-right-square-o > 0.5) & (top-right-square-o <= 0.5) & (middle-right-square-x <= 0.5) & (top-left-square-o > 0.5) & (middle-left-square-x <= 0.5) & (middle-left-square-b <= 0.5) & (top-right-square-x <= 0.5),(middle-middle-square-o <= 0.5) & (top-right-square-o <= 0.5) & (bottom-left-square-o <= 0.5),(middle-middle-square-o <= 0.5) & (top-left-square-o > 0.5) & (top-right-square-o <= 0.5) & (middle-left-square-o > 0.5) & (top-middle-square-o <= 0.5) & (middle-right-square-o <= 0.5) & (bottom-middle-square-o <= 0.5) & (bottom-right-square-o > 0.5) & (middle-right-square-x <= 0.5),(middle-middle-square-o <= 0.5) & (bottom-left-square-o <= 0.5) & (top-right-square-o <= 0.5),(middle-middle-square-o <= 0.5) & (top-left-square-o > 0.5) & (bottom-left-square-o <= 0.5) & (top-right-square-o <= 0.5),,
356,8,3,11,3,4,,,(bottom-right-square-o <= 0.5) & (top-right-square-o <= 0.5) & (middle-left-square-b <= 0.5) & (bottom-middle-square-x > 0.5) & (bottom-left-square-x <= 0.5) & (top-left-square-o > 0.5) & (bottom-left-square-o <= 0.5) & (middle-right-square-o <= 0.5),(middle-middle-square-o <= 0.5) & (top-right-square-o <= 0.5) & (bottom-left-square-o <= 0.5),(middle-middle-square-o <= 0.5) & (top-left-square-o > 0.5) & (top-right-square-o <= 0.5) & (middle-left-square-o > 0.5) & (top-middle-square-o <= 0.5) & (middle-right-square-o <= 0.5) & (bottom-middle-square-o <= 0.5) & (bottom-right-square-o <= 0.5) & (middle-right-square-b > 0.5) & (top-right-square-x <= 0.5) & (bottom-right-square-b > 0.5),(middle-middle-square-o <= 0.5) & (bottom-left-square-o <= 0.5) & (top-right-square-o <= 0.5),(middle-middle-square-o <= 0.5) & (top-left-square-o > 0.5) & (bottom-left-square-o <= 0.5) & (top-right-square-o <= 0.5),,
357,6,12,8,7,5,,,(bottom-right-square-o <= 0.5) & (top-right-square-o <= 0.5) & (middle-left-square-b <= 0.5) & (bottom-middle-square-x > 0.5) & (bottom-left-square-x > 0.5) & (bottom-right-square-b <= 0.5),(middle-middle-square-o > 0.5) & (bottom-left-square-x > 0.5) & (top-left-square-x <= 0.5) & (bottom-middle-square-x > 0.5) & (top-middle-square-x > 0.5) & (top-right-square-o <= 0.5) & (top-right-square-b > 0.5) & (top-left-square-b <= 0.5) & (middle-right-square-x <= 0.5) & (middle-left-square-x <= 0.5) & (middle-right-square-o <= 0.5) & (middle-left-square-o > 0.5),(middle-middle-square-o > 0.5) & (bottom-right-square-x > 0.5) & (top-right-square-x <= 0.5) & (bottom-middle-square-x > 0.5) & (top-middle-square-x > 0.5) & (top-left-square-o > 0.5) & (middle-right-square-x <= 0.5) & (middle-left-square-x <= 0.5),(middle-middle-square-o > 0.5) & (top-right-square-x <= 0.5) & (bottom-left-square-x > 0.5) & (top-middle-square-x > 0.5) & (bottom-right-square-o <= 0.5) & (middle-left-square-o > 0.5) & (top-left-square-o > 0.5),(middle-middle-square-o > 0.5) & (bottom-right-square-x > 0.5) & (top-right-square-x <= 0.5) & (bottom-left-square-x > 0.5) & (bottom-middle-square-x > 0.5),,
358,6,3,8,3,4,,,(bottom-right-square-o <= 0.5) & (top-right-square-o <= 0.5) & (middle-left-square-b <= 0.5) & (bottom-middle-square-x > 0.5) & (bottom-left-square-x > 0.5) & (bottom-right-square-b <= 0.5),(middle-middle-square-o <= 0.5) & (top-right-square-o <= 0.5) & (bottom-left-square-o <= 0.5),(middle-middle-square-o <= 0.5) & (top-left-square-o > 0.5) & (top-right-square-o <= 0.5) & (middle-left-square-o > 0.5) & (top-middle-square-o <= 0.5) & (middle-right-square-o > 0.5) & (bottom-right-square-x > 0.5) & (top-right-square-b > 0.5),(middle-middle-square-o <= 0.5) & (bottom-left-square-o <= 0.5) & (top-right-square-o <= 0.5),(middle-middle-square-o <= 0.5) & (top-left-square-o > 0.5) & (bottom-left-square-o <= 0.5) & (top-right-square-o <= 0.5),,
359,11,7,6,5,5,,,(bottom-right-square-o > 0.5) & (top-right-square-o <= 0.5) & (middle-right-square-x > 0.5) & (top-middle-square-o <= 0.5) & (middle-left-square-b > 0.5) & (top-left-square-x <= 0.5) & (top-left-square-b <= 0.5) & (bottom-left-square-b <= 0.5) & (bottom-middle-square-b <= 0.5) & (top-middle-square-b <= 0.5) & (top-right-square-b > 0.5),(middle-middle-square-o <= 0.5) & (top-right-square-o <= 0.5) & (bottom-left-square-o > 0.5) & (top-left-square-o > 0.5) & (middle-left-square-o <= 0.5) & (bottom-middle-square-o <= 0.5) & (middle-right-square-o <= 0.5),(middle-middle-square-o <= 0.5) & (top-left-square-o > 0.5) & (top-right-square-o <= 0.5) & (middle-left-square-o <= 0.5) & (top-middle-square-x > 0.5) & (bottom-middle-square-o <= 0.5),(middle-middle-square-o <= 0.5) & (bottom-left-square-o > 0.5) & (top-left-square-o > 0.5) & (middle-left-square-o <= 0.5) & (top-right-square-b > 0.5),(middle-middle-square-o <= 0.5) & (top-left-square-o > 0.5) & (bottom-left-square-o > 0.5) & (middle-left-square-o <= 0.5) & (top-right-square-b > 0.5),,
360,8,3,6,3,4,,,(bottom-right-square-o > 0.5) & (top-right-square-o <= 0.5) & (middle-right-square-x <= 0.5) & (top-left-square-o > 0.5) & (middle-left-square-x <= 0.5) & (middle-left-square-b > 0.5) & (middle-right-square-o > 0.5) & (top-right-square-x <= 0.5),(middle-middle-square-o <= 0.5) & (top-right-square-o <= 0.5) & (bottom-left-square-o <= 0.5),(middle-middle-square-o <= 0.5) & (top-left-square-o > 0.5) & (top-right-square-o <= 0.5) & (middle-left-square-o <= 0.5) & (top-middle-square-x > 0.5) & (bottom-middle-square-o <= 0.5),(middle-middle-square-o <= 0.5) & (bottom-left-square-o <= 0.5) & (top-right-square-o <= 0.5),(middle-middle-square-o <= 0.5) & (top-left-square-o > 0.5) & (bottom-left-square-o <= 0.5) & (top-right-square-o <= 0.5),,
361,4,8,6,5,5,,,(bottom-right-square-o <= 0.5) & (top-right-square-o <= 0.5) & (middle-left-square-b > 0.5) & (bottom-middle-square-o <= 0.5),(middle-middle-square-o <= 0.5) & (top-right-square-o <= 0.5) & (bottom-left-square-o > 0.5) & (top-left-square-o > 0.5) & (middle-left-square-o <= 0.5) & (bottom-middle-square-o <= 0.5) & (middle-right-square-o > 0.5) & (top-middle-square-x > 0.5),(middle-middle-square-o <= 0.5) & (top-left-square-o > 0.5) & (top-right-square-o <= 0.5) & (middle-left-square-o <= 0.5) & (top-middle-square-x > 0.5) & (bottom-middle-square-o <= 0.5),(middle-middle-square-o <= 0.5) & (bottom-left-square-o > 0.5) & (top-left-square-o > 0.5) & (middle-left-square-o <= 0.5) & (top-right-square-b > 0.5),(middle-middle-square-o <= 0.5) & (top-left-square-o > 0.5) & (bottom-left-square-o > 0.5) & (middle-left-square-o <= 0.5) & (top-right-square-b > 0.5),,
362,4,3,6,3,4,,,(bottom-right-square-o <= 0.5) & (top-right-square-o <= 0.5) & (middle-left-square-b > 0.5) & (bottom-middle-square-o <= 0.5),(middle-middle-square-o <= 0.5) & (top-right-square-o <= 0.5) & (bottom-left-square-o <= 0.5),(middle-middle-square-o <= 0.5) & (top-left-square-o > 0.5) & (top-right-square-o <= 0.5) & (middle-left-square-o <= 0.5) & (top-middle-square-x > 0.5) & (bottom-middle-square-o <= 0.5),(middle-middle-square-o <= 0.5) & (bottom-left-square-o <= 0.5) & (top-right-square-o <= 0.5),(middle-middle-square-o <= 0.5) & (top-left-square-o > 0.5) & (bottom-left-square-o <= 0.5) & (top-right-square-o <= 0.5),,
363,4,7,6,5,5,,,(bottom-right-square-o <= 0.5) & (top-right-square-o <= 0.5) & (middle-left-square-b > 0.5) & (bottom-middle-square-o <= 0.5),(middle-middle-square-o <= 0.5) & (top-right-square-o <= 0.5) & (bottom-left-square-o > 0.5) & (top-left-square-o > 0.5) & (middle-left-square-o <= 0.5) & (bottom-middle-square-o <= 0.5) & (middle-right-square-o <= 0.5),(middle-middle-square-o <= 0.5) & (top-left-square-o > 0.5) & (top-right-square-o <= 0.5) & (middle-left-square-o <= 0.5) & (top-middle-square-x > 0.5) & (bottom-middle-square-o <= 0.5),(middle-middle-square-o <= 0.5) & (bottom-left-square-o > 0.5) & (top-left-square-o > 0.5) & (middle-left-square-o <= 0.5) & (top-right-square-b > 0.5),(middle-middle-square-o <= 0.5) & (top-left-square-o > 0.5) & (bottom-left-square-o > 0.5) & (middle-left-square-o <= 0.5) & (top-right-square-b > 0.5),,
364,12,3,6,3,4,,,(bottom-right-square-o > 0.5) & (top-right-square-o <= 0.5) & (middle-right-square-x <= 0.5) & (top-left-square-o > 0.5) & (middle-left-square-x <= 0.5) & (middle-left-square-b > 0.5) & (middle-right-square-o <= 0.5) & (bottom-middle-square-o <= 0.5) & (top-middle-square-o <= 0.5) & (bottom-left-square-o <= 0.5) & (top-right-square-b > 0.5) & (bottom-left-square-x <= 0.5),(middle-middle-square-o <= 0.5) & (top-right-square-o <= 0.5) & (bottom-left-square-o <= 0.5),(middle-middle-square-o <= 0.5) & (top-left-square-o > 0.5) & (top-right-square-o <= 0.5) & (middle-left-square-o <= 0.5) & (top-middle-square-x > 0.5) & (bottom-middle-square-o <= 0.5),(middle-middle-square-o <= 0.5) & (bottom-left-square-o <= 0.5) & (top-right-square-o <= 0.5),(middle-middle-square-o <= 0.5) & (top-left-square-o > 0.5) & (bottom-left-square-o <= 0.5) & (top-right-square-o <= 0.5),,
365,4,11,8,8,5,,,(bottom-right-square-o <= 0.5) & (top-right-square-o <= 0.5) & (middle-left-square-b > 0.5) & (bottom-middle-square-o <= 0.5),(middle-middle-square-o > 0.5) & (bottom-left-square-x > 0.5) & (top-left-square-x <= 0.5) & (bottom-middle-square-x > 0.5) & (top-middle-square-x > 0.5) & (top-right-square-o <= 0.5) & (top-right-square-b > 0.5) & (top-left-square-b <= 0.5) & (middle-right-square-x <= 0.5) & (middle-left-square-x <= 0.5) & (middle-right-square-o > 0.5),(middle-middle-square-o > 0.5) & (bottom-right-square-x > 0.5) & (top-right-square-x <= 0.5) & (bottom-middle-square-x > 0.5) & (top-middle-square-x > 0.5) & (top-left-square-o > 0.5) & (middle-right-square-x <= 0.5) & (middle-left-square-x <= 0.5),(middle-middle-square-o > 0.5) & (top-right-square-x <= 0.5) & (bottom-left-square-x > 0.5) & (top-middle-square-x > 0.5) & (bottom-right-square-o <= 0.5) & (middle-left-square-o <= 0.5) & (top-left-square-o > 0.5) & (bottom-middle-square-x > 0.5),(middle-middle-square-o > 0.5) & (bottom-right-square-x > 0.5) & (top-right-square-x <= 0.5) & (bottom-left-square-x > 0.5) & (bottom-middle-square-x > 0.5),,
366,12,3,6,3,4,,,(bottom-right-square-o > 0.5) & (top-right-square-o <= 0.5) & (middle-right-square-x > 0.5) & (top-middle-square-o > 0.5) & (top-right-square-b <= 0.5) & (top-left-square-x <= 0.5) & (bottom-left-square-o <= 0.5) & (bottom-middle-square-x <= 0.5) & (middle-left-square-x > 0.5) & (bottom-left-square-x > 0.5) & (bottom-middle-square-b <= 0.5) & (top-left-square-o > 0.5),(middle-middle-square-o <= 0.5) & (top-right-square-o <= 0.5) & (bottom-left-square-o <= 0.5),(middle-middle-square-o <= 0.5) & (top-left-square-o > 0.5) & (top-right-square-o <= 0.5) & (middle-left-square-o <= 0.5) & (top-middle-square-x <= 0.5) & (bottom-middle-square-x <= 0.5),(middle-middle-square-o <= 0.5) & (bottom-left-square-o <= 0.5) & (top-right-square-o <= 0.5),(middle-middle-square-o <= 0.5) & (top-left-square-o > 0.5) & (bottom-left-square-o <= 0.5) & (top-right-square-o <= 0.5),,
367,7,7,8,13,11,,,(bottom-right-square-o > 0.5) & (top-right-square-o <= 0.5) & (middle-right-square-x > 0.5) & (top-middle-square-o > 0.5) & (top-right-square-b <= 0.5) & (top-left-square-x <= 0.5) & (bottom-left-square-o > 0.5),(middle-middle-square-o <= 0.5) & (top-right-square-o <= 0.5) & (bottom-left-square-o > 0.5) & (top-left-square-o > 0.5) & (middle-left-square-o <= 0.5) & (bottom-middle-square-o <= 0.5) & (middle-right-square-o <= 0.5),(middle-middle-square-o <= 0.5) & (top-left-square-o > 0.5) & (top-right-square-o <= 0.5) & (middle-left-square-o <= 0.5) & (top-middle-square-x <= 0.5) & (bottom-middle-square-x > 0.5) & (middle-left-square-x > 0.5) & (bottom-right-square-x <= 0.5),(middle-middle-square-o <= 0.5) & (bottom-left-square-o > 0.5) & (top-left-square-o > 0.5) & (middle-left-square-o <= 0.5) & (top-right-square-b <= 0.5) & (top-middle-square-b <= 0.5) & (bottom-right-square-b <= 0.5) & (bottom-middle-square-b <= 0.5) & (bottom-middle-square-x > 0.5) & (top-middle-square-o > 0.5) & (top-right-square-o <= 0.5) & (middle-left-square-x > 0.5) & (bottom-right-square-o > 0.5),(middle-middle-square-o <= 0.5) & (top-left-square-o > 0.5) & (bottom-left-square-o > 0.5) & (middle-left-square-o <= 0.5) & (top-right-square-b <= 0.5) & (bottom-right-square-b <= 0.5) & (bottom-middle-square-b <= 0.5) & (middle-left-square-b <= 0.5) & (middle-right-square-b <= 0.5) & (middle-middle-square-x > 0.5) & (middle-right-square-x > 0.5),,
368,9,7,6,13,11,,,(bottom-right-square-o <= 0.5) & (top-right-square-o <= 0.5) & (middle-left-square-b <= 0.5) & (bottom-middle-square-x <= 0.5) & (top-middle-square-b <= 0.5) & (top-left-square-x <= 0.5) & (middle-right-square-x > 0.5) & (top-right-square-x > 0.5) & (bottom-right-square-b <= 0.5),(middle-middle-square-o <= 0.5) & (top-right-square-o <= 0.5) & (bottom-left-square-o > 0.5) & (top-left-square-o > 0.5) & (middle-left-square-o <= 0.5) & (bottom-middle-square-o > 0.5) & (top-middle-square-x <= 0.5),(middle-middle-square-o <= 0.5) & (top-left-square-o > 0.5) & (top-right-square-o <= 0.5) & (middle-left-square-o <= 0.5) & (top-middle-square-x <= 0.5) & (bottom-middle-square-x <= 0.5),(middle-middle-square-o <= 0.5) & (bottom-left-square-o > 0.5) & (top-left-square-o > 0.5) & (middle-left-square-o <= 0.5) & (top-right-square-b <= 0.5) & (top-middle-square-b <= 0.5) & (bottom-right-square-b <= 0.5) & (bottom-middle-square-b <= 0.5) & (bottom-middle-square-x <= 0.5) & (bottom-right-square-o <= 0.5) & (middle-left-square-x > 0.5) & (top-right-square-o <= 0.5) & (top-middle-square-o > 0.5),(middle-middle-square-o <= 0.5) & (top-left-square-o > 0.5) & (bottom-left-square-o > 0.5) & (middle-left-square-o <= 0.5) & (top-right-square-b <= 0.5) & (bottom-right-square-b <= 0.5) & (bottom-middle-square-b <= 0.5) & (middle-left-square-b <= 0.5) & (middle-right-square-b <= 0.5) & (middle-middle-square-x > 0.5) & (middle-right-square-x > 0.5),,
369,12,7,6,7,6,,,(bottom-right-square-o <= 0.5) & (top-right-square-o <= 0.5) & (middle-left-square-b <= 0.5) & (bottom-middle-square-x <= 0.5) & (top-middle-square-b <= 0.5) & (top-left-square-x <= 0.5) & (middle-right-square-x > 0.5) & (top-right-square-x > 0.5) & (bottom-right-square-b > 0.5) & (top-middle-square-o > 0.5) & (middle-left-square-x > 0.5) & (bottom-left-square-o > 0.5),(middle-middle-square-o <= 0.5) & (top-right-square-o <= 0.5) & (bottom-left-square-o > 0.5) & (top-left-square-o > 0.5) & (middle-left-square-o <= 0.5) & (bottom-middle-square-o <= 0.5) & (middle-right-square-o <= 0.5),(middle-middle-square-o <= 0.5) & (top-left-square-o > 0.5) & (top-right-square-o <= 0.5) & (middle-left-square-o <= 0.5) & (top-middle-square-x <= 0.5) & (bottom-middle-square-x <= 0.5),(middle-middle-square-o <= 0.5) & (bottom-left-square-o > 0.5) & (top-left-square-o > 0.5) & (middle-left-square-o <= 0.5) & (top-right-square-b <= 0.5) & (top-middle-square-b <= 0.5) & (bottom-right-square-b > 0.5),(middle-middle-square-o <= 0.5) & (top-left-square-o > 0.5) & (bottom-left-square-o > 0.5) & (middle-left-square-o <= 0.5) & (top-right-square-b <= 0.5) & (bottom-right-square-b > 0.5),,
370,14,3,6,3,4,,,(bottom-right-square-o <= 0.5) & (top-right-square-o <= 0.5) & (middle-left-square-b <= 0.5) & (bottom-middle-square-x <= 0.5) & (top-middle-square-b <= 0.5) & (top-left-square-x <= 0.5) & (middle-right-square-x > 0.5) & (top-right-square-x > 0.5) & (bottom-right-square-b > 0.5) & (top-middle-square-o > 0.5) & (middle-left-square-x > 0.5) & (bottom-left-square-o <= 0.5) & (bottom-left-square-b > 0.5) & (top-left-square-o > 0.5),(middle-middle-square-o <= 0.5) & (top-right-square-o <= 0.5) & (bottom-left-square-o <= 0.5),(middle-middle-square-o <= 0.5) & (top-left-square-o > 0.5) & (top-right-square-o <= 0.5) & (middle-left-square-o <= 0.5) & (top-middle-square-x <= 0.5) & (bottom-middle-square-x <= 0.5),(middle-middle-square-o <= 0.5) & (bottom-left-square-o <= 0.5) & (top-right-square-o <= 0.5),(middle-middle-square-o <= 0.5) & (top-left-square-o > 0.5) & (bottom-left-square-o <= 0.5) & (top-right-square-o <= 0.5),,
371,10,3,6,3,4,,,(bottom-right-square-o > 0.5) & (top-right-square-o <= 0.5) & (middle-right-square-x > 0.5) & (top-middle-square-o > 0.5) & (top-right-square-b <= 0.5) & (top-left-square-x <= 0.5) & (bottom-left-square-o <= 0.5) & (bottom-middle-square-x <= 0.5) & (middle-left-square-x > 0.5) & (bottom-left-square-x <= 0.5),(middle-middle-square-o <= 0.5) & (top-right-square-o <= 0.5) & (bottom-left-square-o <= 0.5),(middle-middle-square-o <= 0.5) & (top-left-square-o > 0.5) & (top-right-square-o <= 0.5) & (middle-left-square-o <= 0.5) & (top-middle-square-x <= 0.5) & (bottom-middle-square-x <= 0.5),(middle-middle-square-o <= 0.5) & (bottom-left-square-o <= 0.5) & (top-right-square-o <= 0.5),(middle-middle-square-o <= 0.5) & (top-left-square-o > 0.5) & (bottom-left-square-o <= 0.5) & (top-right-square-o <= 0.5),,
372,7,3,8,3,4,,,(bottom-right-square-o > 0.5) & (top-right-square-o <= 0.5) & (middle-right-square-x <= 0.5) & (top-left-square-o > 0.5) & (middle-left-square-x > 0.5) & (middle-right-square-o > 0.5) & (top-middle-square-o > 0.5),(middle-middle-square-o <= 0.5) & (top-right-square-o <= 0.5) & (bottom-left-square-o <= 0.5),(middle-middle-square-o <= 0.5) & (top-left-square-o > 0.5) & (top-right-square-o <= 0.5) & (middle-left-square-o <= 0.5) & (top-middle-square-x <= 0.5) & (bottom-middle-square-x > 0.5) & (middle-left-square-x > 0.5) & (bottom-right-square-x <= 0.5),(middle-middle-square-o <= 0.5) & (bottom-left-square-o <= 0.5) & (top-right-square-o <= 0.5),(middle-middle-square-o <= 0.5) & (top-left-square-o > 0.5) & (bottom-left-square-o <= 0.5) & (top-right-square-o <= 0.5),,
373,14,3,6,3,4,,,(bottom-right-square-o <= 0.5) & (top-right-square-o <= 0.5) & (middle-left-square-b <= 0.5) & (bottom-middle-square-x <= 0.5) & (top-middle-square-b <= 0.5) & (top-left-square-x <= 0.5) & (middle-right-square-x <= 0.5) & (bottom-left-square-x > 0.5) & (top-right-square-x > 0.5) & (bottom-right-square-b <= 0.5) & (middle-left-square-x > 0.5) & (top-left-square-o > 0.5) & (top-middle-square-x <= 0.5) & (middle-right-square-b <= 0.5),(middle-middle-square-o <= 0.5) & (top-right-square-o <= 0.5) & (bottom-left-square-o <= 0.5),(middle-middle-square-o <= 0.5) & (top-left-square-o > 0.5) & (top-right-square-o <= 0.5) & (middle-left-square-o <= 0.5) & (top-middle-square-x <= 0.5) & (bottom-middle-square-x <= 0.5),(middle-middle-square-o <= 0.5) & (bottom-left-square-o <= 0.5) & (top-right-square-o <= 0.5),(middle-middle-square-o <= 0.5) & (top-left-square-o > 0.5) & (bottom-left-square-o <= 0.5) & (top-right-square-o <= 0.5),,
374,11,3,6,3,4,,,(bottom-right-square-o <= 0.5) & (top-right-square-o <= 0.5) & (middle-left-square-b <= 0.5) & (bottom-middle-square-x <= 0.5) & (top-middle-square-b <= 0.5) & (top-left-square-x <= 0.5) & (middle-right-square-x <= 0.5) & (bottom-left-square-x > 0.5) & (top-right-square-x > 0.5) & (bottom-right-square-b > 0.5) & (top-left-square-o > 0.5),(middle-middle-square-o <= 0.5) & (top-right-square-o <= 0.5) & (bottom-left-square-o <= 0.5),(middle-middle-square-o <= 0.5) & (top-left-square-o > 0.5) & (top-right-square-o <= 0.5) & (middle-left-square-o <= 0.5) & (top-middle-square-x <= 0.5) & (bottom-middle-square-x <= 0.5),(middle-middle-square-o <= 0.5) & (bottom-left-square-o <= 0.5) & (top-right-square-o <= 0.5),(middle-middle-square-o <= 0.5) & (top-left-square-o > 0.5) & (bottom-left-square-o <= 0.5) & (top-right-square-o <= 0.5),,
375,11,3,6,3,4,,,(bottom-right-square-o <= 0.5) & (top-right-square-o <= 0.5) & (middle-left-square-b <= 0.5) & (bottom-middle-square-x <= 0.5) & (top-middle-square-b <= 0.5) & (top-left-square-x <= 0.5) & (middle-right-square-x <= 0.5) & (bottom-left-square-x > 0.5) & (top-right-square-x > 0.5) & (bottom-right-square-b > 0.5) & (top-left-square-o > 0.5),(middle-middle-square-o <= 0.5) & (top-right-square-o <= 0.5) & (bottom-left-square-o <= 0.5),(middle-middle-square-o <= 0.5) & (top-left-square-o > 0.5) & (top-right-square-o <= 0.5) & (middle-left-square-o <= 0.5) & (top-middle-square-x <= 0.5) & (bottom-middle-square-x <= 0.5),(middle-middle-square-o <= 0.5) & (bottom-left-square-o <= 0.5) & (top-right-square-o <= 0.5),(middle-middle-square-o <= 0.5) & (top-left-square-o > 0.5) & (bottom-left-square-o <= 0.5) & (top-right-square-o <= 0.5),,
376,11,3,6,3,4,,,(bottom-right-square-o > 0.5) & (top-right-square-o <= 0.5) & (middle-right-square-x <= 0.5) & (top-left-square-o > 0.5) & (middle-left-square-x > 0.5) & (middle-right-square-o <= 0.5) & (bottom-left-square-b <= 0.5) & (top-middle-square-x <= 0.5) & (bottom-middle-square-x <= 0.5) & (bottom-middle-square-b > 0.5) & (top-middle-square-b <= 0.5),(middle-middle-square-o <= 0.5) & (top-right-square-o <= 0.5) & (bottom-left-square-o <= 0.5),(middle-middle-square-o <= 0.5) & (top-left-square-o > 0.5) & (top-right-square-o <= 0.5) & (middle-left-square-o <= 0.5) & (top-middle-square-x <= 0.5) & (bottom-middle-square-x <= 0.5),(middle-middle-square-o <= 0.5) & (bottom-left-square-o <= 0.5) & (top-right-square-o <= 0.5),(middle-middle-square-o <= 0.5) & (top-left-square-o > 0.5) & (bottom-left-square-o <= 0.5) & (top-right-square-o <= 0.5),,
377,10,9,4,4,7,4,,(bottom-right-square-o <= 0.5) & (top-right-square-o <= 0.5) & (middle-left-square-b <= 0.5) & (bottom-middle-square-x > 0.5) & (bottom-left-square-x <= 0.5) & (top-left-square-o > 0.5) & (bottom-left-square-o > 0.5) & (middle-left-square-x > 0.5) & (top-right-square-x > 0.5) & (middle-right-square-o <= 0.5),(middle-middle-square-o > 0.5) & (bottom-left-square-x <= 0.5) & (top-right-square-x > 0.5) & (bottom-middle-square-x > 0.5) & (top-left-square-o > 0.5) & (top-middle-square-x <= 0.5) & (middle-left-square-x > 0.5) & (bottom-left-square-o > 0.5) & (top-middle-square-o > 0.5),(middle-middle-square-o > 0.5) & (bottom-right-square-x > 0.5) & (top-right-square-x > 0.5) & (middle-right-square-x > 0.5),(middle-middle-square-o > 0.5) & (bottom-right-square-x > 0.5) & (top-right-square-x > 0.5) & (middle-right-square-x > 0.5),(middle-middle-square-o > 0.5) & (top-right-square-x > 0.5) & (top-left-square-x <= 0.5) & (bottom-right-square-x > 0.5) & (top-middle-square-x <= 0.5) & (bottom-middle-square-o <= 0.5) & (middle-left-square-o <= 0.5),(middle-middle-square-o > 0.5) & (bottom-right-square-x > 0.5) & (top-right-square-x > 0.5) & (middle-right-square-x > 0.5),
378,9,6,4,4,7,4,,(bottom-right-square-o <= 0.5) & (top-right-square-o <= 0.5) & (middle-left-square-b <= 0.5) & (bottom-middle-square-x <= 0.5) & (top-middle-square-b <= 0.5) & (top-left-square-x <= 0.5) & (middle-right-square-x > 0.5) & (top-right-square-x > 0.5) & (bottom-right-square-b <= 0.5),(middle-middle-square-o > 0.5) & (bottom-left-square-x <= 0.5) & (top-right-square-x > 0.5) & (bottom-middle-square-x <= 0.5) & (top-middle-square-o > 0.5) & (bottom-middle-square-o <= 0.5),(middle-middle-square-o > 0.5) & (bottom-right-square-x > 0.5) & (top-right-square-x > 0.5) & (middle-right-square-x > 0.5),(middle-middle-square-o > 0.5) & (bottom-right-square-x > 0.5) & (top-right-square-x > 0.5) & (middle-right-square-x > 0.5),(middle-middle-square-o > 0.5) & (top-right-square-x > 0.5) & (top-left-square-x <= 0.5) & (bottom-right-square-x > 0.5) & (top-middle-square-x <= 0.5) & (bottom-middle-square-o <= 0.5) & (middle-left-square-o <= 0.5),(middle-middle-square-o > 0.5) & (bottom-right-square-x > 0.5) & (top-right-square-x > 0.5) & (middle-right-square-x > 0.5),
379,6,11,11,7,11,,,(bottom-right-square-o <= 0.5) & (top-right-square-o <= 0.5) & (middle-left-square-b <= 0.5) & (bottom-middle-square-x > 0.5) & (bottom-left-square-x > 0.5) & (bottom-right-square-b <= 0.5),(middle-middle-square-o > 0.5) & (bottom-left-square-x > 0.5) & (top-left-square-x <= 0.5) & (bottom-middle-square-x > 0.5) & (top-middle-square-x <= 0.5) & (top-left-square-b <= 0.5) & (middle-right-square-x <= 0.5) & (middle-left-square-x > 0.5) & (top-right-square-x > 0.5) & (top-middle-square-o > 0.5) & (middle-right-square-o > 0.5),(middle-middle-square-o > 0.5) & (bottom-right-square-x > 0.5) & (top-right-square-x > 0.5) & (middle-right-square-x <= 0.5) & (middle-left-square-b <= 0.5) & (middle-right-square-b <= 0.5) & (middle-left-square-o <= 0.5) & (top-left-square-b <= 0.5) & (bottom-middle-square-o <= 0.5) & (top-middle-square-x <= 0.5) & (top-left-square-x <= 0.5),(middle-middle-square-o > 0.5) & (top-right-square-x > 0.5) & (top-left-square-x <= 0.5) & (bottom-right-square-x > 0.5) & (top-middle-square-x <= 0.5) & (bottom-middle-square-o <= 0.5) & (middle-left-square-o <= 0.5),(middle-middle-square-o > 0.5) & (bottom-right-square-x > 0.5) & (top-right-square-x > 0.5) & (middle-right-square-x <= 0.5) & (middle-left-square-b <= 0.5) & (middle-right-square-b <= 0.5) & (middle-left-square-o <= 0.5) & (top-left-square-b <= 0.5) & (bottom-left-square-b <= 0.5) & (bottom-middle-square-x > 0.5) & (bottom-left-square-o <= 0.5),,
380,9,7,6,8,7,,,(bottom-right-square-o <= 0.5) & (top-right-square-o <= 0.5) & (middle-left-square-b <= 0.5) & (bottom-middle-square-x <= 0.5) & (top-middle-square-b <= 0.5) & (top-left-square-x <= 0.5) & (middle-right-square-x > 0.5) & (top-right-square-x > 0.5) & (bottom-right-square-b <= 0.5),(middle-middle-square-o <= 0.5) & (top-right-square-o <= 0.5) & (bottom-left-square-o > 0.5) & (top-left-square-o > 0.5) & (middle-left-square-o <= 0.5) & (bottom-middle-square-o <= 0.5) & (middle-right-square-o <= 0.5),(middle-middle-square-o <= 0.5) & (top-left-square-o > 0.5) & (top-right-square-o <= 0.5) & (middle-left-square-o <= 0.5) & (top-middle-square-x <= 0.5) & (bottom-middle-square-x <= 0.5),(middle-middle-square-o <= 0.5) & (bottom-left-square-o > 0.5) & (top-left-square-o > 0.5) & (middle-left-square-o <= 0.5) & (top-right-square-b <= 0.5) & (top-middle-square-b <= 0.5) & (bottom-right-square-b <= 0.5) & (bottom-middle-square-b > 0.5),(middle-middle-square-o <= 0.5) & (top-left-square-o > 0.5) & (bottom-left-square-o > 0.5) & (middle-left-square-o <= 0.5) & (top-right-square-b <= 0.5) & (bottom-right-square-b <= 0.5) & (bottom-middle-square-b > 0.5),,
381,9,3,6,3,4,,,(bottom-right-square-o <= 0.5) & (top-right-square-o <= 0.5) & (middle-left-square-b <= 0.5) & (bottom-middle-square-x <= 0.5) & (top-middle-square-b <= 0.5) & (top-left-square-x <= 0.5) & (middle-right-square-x > 0.5) & (top-right-square-x > 0.5) & (bottom-right-square-b <= 0.5),(middle-middle-square-o <= 0.5) & (top-right-square-o <= 0.5) & (bottom-left-square-o <= 0.5),(middle-middle-square-o <= 0.5) & (top-left-square-o > 0.5) & (top-right-square-o <= 0.5) & (middle-left-square-o <= 0.5) & (top-middle-square-x <= 0.5) & (bottom-middle-square-x <= 0.5),(middle-middle-square-o <= 0.5) & (bottom-left-square-o <= 0.5) & (top-right-square-o <= 0.5),(middle-middle-square-o <= 0.5) & (top-left-square-o > 0.5) & (bottom-left-square-o <= 0.5) & (top-right-square-o <= 0.5),,
382,9,3,9,3,4,,,(bottom-right-square-o > 0.5) & (top-right-square-o <= 0.5) & (middle-right-square-x > 0.5) & (top-middle-square-o > 0.5) & (top-right-square-b <= 0.5) & (top-left-square-x <= 0.5) & (bottom-left-square-o <= 0.5) & (bottom-middle-square-x > 0.5) & (middle-left-square-o > 0.5),(middle-middle-square-o <= 0.5) & (top-right-square-o <= 0.5) & (bottom-left-square-o <= 0.5),(middle-middle-square-o <= 0.5) & (top-left-square-o > 0.5) & (top-right-square-o <= 0.5) & (middle-left-square-o > 0.5) & (top-middle-square-o > 0.5) & (bottom-middle-square-x > 0.5) & (middle-middle-square-x > 0.5) & (middle-right-square-x > 0.5) & (bottom-right-square-o > 0.5),(middle-middle-square-o <= 0.5) & (bottom-left-square-o <= 0.5) & (top-right-square-o <= 0.5),(middle-middle-square-o <= 0.5) & (top-left-square-o > 0.5) & (bottom-left-square-o <= 0.5) & (top-right-square-o <= 0.5),,
383,9,3,6,3,4,,,(bottom-right-square-o <= 0.5) & (top-right-square-o <= 0.5) & (middle-left-square-b <= 0.5) & (bottom-middle-square-x <= 0.5) & (top-middle-square-b <= 0.5) & (top-left-square-x <= 0.5) & (middle-right-square-x > 0.5) & (top-right-square-x > 0.5) & (bottom-right-square-b <= 0.5),(middle-middle-square-o <= 0.5) & (top-right-square-o <= 0.5) & (bottom-left-square-o <= 0.5),(middle-middle-square-o <= 0.5) & (top-left-square-o > 0.5) & (top-right-square-o <= 0.5) & (middle-left-square-o > 0.5) & (top-middle-square-o > 0.5) & (bottom-middle-square-x <= 0.5),(middle-middle-square-o <= 0.5) & (bottom-left-square-o <= 0.5) & (top-right-square-o <= 0.5),(middle-middle-square-o <= 0.5) & (top-left-square-o > 0.5) & (bottom-left-square-o <= 0.5) & (top-right-square-o <= 0.5),,
384,11,3,6,3,4,,,(bottom-right-square-o <= 0.5) & (top-right-square-o <= 0.5) & (middle-left-square-b <= 0.5) & (bottom-middle-square-x <= 0.5) & (top-middle-square-b <= 0.5) & (top-left-square-x <= 0.5) & (middle-right-square-x > 0.5) & (top-right-square-x > 0.5) & (bottom-right-square-b > 0.5) & (top-middle-square-o > 0.5) & (middle-left-square-x <= 0.5),(middle-middle-square-o <= 0.5) & (top-right-square-o <= 0.5) & (bottom-left-square-o <= 0.5),(middle-middle-square-o <= 0.5) & (top-left-square-o > 0.5) & (top-right-square-o <= 0.5) & (middle-left-square-o > 0.5) & (top-middle-square-o > 0.5) & (bottom-middle-square-x <= 0.5),(middle-middle-square-o <= 0.5) & (bottom-left-square-o <= 0.5) & (top-right-square-o <= 0.5),(middle-middle-square-o <= 0.5) & (top-left-square-o > 0.5) & (bottom-left-square-o <= 0.5) & (top-right-square-o <= 0.5),,
385,9,3,6,3,4,,,(bottom-right-square-o <= 0.5) & (top-right-square-o <= 0.5) & (middle-left-square-b <= 0.5) & (bottom-middle-square-x <= 0.5) & (top-middle-square-b <= 0.5) & (top-left-square-x <= 0.5) & (middle-right-square-x > 0.5) & (top-right-square-x > 0.5) & (bottom-right-square-b <= 0.5),(middle-middle-square-o <= 0.5) & (top-right-square-o <= 0.5) & (bottom-left-square-o <= 0.5),(middle-middle-square-o <= 0.5) & (top-left-square-o > 0.5) & (top-right-square-o <= 0.5) & (middle-left-square-o > 0.5) & (top-middle-square-o > 0.5) & (bottom-middle-square-x <= 0.5),(middle-middle-square-o <= 0.5) & (bottom-left-square-o <= 0.5) & (top-right-square-o <= 0.5),(middle-middle-square-o <= 0.5) & (top-left-square-o > 0.5) & (bottom-left-square-o <= 0.5) & (top-right-square-o <= 0.5),,
386,6,3,10,3,4,,,(bottom-right-square-o <= 0.5) & (top-right-square-o <= 0.5) & (middle-left-square-b <= 0.5) & (bottom-middle-square-x > 0.5) & (bottom-left-square-x > 0.5) & (bottom-right-square-b <= 0.5),(middle-middle-square-o <= 0.5) & (top-right-square-o <= 0.5) & (bottom-left-square-o <= 0.5),(middle-middle-square-o <= 0.5) & (top-left-square-o > 0.5) & (top-right-square-o <= 0.5) & (middle-left-square-o > 0.5) & (top-middle-square-o > 0.5) & (bottom-middle-square-x > 0.5) & (middle-middle-square-x > 0.5) & (middle-right-square-x <= 0.5) & (bottom-right-square-b <= 0.5) & (middle-right-square-b <= 0.5),(middle-middle-square-o <= 0.5) & (bottom-left-square-o <= 0.5) & (top-right-square-o <= 0.5),(middle-middle-square-o <= 0.5) & (top-left-square-o > 0.5) & (bottom-left-square-o <= 0.5) & (top-right-square-o <= 0.5),,
387,8,3,9,3,4,,,(bottom-right-square-o <= 0.5) & (top-right-square-o <= 0.5) & (middle-left-square-b <= 0.5) & (bottom-middle-square-x > 0.5) & (bottom-left-square-x > 0.5) & (bottom-right-square-b > 0.5) & (top-middle-square-o > 0.5) & (top-left-square-x <= 0.5),(middle-middle-square-o <= 0.5) & (top-right-square-o <= 0.5) & (bottom-left-square-o <= 0.5),(middle-middle-square-o <= 0.5) & (top-left-square-o > 0.5) & (top-right-square-o <= 0.5) & (middle-left-square-o > 0.5) & (top-middle-square-o > 0.5) & (bottom-middle-square-x > 0.5) & (middle-middle-square-x > 0.5) & (middle-right-square-x <= 0.5) & (bottom-right-square-b > 0.5),(middle-middle-square-o <= 0.5) & (bottom-left-square-o <= 0.5) & (top-right-square-o <= 0.5),(middle-middle-square-o <= 0.5) & (top-left-square-o > 0.5) & (bottom-left-square-o <= 0.5) & (top-right-square-o <= 0.5),,
388,12,3,6,3,4,,,(bottom-right-square-o <= 0.5) & (top-right-square-o <= 0.5) & (middle-left-square-b <= 0.5) & (bottom-middle-square-x <= 0.5) & (top-middle-square-b <= 0.5) & (top-left-square-x <= 0.5) & (middle-right-square-x <= 0.5) & (bottom-left-square-x > 0.5) & (top-right-square-x > 0.5) & (bottom-right-square-b <= 0.5) & (middle-left-square-x <= 0.5) & (top-middle-square-x <= 0.5),(middle-middle-square-o <= 0.5) & (top-right-square-o <= 0.5) & (bottom-left-square-o <= 0.5),(middle-middle-square-o <= 0.5) & (top-left-square-o > 0.5) & (top-right-square-o <= 0.5) & (middle-left-square-o > 0.5) & (top-middle-square-o > 0.5) & (bottom-middle-square-x <= 0.5),(middle-middle-square-o <= 0.5) & (bottom-left-square-o <= 0.5) & (top-right-square-o <= 0.5),(middle-middle-square-o <= 0.5) & (top-left-square-o > 0.5) & (bottom-left-square-o <= 0.5) & (top-right-square-o <= 0.5),,
389,6,11,4,4,8,4,,(bottom-right-square-o <= 0.5) & (top-right-square-o <= 0.5) & (middle-left-square-b <= 0.5) & (bottom-middle-square-x > 0.5) & (bottom-left-square-x > 0.5) & (bottom-right-square-b <= 0.5),(middle-middle-square-o > 0.5) & (bottom-left-square-x > 0.5) & (top-left-square-x <= 0.5) & (bottom-middle-square-x > 0.5) & (top-middle-square-x <= 0.5) & (top-left-square-b <= 0.5) & (middle-right-square-x > 0.5) & (middle-left-square-x <= 0.5) & (top-right-square-x > 0.5) & (middle-left-square-o > 0.5) & (top-middle-square-b <= 0.5),(middle-middle-square-o > 0.5) & (bottom-right-square-x > 0.5) & (top-right-square-x > 0.5) & (middle-right-square-x > 0.5),(middle-middle-square-o > 0.5) & (bottom-right-square-x > 0.5) & (top-right-square-x > 0.5) & (middle-right-square-x > 0.5),(middle-middle-square-o > 0.5) & (top-right-square-x > 0.5) & (top-left-square-x <= 0.5) & (bottom-right-square-x > 0.5) & (top-middle-square-x <= 0.5) & (bottom-middle-square-o <= 0.5) & (middle-left-square-o > 0.5) & (top-middle-square-b <= 0.5),(middle-middle-square-o > 0.5) & (bottom-right-square-x > 0.5) & (top-right-square-x > 0.5) & (middle-right-square-x > 0.5),
390,9,3,6,3,4,,,(bottom-right-square-o <= 0.5) & (top-right-square-o <= 0.5) & (middle-left-square-b <= 0.5) & (bottom-middle-square-x <= 0.5) & (top-middle-square-b <= 0.5) & (top-left-square-x <= 0.5) & (middle-right-square-x > 0.5) & (top-right-square-x > 0.5) & (bottom-right-square-b <= 0.5),(middle-middle-square-o <= 0.5) & (top-right-square-o <= 0.5) & (bottom-left-square-o <= 0.5),(middle-middle-square-o <= 0.5) & (top-left-square-o > 0.5) & (top-right-square-o <= 0.5) & (middle-left-square-o > 0.5) & (top-middle-square-o > 0.5) & (bottom-middle-square-x <= 0.5),(middle-middle-square-o <= 0.5) & (bottom-left-square-o <= 0.5) & (top-right-square-o <= 0.5),(middle-middle-square-o <= 0.5) & (top-left-square-o > 0.5) & (bottom-left-square-o <= 0.5) & (top-right-square-o <= 0.5),,
391,8,3,7,3,4,,,(bottom-right-square-o <= 0.5) & (top-right-square-o <= 0.5) & (middle-left-square-b <= 0.5) & (bottom-middle-square-x > 0.5) & (bottom-left-square-x <= 0.5) & (top-left-square-o > 0.5) & (bottom-left-square-o <= 0.5) & (middle-right-square-o <= 0.5),(middle-middle-square-o <= 0.5) & (top-right-square-o <= 0.5) & (bottom-left-square-o <= 0.5),(middle-middle-square-o <= 0.5) & (top-left-square-o > 0.5) & (top-right-square-o <= 0.5) & (middle-left-square-o > 0.5) & (top-middle-square-o > 0.5) & (bottom-middle-square-x > 0.5) & (middle-middle-square-x <= 0.5),(middle-middle-square-o <= 0.5) & (bottom-left-square-o <= 0.5) & (top-right-square-o <= 0.5),(middle-middle-square-o <= 0.5) & (top-left-square-o > 0.5) & (bottom-left-square-o <= 0.5) & (top-right-square-o <= 0.5),,
392,6,3,7,3,4,,,(bottom-right-square-o <= 0.5) & (top-right-square-o <= 0.5) & (middle-left-square-b <= 0.5) & (bottom-middle-square-x > 0.5) & (bottom-left-square-x > 0.5) & (bottom-right-square-b <= 0.5),(middle-middle-square-o <= 0.5) & (top-right-square-o <= 0.5) & (bottom-left-square-o <= 0.5),(middle-middle-square-o <= 0.5) & (top-left-square-o > 0.5) & (top-right-square-o <= 0.5) & (middle-left-square-o > 0.5) & (top-middle-square-o > 0.5) & (bottom-middle-square-x > 0.5) & (middle-middle-square-x <= 0.5),(middle-middle-square-o <= 0.5) & (bottom-left-square-o <= 0.5) & (top-right-square-o <= 0.5),(middle-middle-square-o <= 0.5) & (top-left-square-o > 0.5) & (bottom-left-square-o <= 0.5) & (top-right-square-o <= 0.5),,
393,7,3,6,3,4,,,(bottom-right-square-o <= 0.5) & (top-right-square-o <= 0.5) & (middle-left-square-b > 0.5) & (bottom-middle-square-o > 0.5) & (top-middle-square-o > 0.5) & (bottom-left-square-o <= 0.5) & (top-left-square-o > 0.5),(middle-middle-square-o <= 0.5) & (top-right-square-o <= 0.5) & (bottom-left-square-o <= 0.5),(middle-middle-square-o <= 0.5) & (top-left-square-o > 0.5) & (top-right-square-o <= 0.5) & (middle-left-square-o <= 0.5) & (top-middle-square-x <= 0.5) & (bottom-middle-square-x <= 0.5),(middle-middle-square-o <= 0.5) & (bottom-left-square-o <= 0.5) & (top-right-square-o <= 0.5),(middle-middle-square-o <= 0.5) & (top-left-square-o > 0.5) & (bottom-left-square-o <= 0.5) & (top-right-square-o <= 0.5),,
394,9,3,6,3,4,,,(bottom-right-square-o > 0.5) & (top-right-square-o <= 0.5) & (middle-right-square-x > 0.5) & (top-middle-square-o > 0.5) & (top-right-square-b <= 0.5) & (top-left-square-x <= 0.5) & (bottom-left-square-o <= 0.5) & (bottom-middle-square-x <= 0.5) & (middle-left-square-x <= 0.5),(middle-middle-square-o <= 0.5) & (top-right-square-o <= 0.5) & (bottom-left-square-o <= 0.5),(middle-middle-square-o <= 0.5) & (top-left-square-o > 0.5) & (top-right-square-o <= 0.5) & (middle-left-square-o <= 0.5) & (top-middle-square-x <= 0.5) & (bottom-middle-square-x <= 0.5),(middle-middle-square-o <= 0.5) & (bottom-left-square-o <= 0.5) & (top-right-square-o <= 0.5),(middle-middle-square-o <= 0.5) & (top-left-square-o > 0.5) & (bottom-left-square-o <= 0.5) & (top-right-square-o <= 0.5),,
395,4,7,6,8,7,,,(bottom-right-square-o <= 0.5) & (top-right-square-o <= 0.5) & (middle-left-square-b > 0.5) & (bottom-middle-square-o <= 0.5),(middle-middle-square-o <= 0.5) & (top-right-square-o <= 0.5) & (bottom-left-square-o > 0.5) & (top-left-square-o > 0.5) & (middle-left-square-o <= 0.5) & (bottom-middle-square-o <= 0.5) & (middle-right-square-o <= 0.5),(middle-middle-square-o <= 0.5) & (top-left-square-o > 0.5) & (top-right-square-o <= 0.5) & (middle-left-square-o <= 0.5) & (top-middle-square-x <= 0.5) & (bottom-middle-square-x <= 0.5),(middle-middle-square-o <= 0.5) & (bottom-left-square-o > 0.5) & (top-left-square-o > 0.5) & (middle-left-square-o <= 0.5) & (top-right-square-b <= 0.5) & (top-middle-square-b <= 0.5) & (bottom-right-square-b <= 0.5) & (bottom-middle-square-b > 0.5),(middle-middle-square-o <= 0.5) & (top-left-square-o > 0.5) & (bottom-left-square-o > 0.5) & (middle-left-square-o <= 0.5) & (top-right-square-b <= 0.5) & (bottom-right-square-b <= 0.5) & (bottom-middle-square-b > 0.5),,
396,7,3,6,3,4,,,(bottom-right-square-o <= 0.5) & (top-right-square-o <= 0.5) & (middle-left-square-b > 0.5) & (bottom-middle-square-o > 0.5) & (top-middle-square-o > 0.5) & (bottom-left-square-o <= 0.5) & (top-left-square-o > 0.5),(middle-middle-square-o <= 0.5) & (top-right-square-o <= 0.5) & (bottom-left-square-o <= 0.5),(middle-middle-square-o <= 0.5) & (top-left-square-o > 0.5) & (top-right-square-o <= 0.5) & (middle-left-square-o <= 0.5) & (top-middle-square-x <= 0.5) & (bottom-middle-square-x <= 0.5),(middle-middle-square-o <= 0.5) & (bottom-left-square-o <= 0.5) & (top-right-square-o <= 0.5),(middle-middle-square-o <= 0.5) & (top-left-square-o > 0.5) & (bottom-left-square-o <= 0.5) & (top-right-square-o <= 0.5),,
397,4,3,7,3,4,,,(bottom-right-square-o <= 0.5) & (top-right-square-o <= 0.5) & (middle-left-square-b > 0.5) & (bottom-middle-square-o <= 0.5),(middle-middle-square-o <= 0.5) & (top-right-square-o <= 0.5) & (bottom-left-square-o <= 0.5),(middle-middle-square-o <= 0.5) & (top-left-square-o > 0.5) & (top-right-square-o <= 0.5) & (middle-left-square-o <= 0.5) & (top-middle-square-x <= 0.5) & (bottom-middle-square-x > 0.5) & (middle-left-square-x <= 0.5),(middle-middle-square-o <= 0.5) & (bottom-left-square-o <= 0.5) & (top-right-square-o <= 0.5),(middle-middle-square-o <= 0.5) & (top-left-square-o > 0.5) & (bottom-left-square-o <= 0.5) & (top-right-square-o <= 0.5),,
398,4,3,6,3,4,,,(bottom-right-square-o <= 0.5) & (top-right-square-o <= 0.5) & (middle-left-square-b > 0.5) & (bottom-middle-square-o <= 0.5),(middle-middle-square-o <= 0.5) & (top-right-square-o <= 0.5) & (bottom-left-square-o <= 0.5),(middle-middle-square-o <= 0.5) & (top-left-square-o > 0.5) & (top-right-square-o <= 0.5) & (middle-left-square-o <= 0.5) & (top-middle-square-x <= 0.5) & (bottom-middle-square-x <= 0.5),(middle-middle-square-o <= 0.5) & (bottom-left-square-o <= 0.5) & (top-right-square-o <= 0.5),(middle-middle-square-o <= 0.5) & (top-left-square-o > 0.5) & (bottom-left-square-o <= 0.5) & (top-right-square-o <= 0.5),,
399,9,3,7,3,4,,,(bottom-right-square-o > 0.5) & (top-right-square-o <= 0.5) & (middle-right-square-x <= 0.5) & (top-left-square-o > 0.5) & (middle-left-square-x <= 0.5) & (middle-left-square-b > 0.5) & (middle-right-square-o <= 0.5) & (bottom-middle-square-o <= 0.5) & (top-middle-square-o > 0.5),(middle-middle-square-o <= 0.5) & (top-right-square-o <= 0.5) & (bottom-left-square-o <= 0.5),(middle-middle-square-o <= 0.5) & (top-left-square-o > 0.5) & (top-right-square-o <= 0.5) & (middle-left-square-o <= 0.5) & (top-middle-square-x <= 0.5) & (bottom-middle-square-x > 0.5) & (middle-left-square-x <= 0.5),(middle-middle-square-o <= 0.5) & (bottom-left-square-o <= 0.5) & (top-right-square-o <= 0.5),(middle-middle-square-o <= 0.5) & (top-left-square-o > 0.5) & (bottom-left-square-o <= 0.5) & (top-right-square-o <= 0.5),,
400,7,3,6,3,4,,,(bottom-right-square-o <= 0.5) & (top-right-square-o <= 0.5) & (middle-left-square-b > 0.5) & (bottom-middle-square-o > 0.5) & (top-middle-square-o > 0.5) & (bottom-left-square-o <= 0.5) & (top-left-square-o > 0.5),(middle-middle-square-o <= 0.5) & (top-right-square-o <= 0.5) & (bottom-left-square-o <= 0.5),(middle-middle-square-o <= 0.5) & (top-left-square-o > 0.5) & (top-right-square-o <= 0.5) & (middle-left-square-o <= 0.5) & (top-middle-square-x <= 0.5) & (bottom-middle-square-x <= 0.5),(middle-middle-square-o <= 0.5) & (bottom-left-square-o <= 0.5) & (top-right-square-o <= 0.5),(middle-middle-square-o <= 0.5) & (top-left-square-o > 0.5) & (bottom-left-square-o <= 0.5) & (top-right-square-o <= 0.5),,
401,4,3,6,3,4,,,(bottom-right-square-o <= 0.5) & (top-right-square-o <= 0.5) & (middle-left-square-b > 0.5) & (bottom-middle-square-o <= 0.5),(middle-middle-square-o <= 0.5) & (top-right-square-o <= 0.5) & (bottom-left-square-o <= 0.5),(middle-middle-square-o <= 0.5) & (top-left-square-o > 0.5) & (top-right-square-o <= 0.5) & (middle-left-square-o <= 0.5) & (top-middle-square-x <= 0.5) & (bottom-middle-square-x <= 0.5),(middle-middle-square-o <= 0.5) & (bottom-left-square-o <= 0.5) & (top-right-square-o <= 0.5),(middle-middle-square-o <= 0.5) & (top-left-square-o > 0.5) & (bottom-left-square-o <= 0.5) & (top-right-square-o <= 0.5),,
402,4,10,4,4,7,4,,(bottom-right-square-o <= 0.5) & (top-right-square-o <= 0.5) & (middle-left-square-b > 0.5) & (bottom-middle-square-o <= 0.5),(middle-middle-square-o > 0.5) & (bottom-left-square-x > 0.5) & (top-left-square-x <= 0.5) & (bottom-middle-square-x <= 0.5) & (middle-left-square-x <= 0.5) & (middle-right-square-x > 0.5) & (middle-left-square-b > 0.5) & (top-middle-square-x <= 0.5) & (top-left-square-o > 0.5) & (top-middle-square-b <= 0.5),(middle-middle-square-o > 0.5) & (bottom-right-square-x > 0.5) & (top-right-square-x > 0.5) & (middle-right-square-x > 0.5),(middle-middle-square-o > 0.5) & (bottom-right-square-x > 0.5) & (top-right-square-x > 0.5) & (middle-right-square-x > 0.5),(middle-middle-square-o > 0.5) & (top-right-square-x > 0.5) & (top-left-square-x <= 0.5) & (bottom-right-square-x > 0.5) & (top-middle-square-x <= 0.5) & (bottom-middle-square-o <= 0.5) & (middle-left-square-o <= 0.5),(middle-middle-square-o > 0.5) & (bottom-right-square-x > 0.5) & (top-right-square-x > 0.5) & (middle-right-square-x > 0.5),
403,4,8,4,4,7,4,,(bottom-right-square-o <= 0.5) & (top-right-square-o <= 0.5) & (middle-left-square-b > 0.5) & (bottom-middle-square-o <= 0.5),(middle-middle-square-o > 0.5) & (bottom-left-square-x <= 0.5) & (top-right-square-x > 0.5) & (bottom-middle-square-x > 0.5) & (top-left-square-o > 0.5) & (top-middle-square-x <= 0.5) & (middle-left-square-x <= 0.5) & (top-middle-square-b <= 0.5),(middle-middle-square-o > 0.5) & (bottom-right-square-x > 0.5) & (top-right-square-x > 0.5) & (middle-right-square-x > 0.5),(middle-middle-square-o > 0.5) & (bottom-right-square-x > 0.5) & (top-right-square-x > 0.5) & (middle-right-square-x > 0.5),(middle-middle-square-o > 0.5) & (top-right-square-x > 0.5) & (top-left-square-x <= 0.5) & (bottom-right-square-x > 0.5) & (top-middle-square-x <= 0.5) & (bottom-middle-square-o <= 0.5) & (middle-left-square-o <= 0.5),(middle-middle-square-o > 0.5) & (bottom-right-square-x > 0.5) & (top-right-square-x > 0.5) & (middle-right-square-x > 0.5),
404,4,9,7,7,6,,,(bottom-right-square-o <= 0.5) & (top-right-square-o <= 0.5) & (middle-left-square-b > 0.5) & (bottom-middle-square-o <= 0.5),(middle-middle-square-o > 0.5) & (bottom-left-square-x > 0.5) & (top-left-square-x <= 0.5) & (bottom-middle-square-x > 0.5) & (top-middle-square-x <= 0.5) & (top-left-square-b <= 0.5) & (middle-right-square-x <= 0.5) & (middle-left-square-x <= 0.5) & (top-middle-square-b <= 0.5),(middle-middle-square-o > 0.5) & (bottom-right-square-x > 0.5) & (top-right-square-x > 0.5) & (middle-right-square-x <= 0.5) & (middle-left-square-b > 0.5) & (top-middle-square-o > 0.5) & (bottom-middle-square-o <= 0.5),(middle-middle-square-o > 0.5) & (top-right-square-x > 0.5) & (top-left-square-x <= 0.5) & (bottom-right-square-x > 0.5) & (top-middle-square-x <= 0.5) & (bottom-middle-square-o <= 0.5) & (middle-left-square-o <= 0.5),(middle-middle-square-o > 0.5) & (bottom-right-square-x > 0.5) & (top-right-square-x > 0.5) & (middle-right-square-x <= 0.5) & (middle-left-square-b > 0.5) & (bottom-middle-square-o <= 0.5),,
405,7,3,6,3,4,,,(bottom-right-square-o <= 0.5) & (top-right-square-o <= 0.5) & (middle-left-square-b > 0.5) & (bottom-middle-square-o > 0.5) & (top-middle-square-o > 0.5) & (bottom-left-square-o <= 0.5) & (top-left-square-o > 0.5),(middle-middle-square-o <= 0.5) & (top-right-square-o <= 0.5) & (bottom-left-square-o <= 0.5),(middle-middle-square-o <= 0.5) & (top-left-square-o > 0.5) & (top-right-square-o <= 0.5) & (middle-left-square-o <= 0.5) & (top-middle-square-x <= 0.5) & (bottom-middle-square-x <= 0.5),(middle-middle-square-o <= 0.5) & (bottom-left-square-o <= 0.5) & (top-right-square-o <= 0.5),(middle-middle-square-o <= 0.5) & (top-left-square-o > 0.5) & (bottom-left-square-o <= 0.5) & (top-right-square-o <= 0.5),,
406,4,7,7,12,9,,,(bottom-right-square-o <= 0.5) & (top-right-square-o <= 0.5) & (middle-left-square-b > 0.5) & (bottom-middle-square-o <= 0.5),(middle-middle-square-o <= 0.5) & (top-right-square-o <= 0.5) & (bottom-left-square-o > 0.5) & (top-left-square-o > 0.5) & (middle-left-square-o <= 0.5) & (bottom-middle-square-o <= 0.5) & (middle-right-square-o <= 0.5),(middle-middle-square-o <= 0.5) & (top-left-square-o > 0.5) & (top-right-square-o <= 0.5) & (middle-left-square-o <= 0.5) & (top-middle-square-x <= 0.5) & (bottom-middle-square-x > 0.5) & (middle-left-square-x <= 0.5),(middle-middle-square-o <= 0.5) & (bottom-left-square-o > 0.5) & (top-left-square-o > 0.5) & (middle-left-square-o <= 0.5) & (top-right-square-b <= 0.5) & (top-middle-square-b <= 0.5) & (bottom-right-square-b <= 0.5) & (bottom-middle-square-b <= 0.5) & (bottom-middle-square-x > 0.5) & (top-middle-square-o > 0.5) & (top-right-square-o <= 0.5) & (middle-left-square-x <= 0.5),(middle-middle-square-o <= 0.5) & (top-left-square-o > 0.5) & (bottom-left-square-o > 0.5) & (middle-left-square-o <= 0.5) & (top-right-square-b <= 0.5) & (bottom-right-square-b <= 0.5) & (bottom-middle-square-b <= 0.5) & (middle-left-square-b > 0.5) & (middle-middle-square-b > 0.5),,
407,4,3,6,3,4,,,(bottom-right-square-o <= 0.5) & (top-right-square-o <= 0.5) & (middle-left-square-b > 0.5) & (bottom-middle-square-o <= 0.5),(middle-middle-square-o <= 0.5) & (top-right-square-o <= 0.5) & (bottom-left-square-o <= 0.5),(middle-middle-square-o <= 0.5) & (top-left-square-o > 0.5) & (top-right-square-o <= 0.5) & (middle-left-square-o <= 0.5) & (top-middle-square-x <= 0.5) & (bottom-middle-square-x <= 0.5),(middle-middle-square-o <= 0.5) & (bottom-left-square-o <= 0.5) & (top-right-square-o <= 0.5),(middle-middle-square-o <= 0.5) & (top-left-square-o > 0.5) & (bottom-left-square-o <= 0.5) & (top-right-square-o <= 0.5),,
408,4,3,7,3,4,,,(bottom-right-square-o <= 0.5) & (top-right-square-o <= 0.5) & (middle-left-square-b > 0.5) & (bottom-middle-square-o <= 0.5),(middle-middle-square-o <= 0.5) & (top-right-square-o <= 0.5) & (bottom-left-square-o <= 0.5),(middle-middle-square-o <= 0.5) & (top-left-square-o > 0.5) & (top-right-square-o <= 0.5) & (middle-left-square-o <= 0.5) & (top-middle-square-x <= 0.5) & (bottom-middle-square-x > 0.5) & (middle-left-square-x <= 0.5),(middle-middle-square-o <= 0.5) & (bottom-left-square-o <= 0.5) & (top-right-square-o <= 0.5),(middle-middle-square-o <= 0.5) & (top-left-square-o > 0.5) & (bottom-left-square-o <= 0.5) & (top-right-square-o <= 0.5),,
409,12,3,6,3,4,,,(bottom-right-square-o <= 0.5) & (top-right-square-o <= 0.5) & (middle-left-square-b <= 0.5) & (bottom-middle-square-x <= 0.5) & (top-middle-square-b <= 0.5) & (top-left-square-x <= 0.5) & (middle-right-square-x > 0.5) & (top-right-square-x <= 0.5) & (middle-left-square-o <= 0.5) & (bottom-left-square-x > 0.5) & (top-left-square-o > 0.5) & (bottom-right-square-x <= 0.5),(middle-middle-square-o <= 0.5) & (top-right-square-o <= 0.5) & (bottom-left-square-o <= 0.5),(middle-middle-square-o <= 0.5) & (top-left-square-o > 0.5) & (top-right-square-o <= 0.5) & (middle-left-square-o <= 0.5) & (top-middle-square-x <= 0.5) & (bottom-middle-square-x <= 0.5),(middle-middle-square-o <= 0.5) & (bottom-left-square-o <= 0.5) & (top-right-square-o <= 0.5),(middle-middle-square-o <= 0.5) & (top-left-square-o > 0.5) & (bottom-left-square-o <= 0.5) & (top-right-square-o <= 0.5),,
410,7,3,6,3,4,,,(bottom-right-square-o > 0.5) & (top-right-square-o <= 0.5) & (middle-right-square-x > 0.5) & (top-middle-square-o > 0.5) & (top-right-square-b > 0.5) & (top-left-square-o > 0.5) & (bottom-middle-square-b > 0.5),(middle-middle-square-o <= 0.5) & (top-right-square-o <= 0.5) & (bottom-left-square-o <= 0.5),(middle-middle-square-o <= 0.5) & (top-left-square-o > 0.5) & (top-right-square-o <= 0.5) & (middle-left-square-o <= 0.5) & (top-middle-square-x <= 0.5) & (bottom-middle-square-x <= 0.5),(middle-middle-square-o <= 0.5) & (bottom-left-square-o <= 0.5) & (top-right-square-o <= 0.5),(middle-middle-square-o <= 0.5) & (top-left-square-o > 0.5) & (bottom-left-square-o <= 0.5) & (top-right-square-o <= 0.5),,
411,9,7,8,5,5,,,(bottom-right-square-o <= 0.5) & (top-right-square-o <= 0.5) & (middle-left-square-b <= 0.5) & (bottom-middle-square-x > 0.5) & (bottom-left-square-x <= 0.5) & (top-left-square-o > 0.5) & (bottom-left-square-o > 0.5) & (middle-left-square-x > 0.5) & (top-right-square-x <= 0.5),(middle-middle-square-o <= 0.5) & (top-right-square-o <= 0.5) & (bottom-left-square-o > 0.5) & (top-left-square-o > 0.5) & (middle-left-square-o <= 0.5) & (bottom-middle-square-o <= 0.5) & (middle-right-square-o <= 0.5),(middle-middle-square-o <= 0.5) & (top-left-square-o > 0.5) & (top-right-square-o <= 0.5) & (middle-left-square-o <= 0.5) & (top-middle-square-x <= 0.5) & (bottom-middle-square-x > 0.5) & (middle-left-square-x > 0.5) & (bottom-right-square-x <= 0.5),(middle-middle-square-o <= 0.5) & (bottom-left-square-o > 0.5) & (top-left-square-o > 0.5) & (middle-left-square-o <= 0.5) & (top-right-square-b > 0.5),(middle-middle-square-o <= 0.5) & (top-left-square-o > 0.5) & (bottom-left-square-o > 0.5) & (middle-left-square-o <= 0.5) & (top-right-square-b > 0.5),,
412,12,7,6,5,5,,,(bottom-right-square-o <= 0.5) & (top-right-square-o <= 0.5) & (middle-left-square-b <= 0.5) & (bottom-middle-square-x <= 0.5) & (top-middle-square-b <= 0.5) & (top-left-square-x <= 0.5) & (middle-right-square-x > 0.5) & (top-right-square-x <= 0.5) & (middle-left-square-o <= 0.5) & (bottom-left-square-x <= 0.5) & (bottom-right-square-x > 0.5) & (top-left-square-o > 0.5),(middle-middle-square-o <= 0.5) & (top-right-square-o <= 0.5) & (bottom-left-square-o > 0.5) & (top-left-square-o > 0.5) & (middle-left-square-o <= 0.5) & (bottom-middle-square-o <= 0.5) & (middle-right-square-o <= 0.5),(middle-middle-square-o <= 0.5) & (top-left-square-o > 0.5) & (top-right-square-o <= 0.5) & (middle-left-square-o <= 0.5) & (top-middle-square-x <= 0.5) & (bottom-middle-square-x <= 0.5),(middle-middle-square-o <= 0.5) & (bottom-left-square-o > 0.5) & (top-left-square-o > 0.5) & (middle-left-square-o <= 0.5) & (top-right-square-b > 0.5),(middle-middle-square-o <= 0.5) & (top-left-square-o > 0.5) & (bottom-left-square-o > 0.5) & (middle-left-square-o <= 0.5) & (top-right-square-b > 0.5),,
413,8,3,8,3,4,,,(bottom-right-square-o > 0.5) & (top-right-square-o <= 0.5) & (middle-right-square-x > 0.5) & (top-middle-square-o > 0.5) & (top-right-square-b > 0.5) & (top-left-square-o > 0.5) & (bottom-middle-square-b <= 0.5) & (bottom-left-square-b > 0.5),(middle-middle-square-o <= 0.5) & (top-right-square-o <= 0.5) & (bottom-left-square-o <= 0.5),(middle-middle-square-o <= 0.5) & (top-left-square-o > 0.5) & (top-right-square-o <= 0.5) & (middle-left-square-o <= 0.5) & (top-middle-square-x <= 0.5) & (bottom-middle-square-x > 0.5) & (middle-left-square-x > 0.5) & (bottom-right-square-x <= 0.5),(middle-middle-square-o <= 0.5) & (bottom-left-square-o <= 0.5) & (top-right-square-o <= 0.5),(middle-middle-square-o <= 0.5) & (top-left-square-o > 0.5) & (bottom-left-square-o <= 0.5) & (top-right-square-o <= 0.5),,
414,12,3,6,3,4,,,(bottom-right-square-o <= 0.5) & (top-right-square-o <= 0.5) & (middle-left-square-b <= 0.5) & (bottom-middle-square-x <= 0.5) & (top-middle-square-b <= 0.5) & (top-left-square-x <= 0.5) & (middle-right-square-x > 0.5) & (top-right-square-x <= 0.5) & (middle-left-square-o <= 0.5) & (bottom-left-square-x <= 0.5) & (bottom-right-square-x > 0.5) & (top-left-square-o > 0.5),(middle-middle-square-o <= 0.5) & (top-right-square-o <= 0.5) & (bottom-left-square-o <= 0.5),(middle-middle-square-o <= 0.5) & (top-left-square-o > 0.5) & (top-right-square-o <= 0.5) & (middle-left-square-o <= 0.5) & (top-middle-square-x <= 0.5) & (bottom-middle-square-x <= 0.5),(middle-middle-square-o <= 0.5) & (bottom-left-square-o <= 0.5) & (top-right-square-o <= 0.5),(middle-middle-square-o <= 0.5) & (top-left-square-o > 0.5) & (bottom-left-square-o <= 0.5) & (top-right-square-o <= 0.5),,
415,11,3,6,3,4,,,(bottom-right-square-o <= 0.5) & (top-right-square-o <= 0.5) & (middle-left-square-b <= 0.5) & (bottom-middle-square-x <= 0.5) & (top-middle-square-b <= 0.5) & (top-left-square-x <= 0.5) & (middle-right-square-x > 0.5) & (top-right-square-x <= 0.5) & (middle-left-square-o <= 0.5) & (bottom-left-square-x <= 0.5) & (bottom-right-square-x <= 0.5),(middle-middle-square-o <= 0.5) & (top-right-square-o <= 0.5) & (bottom-left-square-o <= 0.5),(middle-middle-square-o <= 0.5) & (top-left-square-o > 0.5) & (top-right-square-o <= 0.5) & (middle-left-square-o <= 0.5) & (top-middle-square-x <= 0.5) & (bottom-middle-square-x <= 0.5),(middle-middle-square-o <= 0.5) & (bottom-left-square-o <= 0.5) & (top-right-square-o <= 0.5),(middle-middle-square-o <= 0.5) & (top-left-square-o > 0.5) & (bottom-left-square-o <= 0.5) & (top-right-square-o <= 0.5),,
416,6,10,7,8,5,,,(bottom-right-square-o <= 0.5) & (top-right-square-o <= 0.5) & (middle-left-square-b <= 0.5) & (bottom-middle-square-x > 0.5) & (bottom-left-square-x > 0.5) & (bottom-right-square-b <= 0.5),(middle-middle-square-o > 0.5) & (bottom-left-square-x > 0.5) & (top-left-square-x <= 0.5) & (bottom-middle-square-x > 0.5) & (top-middle-square-x <= 0.5) & (top-left-square-b <= 0.5) & (middle-right-square-x <= 0.5) & (middle-left-square-x > 0.5) & (top-right-square-x <= 0.5) & (top-middle-square-b <= 0.5),(middle-middle-square-o > 0.5) & (bottom-right-square-x > 0.5) & (top-right-square-x <= 0.5) & (bottom-middle-square-x > 0.5) & (top-middle-square-x <= 0.5) & (top-right-square-b > 0.5) & (top-left-square-x <= 0.5),(middle-middle-square-o > 0.5) & (top-right-square-x <= 0.5) & (bottom-left-square-x > 0.5) & (top-middle-square-x <= 0.5) & (bottom-middle-square-o <= 0.5) & (top-left-square-o > 0.5) & (bottom-right-square-x > 0.5) & (bottom-middle-square-b <= 0.5),(middle-middle-square-o > 0.5) & (bottom-right-square-x > 0.5) & (top-right-square-x <= 0.5) & (bottom-left-square-x > 0.5) & (bottom-middle-square-x > 0.5),,
417,6,3,9,3,4,,,(bottom-right-square-o <= 0.5) & (top-right-square-o <= 0.5) & (middle-left-square-b <= 0.5) & (bottom-middle-square-x > 0.5) & (bottom-left-square-x > 0.5) & (bottom-right-square-b <= 0.5),(middle-middle-square-o <= 0.5) & (top-right-square-o <= 0.5) & (bottom-left-square-o <= 0.5),(middle-middle-square-o <= 0.5) & (top-left-square-o > 0.5) & (top-right-square-o <= 0.5) & (middle-left-square-o <= 0.5) & (top-middle-square-x <= 0.5) & (bottom-middle-square-x > 0.5) & (middle-left-square-x > 0.5) & (bottom-right-square-x > 0.5) & (top-right-square-b > 0.5),(middle-middle-square-o <= 0.5) & (bottom-left-square-o <= 0.5) & (top-right-square-o <= 0.5),(middle-middle-square-o <= 0.5) & (top-left-square-o > 0.5) & (bottom-left-square-o <= 0.5) & (top-right-square-o <= 0.5),,
418,6,3,11,3,4,,,(bottom-right-square-o <= 0.5) & (top-right-square-o <= 0.5) & (middle-left-square-b <= 0.5) & (bottom-middle-square-x > 0.5) & (bottom-left-square-x > 0.5) & (bottom-right-square-b <= 0.5),(middle-middle-square-o <= 0.5) & (top-right-square-o <= 0.5) & (bottom-left-square-o <= 0.5),(middle-middle-square-o <= 0.5) & (top-left-square-o > 0.5) & (top-right-square-o <= 0.5) & (middle-left-square-o > 0.5) & (top-middle-square-o > 0.5) & (bottom-middle-square-x > 0.5) & (middle-middle-square-x > 0.5) & (middle-right-square-x <= 0.5) & (bottom-right-square-b <= 0.5) & (middle-right-square-b > 0.5) & (top-right-square-x <= 0.5),(middle-middle-square-o <= 0.5) & (bottom-left-square-o <= 0.5) & (top-right-square-o <= 0.5),(middle-middle-square-o <= 0.5) & (top-left-square-o > 0.5) & (bottom-left-square-o <= 0.5) & (top-right-square-o <= 0.5),,
419,6,3,7,3,4,,,(bottom-right-square-o <= 0.5) & (top-right-square-o <= 0.5) & (middle-left-square-b <= 0.5) & (bottom-middle-square-x > 0.5) & (bottom-left-square-x > 0.5) & (bottom-right-square-b <= 0.5),(middle-middle-square-o <= 0.5) & (top-right-square-o <= 0.5) & (bottom-left-square-o <= 0.5),(middle-middle-square-o <= 0.5) & (top-left-square-o > 0.5) & (top-right-square-o <= 0.5) & (middle-left-square-o > 0.5) & (top-middle-square-o > 0.5) & (bottom-middle-square-x > 0.5) & (middle-middle-square-x <= 0.5),(middle-middle-square-o <= 0.5) & (bottom-left-square-o <= 0.5) & (top-right-square-o <= 0.5),(middle-middle-square-o <= 0.5) & (top-left-square-o > 0.5) & (bottom-left-square-o <= 0.5) & (top-right-square-o <= 0.5),,
420,4,3,7,3,4,,,(bottom-right-square-o <= 0.5) & (top-right-square-o <= 0.5) & (middle-left-square-b > 0.5) & (bottom-middle-square-o <= 0.5),(middle-middle-square-o <= 0.5) & (top-right-square-o <= 0.5) & (bottom-left-square-o <= 0.5),(middle-middle-square-o <= 0.5) & (top-left-square-o > 0.5) & (top-right-square-o <= 0.5) & (middle-left-square-o <= 0.5) & (top-middle-square-x <= 0.5) & (bottom-middle-square-x > 0.5) & (middle-left-square-x <= 0.5),(middle-middle-square-o <= 0.5) & (bottom-left-square-o <= 0.5) & (top-right-square-o <= 0.5),(middle-middle-square-o <= 0.5) & (top-left-square-o > 0.5) & (bottom-left-square-o <= 0.5) & (top-right-square-o <= 0.5),,
421,4,11,7,8,5,,,(bottom-right-square-o <= 0.5) & (top-right-square-o <= 0.5) & (middle-left-square-b > 0.5) & (bottom-middle-square-o <= 0.5),(middle-middle-square-o > 0.5) & (bottom-left-square-x > 0.5) & (top-left-square-x <= 0.5) & (bottom-middle-square-x > 0.5) & (top-middle-square-x <= 0.5) & (top-left-square-b <= 0.5) & (middle-right-square-x > 0.5) & (middle-left-square-x <= 0.5) & (top-right-square-x <= 0.5) & (top-right-square-o <= 0.5) & (top-middle-square-o > 0.5),(middle-middle-square-o > 0.5) & (bottom-right-square-x > 0.5) & (top-right-square-x <= 0.5) & (bottom-middle-square-x > 0.5) & (top-middle-square-x <= 0.5) & (top-right-square-b > 0.5) & (top-left-square-x <= 0.5),(middle-middle-square-o > 0.5) & (top-right-square-x <= 0.5) & (bottom-left-square-x > 0.5) & (top-middle-square-x <= 0.5) & (bottom-middle-square-o <= 0.5) & (top-left-square-o > 0.5) & (bottom-right-square-x > 0.5) & (bottom-middle-square-b <= 0.5),(middle-middle-square-o > 0.5) & (bottom-right-square-x > 0.5) & (top-right-square-x <= 0.5) & (bottom-left-square-x > 0.5) & (bottom-middle-square-x > 0.5),,
422,4,3,7,3,4,,,(bottom-right-square-o <= 0.5) & (top-right-square-o <= 0.5) & (middle-left-square-b > 0.5) & (bottom-middle-square-o <= 0.5),(middle-middle-square-o <= 0.5) & (top-right-square-o <= 0.5) & (bottom-left-square-o <= 0.5),(middle-middle-square-o <= 0.5) & (top-left-square-o > 0.5) & (top-right-square-o <= 0.5) & (middle-left-square-o <= 0.5) & (top-middle-square-x <= 0.5) & (bottom-middle-square-x > 0.5) & (middle-left-square-x <= 0.5),(middle-middle-square-o <= 0.5) & (bottom-left-square-o <= 0.5) & (top-right-square-o <= 0.5),(middle-middle-square-o <= 0.5) & (top-left-square-o > 0.5) & (bottom-left-square-o <= 0.5) & (top-right-square-o <= 0.5),,
423,7,7,6,6,6,,,(bottom-right-square-o <= 0.5) & (top-right-square-o <= 0.5) & (middle-left-square-b <= 0.5) & (bottom-middle-square-x <= 0.5) & (top-middle-square-b > 0.5) & (bottom-middle-square-o > 0.5) & (middle-right-square-o <= 0.5),(middle-middle-square-o <= 0.5) & (top-right-square-o <= 0.5) & (bottom-left-square-o > 0.5) & (top-left-square-o > 0.5) & (middle-left-square-o <= 0.5) & (bottom-middle-square-o > 0.5) & (top-middle-square-x <= 0.5),(middle-middle-square-o <= 0.5) & (top-left-square-o > 0.5) & (top-right-square-o <= 0.5) & (middle-left-square-o <= 0.5) & (top-middle-square-x <= 0.5) & (bottom-middle-square-x <= 0.5),(middle-middle-square-o <= 0.5) & (bottom-left-square-o > 0.5) & (top-left-square-o > 0.5) & (middle-left-square-o <= 0.5) & (top-right-square-b <= 0.5) & (top-middle-square-b > 0.5),(middle-middle-square-o <= 0.5) & (top-left-square-o > 0.5) & (bottom-left-square-o > 0.5) & (middle-left-square-o <= 0.5) & (top-right-square-b <= 0.5) & (bottom-right-square-b > 0.5),,
424,12,7,6,6,7,,,(bottom-right-square-o > 0.5) & (top-right-square-o <= 0.5) & (middle-right-square-x > 0.5) & (top-middle-square-o <= 0.5) & (middle-left-square-b <= 0.5) & (bottom-left-square-o > 0.5) & (bottom-middle-square-o <= 0.5) & (top-left-square-o > 0.5) & (middle-left-square-o <= 0.5) & (top-right-square-b <= 0.5) & (bottom-middle-square-x <= 0.5) & (top-middle-square-x <= 0.5),(middle-middle-square-o <= 0.5) & (top-right-square-o <= 0.5) & (bottom-left-square-o > 0.5) & (top-left-square-o > 0.5) & (middle-left-square-o <= 0.5) & (bottom-middle-square-o <= 0.5) & (middle-right-square-o <= 0.5),(middle-middle-square-o <= 0.5) & (top-left-square-o > 0.5) & (top-right-square-o <= 0.5) & (middle-left-square-o <= 0.5) & (top-middle-square-x <= 0.5) & (bottom-middle-square-x <= 0.5),(middle-middle-square-o <= 0.5) & (bottom-left-square-o > 0.5) & (top-left-square-o > 0.5) & (middle-left-square-o <= 0.5) & (top-right-square-b <= 0.5) & (top-middle-square-b > 0.5),(middle-middle-square-o <= 0.5) & (top-left-square-o > 0.5) & (bottom-left-square-o > 0.5) & (middle-left-square-o <= 0.5) & (top-right-square-b <= 0.5) & (bottom-right-square-b <= 0.5) & (bottom-middle-square-b > 0.5),,
425,11,3,6,3,4,,,(bottom-right-square-o > 0.5) & (top-right-square-o <= 0.5) & (middle-right-square-x > 0.5) & (top-middle-square-o <= 0.5) & (middle-left-square-b <= 0.5) & (bottom-left-square-o <= 0.5) & (top-left-square-o > 0.5) & (bottom-middle-square-o > 0.5) & (middle-left-square-o <= 0.5) & (bottom-left-square-x <= 0.5) & (top-middle-square-b > 0.5),(middle-middle-square-o <= 0.5) & (top-right-square-o <= 0.5) & (bottom-left-square-o <= 0.5),(middle-middle-square-o <= 0.5) & (top-left-square-o > 0.5) & (top-right-square-o <= 0.5) & (middle-left-square-o <= 0.5) & (top-middle-square-x <= 0.5) & (bottom-middle-square-x <= 0.5),(middle-middle-square-o <= 0.5) & (bottom-left-square-o <= 0.5) & (top-right-square-o <= 0.5),(middle-middle-square-o <= 0.5) & (top-left-square-o > 0.5) & (bottom-left-square-o <= 0.5) & (top-right-square-o <= 0.5),,
426,8,3,6,3,4,,,(bottom-right-square-o <= 0.5) & (top-right-square-o <= 0.5) & (middle-left-square-b <= 0.5) & (bottom-middle-square-x <= 0.5) & (top-middle-square-b > 0.5) & (bottom-middle-square-o > 0.5) & (middle-right-square-o > 0.5) & (middle-left-square-o <= 0.5),(middle-middle-square-o <= 0.5) & (top-right-square-o <= 0.5) & (bottom-left-square-o <= 0.5),(middle-middle-square-o <= 0.5) & (top-left-square-o > 0.5) & (top-right-square-o <= 0.5) & (middle-left-square-o <= 0.5) & (top-middle-square-x <= 0.5) & (bottom-middle-square-x <= 0.5),(middle-middle-square-o <= 0.5) & (bottom-left-square-o <= 0.5) & (top-right-square-o <= 0.5),(middle-middle-square-o <= 0.5) & (top-left-square-o > 0.5) & (bottom-left-square-o <= 0.5) & (top-right-square-o <= 0.5),,
427,11,3,6,3,4,,,(bottom-right-square-o > 0.5) & (top-right-square-o <= 0.5) & (middle-right-square-x <= 0.5) & (top-left-square-o > 0.5) & (middle-left-square-x > 0.5) & (middle-right-square-o > 0.5) & (top-middle-square-o <= 0.5) & (bottom-left-square-o <= 0.5) & (bottom-middle-square-o <= 0.5) & (bottom-middle-square-x <= 0.5) & (top-middle-square-x <= 0.5),(middle-middle-square-o <= 0.5) & (top-right-square-o <= 0.5) & (bottom-left-square-o <= 0.5),(middle-middle-square-o <= 0.5) & (top-left-square-o > 0.5) & (top-right-square-o <= 0.5) & (middle-left-square-o <= 0.5) & (top-middle-square-x <= 0.5) & (bottom-middle-square-x <= 0.5),(middle-middle-square-o <= 0.5) & (bottom-left-square-o <= 0.5) & (top-right-square-o <= 0.5),(middle-middle-square-o <= 0.5) & (top-left-square-o > 0.5) & (bottom-left-square-o <= 0.5) & (top-right-square-o <= 0.5),,
428,10,3,6,3,4,,,(bottom-right-square-o > 0.5) & (top-right-square-o <= 0.5) & (middle-right-square-x <= 0.5) & (top-left-square-o > 0.5) & (middle-left-square-x > 0.5) & (middle-right-square-o <= 0.5) & (bottom-left-square-b <= 0.5) & (top-middle-square-x <= 0.5) & (bottom-middle-square-x <= 0.5) & (bottom-middle-square-b <= 0.5),(middle-middle-square-o <= 0.5) & (top-right-square-o <= 0.5) & (bottom-left-square-o <= 0.5),(middle-middle-square-o <= 0.5) & (top-left-square-o > 0.5) & (top-right-square-o <= 0.5) & (middle-left-square-o <= 0.5) & (top-middle-square-x <= 0.5) & (bottom-middle-square-x <= 0.5),(middle-middle-square-o <= 0.5) & (bottom-left-square-o <= 0.5) & (top-right-square-o <= 0.5),(middle-middle-square-o <= 0.5) & (top-left-square-o > 0.5) & (bottom-left-square-o <= 0.5) & (top-right-square-o <= 0.5),,
429,7,10,4,4,7,4,,(bottom-right-square-o <= 0.5) & (top-right-square-o <= 0.5) & (middle-left-square-b <= 0.5) & (bottom-middle-square-x <= 0.5) & (top-middle-square-b > 0.5) & (bottom-middle-square-o <= 0.5) & (middle-left-square-x > 0.5),(middle-middle-square-o > 0.5) & (bottom-left-square-x <= 0.5) & (top-right-square-x > 0.5) & (bottom-middle-square-x <= 0.5) & (top-middle-square-o <= 0.5) & (top-left-square-o > 0.5) & (middle-left-square-x > 0.5) & (top-middle-square-b > 0.5) & (bottom-middle-square-b > 0.5) & (bottom-left-square-o > 0.5),(middle-middle-square-o > 0.5) & (bottom-right-square-x > 0.5) & (top-right-square-x > 0.5) & (middle-right-square-x > 0.5),(middle-middle-square-o > 0.5) & (bottom-right-square-x > 0.5) & (top-right-square-x > 0.5) & (middle-right-square-x > 0.5),(middle-middle-square-o > 0.5) & (top-right-square-x > 0.5) & (top-left-square-x <= 0.5) & (bottom-right-square-x > 0.5) & (top-middle-square-x <= 0.5) & (bottom-middle-square-o <= 0.5) & (middle-left-square-o <= 0.5),(middle-middle-square-o > 0.5) & (bottom-right-square-x > 0.5) & (top-right-square-x > 0.5) & (middle-right-square-x > 0.5),
430,7,9,4,4,7,4,,(bottom-right-square-o <= 0.5) & (top-right-square-o <= 0.5) & (middle-left-square-b <= 0.5) & (bottom-middle-square-x <= 0.5) & (top-middle-square-b > 0.5) & (bottom-middle-square-o > 0.5) & (middle-right-square-o <= 0.5),(middle-middle-square-o > 0.5) & (bottom-left-square-x <= 0.5) & (top-right-square-x > 0.5) & (bottom-middle-square-x <= 0.5) & (top-middle-square-o <= 0.5) & (top-left-square-o > 0.5) & (middle-left-square-x > 0.5) & (top-middle-square-b > 0.5) & (bottom-middle-square-b <= 0.5),(middle-middle-square-o > 0.5) & (bottom-right-square-x > 0.5) & (top-right-square-x > 0.5) & (middle-right-square-x > 0.5),(middle-middle-square-o > 0.5) & (bottom-right-square-x > 0.5) & (top-right-square-x > 0.5) & (middle-right-square-x > 0.5),(middle-middle-square-o > 0.5) & (top-right-square-x > 0.5) & (top-left-square-x <= 0.5) & (bottom-right-square-x > 0.5) & (top-middle-square-x <= 0.5) & (bottom-middle-square-o > 0.5) & (top-middle-square-o <= 0.5),(middle-middle-square-o > 0.5) & (bottom-right-square-x > 0.5) & (top-right-square-x > 0.5) & (middle-right-square-x > 0.5),
431,7,7,6,6,12,,,(bottom-right-square-o <= 0.5) & (top-right-square-o <= 0.5) & (middle-left-square-b <= 0.5) & (bottom-middle-square-x <= 0.5) & (top-middle-square-b > 0.5) & (bottom-middle-square-o > 0.5) & (middle-right-square-o <= 0.5),(middle-middle-square-o <= 0.5) & (top-right-square-o <= 0.5) & (bottom-left-square-o > 0.5) & (top-left-square-o > 0.5) & (middle-left-square-o <= 0.5) & (bottom-middle-square-o > 0.5) & (top-middle-square-x <= 0.5),(middle-middle-square-o <= 0.5) & (top-left-square-o > 0.5) & (top-right-square-o <= 0.5) & (middle-left-square-o <= 0.5) & (top-middle-square-x <= 0.5) & (bottom-middle-square-x <= 0.5),(middle-middle-square-o <= 0.5) & (bottom-left-square-o > 0.5) & (top-left-square-o > 0.5) & (middle-left-square-o <= 0.5) & (top-right-square-b <= 0.5) & (top-middle-square-b > 0.5),(middle-middle-square-o <= 0.5) & (top-left-square-o > 0.5) & (bottom-left-square-o > 0.5) & (middle-left-square-o <= 0.5) & (top-right-square-b <= 0.5) & (bottom-right-square-b <= 0.5) & (bottom-middle-square-b <= 0.5) & (middle-left-square-b <= 0.5) & (middle-right-square-b <= 0.5) & (middle-middle-square-x <= 0.5) & (bottom-middle-square-x <= 0.5) & (bottom-right-square-x > 0.5),,
432,7,3,8,3,4,,,(bottom-right-square-o <= 0.5) & (top-right-square-o <= 0.5) & (middle-left-square-b <= 0.5) & (bottom-middle-square-x <= 0.5) & (top-middle-square-b > 0.5) & (bottom-middle-square-o > 0.5) & (middle-right-square-o <= 0.5),(middle-middle-square-o <= 0.5) & (top-right-square-o <= 0.5) & (bottom-left-square-o <= 0.5),(middle-middle-square-o <= 0.5) & (top-left-square-o > 0.5) & (top-right-square-o <= 0.5) & (middle-left-square-o > 0.5) & (top-middle-square-o <= 0.5) & (middle-right-square-o <= 0.5) & (bottom-middle-square-o > 0.5) & (top-middle-square-x <= 0.5),(middle-middle-square-o <= 0.5) & (bottom-left-square-o <= 0.5) & (top-right-square-o <= 0.5),(middle-middle-square-o <= 0.5) & (top-left-square-o > 0.5) & (bottom-left-square-o <= 0.5) & (top-right-square-o <= 0.5),,
433,11,3,12,3,4,,,(bottom-right-square-o > 0.5) & (top-right-square-o <= 0.5) & (middle-right-square-x > 0.5) & (top-middle-square-o <= 0.5) & (middle-left-square-b <= 0.5) & (bottom-left-square-o <= 0.5) & (top-left-square-o > 0.5) & (bottom-middle-square-o <= 0.5) & (top-middle-square-b > 0.5) & (bottom-middle-square-b > 0.5) & (middle-left-square-x <= 0.5),(middle-middle-square-o <= 0.5) & (top-right-square-o <= 0.5) & (bottom-left-square-o <= 0.5),(middle-middle-square-o <= 0.5) & (top-left-square-o > 0.5) & (top-right-square-o <= 0.5) & (middle-left-square-o > 0.5) & (top-middle-square-o <= 0.5) & (middle-right-square-o <= 0.5) & (bottom-middle-square-o <= 0.5) & (bottom-right-square-o > 0.5) & (middle-right-square-x > 0.5) & (top-right-square-b <= 0.5) & (bottom-middle-square-b > 0.5) & (top-middle-square-b > 0.5),(middle-middle-square-o <= 0.5) & (bottom-left-square-o <= 0.5) & (top-right-square-o <= 0.5),(middle-middle-square-o <= 0.5) & (top-left-square-o > 0.5) & (bottom-left-square-o <= 0.5) & (top-right-square-o <= 0.5),,
434,7,3,8,3,4,,,(bottom-right-square-o <= 0.5) & (top-right-square-o <= 0.5) & (middle-left-square-b <= 0.5) & (bottom-middle-square-x <= 0.5) & (top-middle-square-b > 0.5) & (bottom-middle-square-o > 0.5) & (middle-right-square-o <= 0.5),(middle-middle-square-o <= 0.5) & (top-right-square-o <= 0.5) & (bottom-left-square-o <= 0.5),(middle-middle-square-o <= 0.5) & (top-left-square-o > 0.5) & (top-right-square-o <= 0.5) & (middle-left-square-o > 0.5) & (top-middle-square-o <= 0.5) & (middle-right-square-o <= 0.5) & (bottom-middle-square-o > 0.5) & (top-middle-square-x <= 0.5),(middle-middle-square-o <= 0.5) & (bottom-left-square-o <= 0.5) & (top-right-square-o <= 0.5),(middle-middle-square-o <= 0.5) & (top-left-square-o > 0.5) & (bottom-left-square-o <= 0.5) & (top-right-square-o <= 0.5),,
435,10,3,7,3,4,,,(bottom-right-square-o <= 0.5) & (top-right-square-o <= 0.5) & (middle-left-square-b <= 0.5) & (bottom-middle-square-x > 0.5) & (bottom-left-square-x > 0.5) & (bottom-right-square-b > 0.5) & (top-middle-square-o <= 0.5) & (top-left-square-o > 0.5) & (top-right-square-b <= 0.5) & (top-middle-square-x <= 0.5),(middle-middle-square-o <= 0.5) & (top-right-square-o <= 0.5) & (bottom-left-square-o <= 0.5),(middle-middle-square-o <= 0.5) & (top-left-square-o > 0.5) & (top-right-square-o <= 0.5) & (middle-left-square-o > 0.5) & (top-middle-square-o <= 0.5) & (middle-right-square-o > 0.5) & (bottom-right-square-x <= 0.5),(middle-middle-square-o <= 0.5) & (bottom-left-square-o <= 0.5) & (top-right-square-o <= 0.5),(middle-middle-square-o <= 0.5) & (top-left-square-o > 0.5) & (bottom-left-square-o <= 0.5) & (top-right-square-o <= 0.5),,
436,9,3,12,3,4,,,(bottom-right-square-o <= 0.5) & (top-right-square-o <= 0.5) & (middle-left-square-b <= 0.5) & (bottom-middle-square-x <= 0.5) & (top-middle-square-b > 0.5) & (bottom-middle-square-o <= 0.5) & (middle-left-square-x <= 0.5) & (middle-right-square-o > 0.5) & (top-left-square-o > 0.5),(middle-middle-square-o <= 0.5) & (top-right-square-o <= 0.5) & (bottom-left-square-o <= 0.5),(middle-middle-square-o <= 0.5) & (top-left-square-o > 0.5) & (top-right-square-o <= 0.5) & (middle-left-square-o > 0.5) & (top-middle-square-o <= 0.5) & (middle-right-square-o > 0.5) & (bottom-right-square-x > 0.5) & (top-right-square-b <= 0.5) & (bottom-middle-square-o <= 0.5) & (top-middle-square-x <= 0.5) & (middle-middle-square-x > 0.5) & (bottom-middle-square-b > 0.5),(middle-middle-square-o <= 0.5) & (bottom-left-square-o <= 0.5) & (top-right-square-o <= 0.5),(middle-middle-square-o <= 0.5) & (top-left-square-o > 0.5) & (bottom-left-square-o <= 0.5) & (top-right-square-o <= 0.5),,
437,9,3,9,3,4,,,(bottom-right-square-o > 0.5) & (top-right-square-o <= 0.5) & (middle-right-square-x <= 0.5) & (top-left-square-o > 0.5) & (middle-left-square-x <= 0.5) & (middle-left-square-b <= 0.5) & (top-right-square-x > 0.5) & (bottom-middle-square-x > 0.5) & (top-middle-square-b > 0.5),(middle-middle-square-o <= 0.5) & (top-right-square-o <= 0.5) & (bottom-left-square-o <= 0.5),(middle-middle-square-o <= 0.5) & (top-left-square-o > 0.5) & (top-right-square-o <= 0.5) & (middle-left-square-o > 0.5) & (top-middle-square-o <= 0.5) & (middle-right-square-o <= 0.5) & (bottom-middle-square-o <= 0.5) & (bottom-right-square-o > 0.5) & (middle-right-square-x <= 0.5),(middle-middle-square-o <= 0.5) & (bottom-left-square-o <= 0.5) & (top-right-square-o <= 0.5),(middle-middle-square-o <= 0.5) & (top-left-square-o > 0.5) & (bottom-left-square-o <= 0.5) & (top-right-square-o <= 0.5),,
438,7,3,8,3,4,,,(bottom-right-square-o <= 0.5) & (top-right-square-o <= 0.5) & (middle-left-square-b <= 0.5) & (bottom-middle-square-x <= 0.5) & (top-middle-square-b > 0.5) & (bottom-middle-square-o > 0.5) & (middle-right-square-o <= 0.5),(middle-middle-square-o <= 0.5) & (top-right-square-o <= 0.5) & (bottom-left-square-o <= 0.5),(middle-middle-square-o <= 0.5) & (top-left-square-o > 0.5) & (top-right-square-o <= 0.5) & (middle-left-square-o > 0.5) & (top-middle-square-o <= 0.5) & (middle-right-square-o <= 0.5) & (bottom-middle-square-o > 0.5) & (top-middle-square-x <= 0.5),(middle-middle-square-o <= 0.5) & (bottom-left-square-o <= 0.5) & (top-right-square-o <= 0.5),(middle-middle-square-o <= 0.5) & (top-left-square-o > 0.5) & (bottom-left-square-o <= 0.5) & (top-right-square-o <= 0.5),,
439,9,3,13,3,4,,,(bottom-right-square-o <= 0.5) & (top-right-square-o <= 0.5) & (middle-left-square-b <= 0.5) & (bottom-middle-square-x <= 0.5) & (top-middle-square-b > 0.5) & (bottom-middle-square-o <= 0.5) & (middle-left-square-x <= 0.5) & (middle-right-square-o <= 0.5) & (bottom-left-square-o <= 0.5),(middle-middle-square-o <= 0.5) & (top-right-square-o <= 0.5) & (bottom-left-square-o <= 0.5),(middle-middle-square-o <= 0.5) & (top-left-square-o > 0.5) & (top-right-square-o <= 0.5) & (middle-left-square-o > 0.5) & (top-middle-square-o <= 0.5) & (middle-right-square-o <= 0.5) & (bottom-middle-square-o <= 0.5) & (bottom-right-square-o <= 0.5) & (middle-right-square-b > 0.5) & (top-right-square-x > 0.5) & (bottom-middle-square-x <= 0.5) & (top-middle-square-b > 0.5) & (bottom-right-square-x <= 0.5),(middle-middle-square-o <= 0.5) & (bottom-left-square-o <= 0.5) & (top-right-square-o <= 0.5),(middle-middle-square-o <= 0.5) & (top-left-square-o > 0.5) & (bottom-left-square-o <= 0.5) & (top-right-square-o <= 0.5),,
440,9,8,4,4,9,4,,(bottom-right-square-o <= 0.5) & (top-right-square-o <= 0.5) & (middle-left-square-b <= 0.5) & (bottom-middle-square-x <= 0.5) & (top-middle-square-b > 0.5) & (bottom-middle-square-o <= 0.5) & (middle-left-square-x <= 0.5) & (middle-right-square-o <= 0.5) & (bottom-left-square-o <= 0.5),(middle-middle-square-o > 0.5) & (bottom-left-square-x > 0.5) & (top-left-square-x <= 0.5) & (bottom-middle-square-x <= 0.5) & (middle-left-square-x <= 0.5) & (middle-right-square-x > 0.5) & (middle-left-square-b <= 0.5) & (top-middle-square-x <= 0.5),(middle-middle-square-o > 0.5) & (bottom-right-square-x > 0.5) & (top-right-square-x > 0.5) & (middle-right-square-x > 0.5),(middle-middle-square-o > 0.5) & (bottom-right-square-x > 0.5) & (top-right-square-x > 0.5) & (middle-right-square-x > 0.5),(middle-middle-square-o > 0.5) & (top-right-square-x > 0.5) & (top-left-square-x <= 0.5) & (bottom-right-square-x > 0.5) & (top-middle-square-x <= 0.5) & (bottom-middle-square-o <= 0.5) & (middle-left-square-o > 0.5) & (top-middle-square-b > 0.5) & (top-left-square-b <= 0.5),(middle-middle-square-o > 0.5) & (bottom-right-square-x > 0.5) & (top-right-square-x > 0.5) & (middle-right-square-x > 0.5),
441,8,9,4,4,9,4,,(bottom-right-square-o <= 0.5) & (top-right-square-o <= 0.5) & (middle-left-square-b <= 0.5) & (bottom-middle-square-x > 0.5) & (bottom-left-square-x <= 0.5) & (top-left-square-o > 0.5) & (bottom-left-square-o <= 0.5) & (middle-right-square-o <= 0.5),(middle-middle-square-o > 0.5) & (bottom-left-square-x <= 0.5) & (top-right-square-x > 0.5) & (bottom-middle-square-x > 0.5) & (top-left-square-o > 0.5) & (top-middle-square-x <= 0.5) & (middle-left-square-x <= 0.5) & (top-middle-square-b > 0.5) & (middle-left-square-b <= 0.5),(middle-middle-square-o > 0.5) & (bottom-right-square-x > 0.5) & (top-right-square-x > 0.5) & (middle-right-square-x > 0.5),(middle-middle-square-o > 0.5) & (bottom-right-square-x > 0.5) & (top-right-square-x > 0.5) & (middle-right-square-x > 0.5),(middle-middle-square-o > 0.5) & (top-right-square-x > 0.5) & (top-left-square-x <= 0.5) & (bottom-right-square-x > 0.5) & (top-middle-square-x <= 0.5) & (bottom-middle-square-o <= 0.5) & (middle-left-square-o > 0.5) & (top-middle-square-b > 0.5) & (top-left-square-b <= 0.5),(middle-middle-square-o > 0.5) & (bottom-right-square-x > 0.5) & (top-right-square-x > 0.5) & (middle-right-square-x > 0.5),
442,6,10,11,9,10,,,(bottom-right-square-o <= 0.5) & (top-right-square-o <= 0.5) & (middle-left-square-b <= 0.5) & (bottom-middle-square-x > 0.5) & (bottom-left-square-x > 0.5) & (bottom-right-square-b <= 0.5),(middle-middle-square-o > 0.5) & (bottom-left-square-x > 0.5) & (top-left-square-x <= 0.5) & (bottom-middle-square-x > 0.5) & (top-middle-square-x <= 0.5) & (top-left-square-b <= 0.5) & (middle-right-square-x <= 0.5) & (middle-left-square-x <= 0.5) & (top-middle-square-b > 0.5) & (middle-left-square-o > 0.5),(middle-middle-square-o > 0.5) & (bottom-right-square-x > 0.5) & (top-right-square-x > 0.5) & (middle-right-square-x <= 0.5) & (middle-left-square-b <= 0.5) & (middle-right-square-b > 0.5) & (middle-left-square-x <= 0.5) & (top-left-square-b <= 0.5) & (top-middle-square-o <= 0.5) & (top-left-square-o > 0.5) & (top-middle-square-x <= 0.5),(middle-middle-square-o > 0.5) & (top-right-square-x > 0.5) & (top-left-square-x <= 0.5) & (bottom-right-square-x > 0.5) & (top-middle-square-x <= 0.5) & (bottom-middle-square-o <= 0.5) & (middle-left-square-o > 0.5) & (top-middle-square-b > 0.5) & (top-left-square-b <= 0.5),(middle-middle-square-o > 0.5) & (bottom-right-square-x > 0.5) & (top-right-square-x > 0.5) & (middle-right-square-x <= 0.5) & (middle-left-square-b <= 0.5) & (middle-right-square-b > 0.5) & (middle-left-square-x <= 0.5) & (bottom-middle-square-b <= 0.5) & (bottom-left-square-o <= 0.5) & (bottom-middle-square-x > 0.5),,
443,7,3,8,3,4,,,(bottom-right-square-o <= 0.5) & (top-right-square-o <= 0.5) & (middle-left-square-b <= 0.5) & (bottom-middle-square-x <= 0.5) & (top-middle-square-b > 0.5) & (bottom-middle-square-o > 0.5) & (middle-right-square-o <= 0.5),(middle-middle-square-o <= 0.5) & (top-right-square-o <= 0.5) & (bottom-left-square-o <= 0.5),(middle-middle-square-o <= 0.5) & (top-left-square-o > 0.5) & (top-right-square-o <= 0.5) & (middle-left-square-o > 0.5) & (top-middle-square-o <= 0.5) & (middle-right-square-o <= 0.5) & (bottom-middle-square-o > 0.5) & (top-middle-square-x <= 0.5),(middle-middle-square-o <= 0.5) & (bottom-left-square-o <= 0.5) & (top-right-square-o <= 0.5),(middle-middle-square-o <= 0.5) & (top-left-square-o > 0.5) & (bottom-left-square-o <= 0.5) & (top-right-square-o <= 0.5),,
444,9,3,11,3,4,,,(bottom-right-square-o <= 0.5) & (top-right-square-o <= 0.5) & (middle-left-square-b <= 0.5) & (bottom-middle-square-x <= 0.5) & (top-middle-square-b > 0.5) & (bottom-middle-square-o <= 0.5) & (middle-left-square-x <= 0.5) & (middle-right-square-o <= 0.5) & (bottom-left-square-o <= 0.5),(middle-middle-square-o <= 0.5) & (top-right-square-o <= 0.5) & (bottom-left-square-o <= 0.5),(middle-middle-square-o <= 0.5) & (top-left-square-o > 0.5) & (top-right-square-o <= 0.5) & (middle-left-square-o > 0.5) & (top-middle-square-o <= 0.5) & (middle-right-square-o <= 0.5) & (bottom-middle-square-o <= 0.5) & (bottom-right-square-o <= 0.5) & (middle-right-square-b <= 0.5) & (bottom-right-square-x > 0.5) & (top-right-square-b <= 0.5),(middle-middle-square-o <= 0.5) & (bottom-left-square-o <= 0.5) & (top-right-square-o <= 0.5),(middle-middle-square-o <= 0.5) & (top-left-square-o > 0.5) & (bottom-left-square-o <= 0.5) & (top-right-square-o <= 0.5),,
445,6,3,11,3,4,,,(bottom-right-square-o <= 0.5) & (top-right-square-o <= 0.5) & (middle-left-square-b <= 0.5) & (bottom-middle-square-x > 0.5) & (bottom-left-square-x > 0.5) & (bottom-right-square-b <= 0.5),(middle-middle-square-o <= 0.5) & (top-right-square-o <= 0.5) & (bottom-left-square-o <= 0.5),(middle-middle-square-o <= 0.5) & (top-left-square-o > 0.5) & (top-right-square-o <= 0.5) & (middle-left-square-o > 0.5) & (top-middle-square-o <= 0.5) & (middle-right-square-o > 0.5) & (bottom-right-square-x > 0.5) & (top-right-square-b <= 0.5) & (bottom-middle-square-o <= 0.5) & (top-middle-square-x <= 0.5) & (middle-middle-square-x <= 0.5),(middle-middle-square-o <= 0.5) & (bottom-left-square-o <= 0.5) & (top-right-square-o <= 0.5),(middle-middle-square-o <= 0.5) & (top-left-square-o > 0.5) & (bottom-left-square-o <= 0.5) & (top-right-square-o <= 0.5),,
446,11,3,6,3,4,,,(bottom-right-square-o > 0.5) & (top-right-square-o <= 0.5) & (middle-right-square-x > 0.5) & (top-middle-square-o <= 0.5) & (middle-left-square-b > 0.5) & (top-left-square-x <= 0.5) & (top-left-square-b <= 0.5) & (bottom-left-square-b <= 0.5) & (bottom-middle-square-b <= 0.5) & (top-middle-square-b > 0.5) & (bottom-middle-square-o > 0.5),(middle-middle-square-o <= 0.5) & (top-right-square-o <= 0.5) & (bottom-left-square-o <= 0.5),(middle-middle-square-o <= 0.5) & (top-left-square-o > 0.5) & (top-right-square-o <= 0.5) & (middle-left-square-o <= 0.5) & (top-middle-square-x <= 0.5) & (bottom-middle-square-x <= 0.5),(middle-middle-square-o <= 0.5) & (bottom-left-square-o <= 0.5) & (top-right-square-o <= 0.5),(middle-middle-square-o <= 0.5) & (top-left-square-o > 0.5) & (bottom-left-square-o <= 0.5) & (top-right-square-o <= 0.5),,
447,5,7,6,6,12,,,(bottom-right-square-o <= 0.5) & (top-right-square-o <= 0.5) & (middle-left-square-b > 0.5) & (bottom-middle-square-o > 0.5) & (top-middle-square-o <= 0.5),(middle-middle-square-o <= 0.5) & (top-right-square-o <= 0.5) & (bottom-left-square-o > 0.5) & (top-left-square-o > 0.5) & (middle-left-square-o <= 0.5) & (bottom-middle-square-o > 0.5) & (top-middle-square-x <= 0.5),(middle-middle-square-o <= 0.5) & (top-left-square-o > 0.5) & (top-right-square-o <= 0.5) & (middle-left-square-o <= 0.5) & (top-middle-square-x <= 0.5) & (bottom-middle-square-x <= 0.5),(middle-middle-square-o <= 0.5) & (bottom-left-square-o > 0.5) & (top-left-square-o > 0.5) & (middle-left-square-o <= 0.5) & (top-right-square-b <= 0.5) & (top-middle-square-b > 0.5),(middle-middle-square-o <= 0.5) & (top-left-square-o > 0.5) & (bottom-left-square-o > 0.5) & (middle-left-square-o <= 0.5) & (top-right-square-b <= 0.5) & (bottom-right-square-b <= 0.5) & (bottom-middle-square-b <= 0.5) & (middle-left-square-b > 0.5) & (middle-middle-square-b <= 0.5) & (middle-right-square-x > 0.5) & (bottom-right-square-x > 0.5) & (bottom-middle-square-o > 0.5),,
448,10,3,7,3,4,,,(bottom-right-square-o > 0.5) & (top-right-square-o <= 0.5) & (middle-right-square-x <= 0.5) & (top-left-square-o > 0.5) & (middle-left-square-x <= 0.5) & (middle-left-square-b > 0.5) & (middle-right-square-o > 0.5) & (top-right-square-x > 0.5) & (bottom-middle-square-x > 0.5) & (top-middle-square-x <= 0.5),(middle-middle-square-o <= 0.5) & (top-right-square-o <= 0.5) & (bottom-left-square-o <= 0.5),(middle-middle-square-o <= 0.5) & (top-left-square-o > 0.5) & (top-right-square-o <= 0.5) & (middle-left-square-o <= 0.5) & (top-middle-square-x <= 0.5) & (bottom-middle-square-x > 0.5) & (middle-left-square-x <= 0.5),(middle-middle-square-o <= 0.5) & (bottom-left-square-o <= 0.5) & (top-right-square-o <= 0.5),(middle-middle-square-o <= 0.5) & (top-left-square-o > 0.5) & (bottom-left-square-o <= 0.5) & (top-right-square-o <= 0.5),,
449,5,3,6,3,4,,,(bottom-right-square-o <= 0.5) & (top-right-square-o <= 0.5) & (middle-left-square-b > 0.5) & (bottom-middle-square-o > 0.5) & (top-middle-square-o <= 0.5),(middle-middle-square-o <= 0.5) & (top-right-square-o <= 0.5) & (bottom-left-square-o <= 0.5),(middle-middle-square-o <= 0.5) & (top-left-square-o > 0.5) & (top-right-square-o <= 0.5) & (middle-left-square-o <= 0.5) & (top-middle-square-x <= 0.5) & (bottom-middle-square-x <= 0.5),(middle-middle-square-o <= 0.5) & (bottom-left-square-o <= 0.5) & (top-right-square-o <= 0.5),(middle-middle-square-o <= 0.5) & (top-left-square-o > 0.5) & (bottom-left-square-o <= 0.5) & (top-right-square-o <= 0.5),,
450,4,3,6,3,4,,,(bottom-right-square-o <= 0.5) & (top-right-square-o <= 0.5) & (middle-left-square-b > 0.5) & (bottom-middle-square-o <= 0.5),(middle-middle-square-o <= 0.5) & (top-right-square-o <= 0.5) & (bottom-left-square-o <= 0.5),(middle-middle-square-o <= 0.5) & (top-left-square-o > 0.5) & (top-right-square-o <= 0.5) & (middle-left-square-o <= 0.5) & (top-middle-square-x <= 0.5) & (bottom-middle-square-x <= 0.5),(middle-middle-square-o <= 0.5) & (bottom-left-square-o <= 0.5) & (top-right-square-o <= 0.5),(middle-middle-square-o <= 0.5) & (top-left-square-o > 0.5) & (bottom-left-square-o <= 0.5) & (top-right-square-o <= 0.5),,
451,5,3,6,3,4,,,(bottom-right-square-o <= 0.5) & (top-right-square-o <= 0.5) & (middle-left-square-b > 0.5) & (bottom-middle-square-o > 0.5) & (top-middle-square-o <= 0.5),(middle-middle-square-o <= 0.5) & (top-right-square-o <= 0.5) & (bottom-left-square-o <= 0.5),(middle-middle-square-o <= 0.5) & (top-left-square-o > 0.5) & (top-right-square-o <= 0.5) & (middle-left-square-o <= 0.5) & (top-middle-square-x <= 0.5) & (bottom-middle-square-x <= 0.5),(middle-middle-square-o <= 0.5) & (bottom-left-square-o <= 0.5) & (top-right-square-o <= 0.5),(middle-middle-square-o <= 0.5) & (top-left-square-o > 0.5) & (bottom-left-square-o <= 0.5) & (top-right-square-o <= 0.5),,
452,13,3,6,3,4,,,(bottom-right-square-o > 0.5) & (top-right-square-o <= 0.5) & (middle-right-square-x <= 0.5) & (top-left-square-o > 0.5) & (middle-left-square-x <= 0.5) & (middle-left-square-b > 0.5) & (middle-right-square-o <= 0.5) & (bottom-middle-square-o <= 0.5) & (top-middle-square-o <= 0.5) & (bottom-left-square-o <= 0.5) & (top-right-square-b <= 0.5) & (top-middle-square-b > 0.5) & (bottom-middle-square-b > 0.5),(middle-middle-square-o <= 0.5) & (top-right-square-o <= 0.5) & (bottom-left-square-o <= 0.5),(middle-middle-square-o <= 0.5) & (top-left-square-o > 0.5) & (top-right-square-o <= 0.5) & (middle-left-square-o <= 0.5) & (top-middle-square-x <= 0.5) & (bottom-middle-square-x <= 0.5),(middle-middle-square-o <= 0.5) & (bottom-left-square-o <= 0.5) & (top-right-square-o <= 0.5),(middle-middle-square-o <= 0.5) & (top-left-square-o > 0.5) & (bottom-left-square-o <= 0.5) & (top-right-square-o <= 0.5),,
453,5,11,4,4,7,4,,(bottom-right-square-o <= 0.5) & (top-right-square-o <= 0.5) & (middle-left-square-b > 0.5) & (bottom-middle-square-o > 0.5) & (top-middle-square-o <= 0.5),(middle-middle-square-o > 0.5) & (bottom-left-square-x > 0.5) & (top-left-square-x <= 0.5) & (bottom-middle-square-x <= 0.5) & (middle-left-square-x <= 0.5) & (middle-right-square-x > 0.5) & (middle-left-square-b > 0.5) & (top-middle-square-x <= 0.5) & (top-left-square-o > 0.5) & (top-middle-square-b > 0.5) & (bottom-middle-square-b <= 0.5),(middle-middle-square-o > 0.5) & (bottom-right-square-x > 0.5) & (top-right-square-x > 0.5) & (middle-right-square-x > 0.5),(middle-middle-square-o > 0.5) & (bottom-right-square-x > 0.5) & (top-right-square-x > 0.5) & (middle-right-square-x > 0.5),(middle-middle-square-o > 0.5) & (top-right-square-x > 0.5) & (top-left-square-x <= 0.5) & (bottom-right-square-x > 0.5) & (top-middle-square-x <= 0.5) & (bottom-middle-square-o > 0.5) & (top-middle-square-o <= 0.5),(middle-middle-square-o > 0.5) & (bottom-right-square-x > 0.5) & (top-right-square-x > 0.5) & (middle-right-square-x > 0.5),
454,4,10,4,4,7,4,,(bottom-right-square-o <= 0.5) & (top-right-square-o <= 0.5) & (middle-left-square-b > 0.5) & (bottom-middle-square-o <= 0.5),(middle-middle-square-o > 0.5) & (bottom-left-square-x <= 0.5) & (top-right-square-x > 0.5) & (bottom-middle-square-x > 0.5) & (top-left-square-o > 0.5) & (top-middle-square-x <= 0.5) & (middle-left-square-x <= 0.5) & (top-middle-square-b > 0.5) & (middle-left-square-b > 0.5) & (bottom-left-square-b <= 0.5),(middle-middle-square-o > 0.5) & (bottom-right-square-x > 0.5) & (top-right-square-x > 0.5) & (middle-right-square-x > 0.5),(middle-middle-square-o > 0.5) & (bottom-right-square-x > 0.5) & (top-right-square-x > 0.5) & (middle-right-square-x > 0.5),(middle-middle-square-o > 0.5) & (top-right-square-x > 0.5) & (top-left-square-x <= 0.5) & (bottom-right-square-x > 0.5) & (top-middle-square-x <= 0.5) & (bottom-middle-square-o <= 0.5) & (middle-left-square-o <= 0.5),(middle-middle-square-o > 0.5) & (bottom-right-square-x > 0.5) & (top-right-square-x > 0.5) & (middle-right-square-x > 0.5),
455,4,11,4,4,7,4,,(bottom-right-square-o <= 0.5) & (top-right-square-o <= 0.5) & (middle-left-square-b > 0.5) & (bottom-middle-square-o <= 0.5),(middle-middle-square-o > 0.5) & (bottom-left-square-x <= 0.5) & (top-right-square-x > 0.5) & (bottom-middle-square-x <= 0.5) & (top-middle-square-o <= 0.5) & (top-left-square-o > 0.5) & (middle-left-square-x <= 0.5) & (bottom-middle-square-b > 0.5) & (middle-left-square-b > 0.5) & (bottom-left-square-b > 0.5) & (top-middle-square-b > 0.5),(middle-middle-square-o > 0.5) & (bottom-right-square-x > 0.5) & (top-right-square-x > 0.5) & (middle-right-square-x > 0.5),(middle-middle-square-o > 0.5) & (bottom-right-square-x > 0.5) & (top-right-square-x > 0.5) & (middle-right-square-x > 0.5),(middle-middle-square-o > 0.5) & (top-right-square-x > 0.5) & (top-left-square-x <= 0.5) & (bottom-right-square-x > 0.5) & (top-middle-square-x <= 0.5) & (bottom-middle-square-o <= 0.5) & (middle-left-square-o <= 0.5),(middle-middle-square-o > 0.5) & (bottom-right-square-x > 0.5) & (top-right-square-x > 0.5) & (middle-right-square-x > 0.5),
456,4,12,6,7,6,,,(bottom-right-square-o <= 0.5) & (top-right-square-o <= 0.5) & (middle-left-square-b > 0.5) & (bottom-middle-square-o <= 0.5),(middle-middle-square-o > 0.5) & (bottom-left-square-x > 0.5) & (top-left-square-x <= 0.5) & (bottom-middle-square-x > 0.5) & (top-middle-square-x <= 0.5) & (top-left-square-b <= 0.5) & (middle-right-square-x <= 0.5) & (middle-left-square-x <= 0.5) & (top-middle-square-b > 0.5) & (middle-left-square-o <= 0.5) & (top-right-square-x > 0.5) & (middle-right-square-b <= 0.5),(middle-middle-square-o > 0.5) & (bottom-right-square-x > 0.5) & (top-right-square-x > 0.5) & (middle-right-square-x <= 0.5) & (middle-left-square-b > 0.5) & (top-middle-square-o <= 0.5),(middle-middle-square-o > 0.5) & (top-right-square-x > 0.5) & (top-left-square-x <= 0.5) & (bottom-right-square-x > 0.5) & (top-middle-square-x <= 0.5) & (bottom-middle-square-o <= 0.5) & (middle-left-square-o <= 0.5),(middle-middle-square-o > 0.5) & (bottom-right-square-x > 0.5) & (top-right-square-x > 0.5) & (middle-right-square-x <= 0.5) & (middle-left-square-b > 0.5) & (bottom-middle-square-o <= 0.5),,
457,4,7,6,6,7,,,(bottom-right-square-o <= 0.5) & (top-right-square-o <= 0.5) & (middle-left-square-b > 0.5) & (bottom-middle-square-o <= 0.5),(middle-middle-square-o <= 0.5) & (top-right-square-o <= 0.5) & (bottom-left-square-o > 0.5) & (top-left-square-o > 0.5) & (middle-left-square-o <= 0.5) & (bottom-middle-square-o <= 0.5) & (middle-right-square-o <= 0.5),(middle-middle-square-o <= 0.5) & (top-left-square-o > 0.5) & (top-right-square-o <= 0.5) & (middle-left-square-o <= 0.5) & (top-middle-square-x <= 0.5) & (bottom-middle-square-x <= 0.5),(middle-middle-square-o <= 0.5) & (bottom-left-square-o > 0.5) & (top-left-square-o > 0.5) & (middle-left-square-o <= 0.5) & (top-right-square-b <= 0.5) & (top-middle-square-b > 0.5),(middle-middle-square-o <= 0.5) & (top-left-square-o > 0.5) & (bottom-left-square-o > 0.5) & (middle-left-square-o <= 0.5) & (top-right-square-b <= 0.5) & (bottom-right-square-b <= 0.5) & (bottom-middle-square-b > 0.5),,
458,5,3,6,3,4,,,(bottom-right-square-o <= 0.5) & (top-right-square-o <= 0.5) & (middle-left-square-b > 0.5) & (bottom-middle-square-o > 0.5) & (top-middle-square-o <= 0.5),(middle-middle-square-o <= 0.5) & (top-right-square-o <= 0.5) & (bottom-left-square-o <= 0.5),(middle-middle-square-o <= 0.5) & (top-left-square-o > 0.5) & (top-right-square-o <= 0.5) & (middle-left-square-o <= 0.5) & (top-middle-square-x <= 0.5) & (bottom-middle-square-x <= 0.5),(middle-middle-square-o <= 0.5) & (bottom-left-square-o <= 0.5) & (top-right-square-o <= 0.5),(middle-middle-square-o <= 0.5) & (top-left-square-o > 0.5) & (bottom-left-square-o <= 0.5) & (top-right-square-o <= 0.5),,
459,6,8,5,9,10,,,(bottom-right-square-o <= 0.5) & (top-right-square-o > 0.5) & (middle-right-square-x > 0.5) & (bottom-middle-square-o > 0.5) & (bottom-right-square-x <= 0.5) & (bottom-left-square-o <= 0.5),(middle-middle-square-o <= 0.5) & (top-right-square-o > 0.5) & (top-left-square-o > 0.5) & (top-middle-square-o <= 0.5) & (bottom-left-square-b <= 0.5) & (middle-right-square-b <= 0.5) & (middle-left-square-o <= 0.5) & (middle-right-square-x > 0.5),(middle-middle-square-o <= 0.5) & (top-left-square-o > 0.5) & (top-right-square-o > 0.5) & (top-middle-square-o <= 0.5) & (bottom-right-square-b > 0.5),(middle-middle-square-o <= 0.5) & (bottom-left-square-o <= 0.5) & (top-right-square-o > 0.5) & (bottom-right-square-o <= 0.5) & (top-left-square-o > 0.5) & (top-middle-square-o <= 0.5) & (bottom-middle-square-o > 0.5) & (bottom-left-square-x > 0.5) & (top-middle-square-b > 0.5),(middle-middle-square-o <= 0.5) & (top-left-square-o > 0.5) & (bottom-left-square-o <= 0.5) & (top-right-square-o > 0.5) & (bottom-middle-square-b <= 0.5) & (middle-left-square-o <= 0.5) & (middle-middle-square-b <= 0.5) & (bottom-left-square-b <= 0.5) & (middle-left-square-b <= 0.5) & (middle-right-square-x > 0.5),,
460,12,8,8,12,7,,,(bottom-right-square-o > 0.5) & (top-right-square-o > 0.5) & (middle-right-square-o <= 0.5) & (bottom-left-square-b <= 0.5) & (top-left-square-o > 0.5) & (top-middle-square-o <= 0.5) & (middle-left-square-o <= 0.5) & (bottom-left-square-o <= 0.5) & (bottom-middle-square-o <= 0.5) & (middle-right-square-x > 0.5) & (bottom-middle-square-x <= 0.5) & (top-middle-square-x <= 0.5),(middle-middle-square-o <= 0.5) & (top-right-square-o > 0.5) & (top-left-square-o > 0.5) & (top-middle-square-o <= 0.5) & (bottom-left-square-b <= 0.5) & (middle-right-square-b <= 0.5) & (middle-left-square-o <= 0.5) & (middle-right-square-x > 0.5),(middle-middle-square-o <= 0.5) & (top-left-square-o > 0.5) & (top-right-square-o > 0.5) & (top-middle-square-o <= 0.5) & (bottom-right-square-b <= 0.5) & (middle-right-square-b <= 0.5) & (middle-left-square-o <= 0.5) & (middle-right-square-x > 0.5),(middle-middle-square-o <= 0.5) & (bottom-left-square-o <= 0.5) & (top-right-square-o > 0.5) & (bottom-right-square-o > 0.5) & (middle-left-square-b <= 0.5) & (bottom-middle-square-o <= 0.5) & (middle-middle-square-b <= 0.5) & (bottom-left-square-b <= 0.5) & (bottom-middle-square-x <= 0.5) & (top-middle-square-o <= 0.5) & (top-left-square-o > 0.5) & (top-middle-square-x <= 0.5),(middle-middle-square-o <= 0.5) & (top-left-square-o > 0.5) & (bottom-left-square-o <= 0.5) & (top-right-square-o > 0.5) & (bottom-middle-square-b > 0.5) & (bottom-right-square-o > 0.5) & (middle-right-square-o <= 0.5),,
461,11,8,5,6,6,,,(bottom-right-square-o <= 0.5) & (top-right-square-o > 0.5) & (middle-right-square-x > 0.5) & (bottom-middle-square-o <= 0.5) & (middle-left-square-b <= 0.5) & (top-left-square-o > 0.5) & (top-middle-square-o <= 0.5) & (bottom-left-square-o > 0.5) & (middle-left-square-o <= 0.5) & (bottom-right-square-x <= 0.5) & (top-middle-square-b > 0.5),(middle-middle-square-o <= 0.5) & (top-right-square-o > 0.5) & (top-left-square-o > 0.5) & (top-middle-square-o <= 0.5) & (bottom-left-square-b <= 0.5) & (middle-right-square-b <= 0.5) & (middle-left-square-o <= 0.5) & (middle-right-square-x > 0.5),(middle-middle-square-o <= 0.5) & (top-left-square-o > 0.5) & (top-right-square-o > 0.5) & (top-middle-square-o <= 0.5) & (bottom-right-square-b > 0.5),(middle-middle-square-o <= 0.5) & (bottom-left-square-o > 0.5) & (top-left-square-o > 0.5) & (middle-left-square-o <= 0.5) & (top-right-square-b <= 0.5) & (top-middle-square-b > 0.5),(middle-middle-square-o <= 0.5) & (top-left-square-o > 0.5) & (bottom-left-square-o > 0.5) & (middle-left-square-o <= 0.5) & (top-right-square-b <= 0.5) & (bottom-right-square-b > 0.5),,
462,12,8,8,6,7,,,(bottom-right-square-o <= 0.5) & (top-right-square-o > 0.5) & (middle-right-square-x > 0.5) & (bottom-middle-square-o <= 0.5) & (middle-left-square-b <= 0.5) & (top-left-square-o > 0.5) & (top-middle-square-o <= 0.5) & (bottom-left-square-o > 0.5) & (middle-left-square-o <= 0.5) & (bottom-right-square-x > 0.5) & (bottom-middle-square-x <= 0.5) & (top-middle-square-b > 0.5),(middle-middle-square-o <= 0.5) & (top-right-square-o > 0.5) & (top-left-square-o > 0.5) & (top-middle-square-o <= 0.5) & (bottom-left-square-b <= 0.5) & (middle-right-square-b <= 0.5) & (middle-left-square-o <= 0.5) & (middle-right-square-x > 0.5),(middle-middle-square-o <= 0.5) & (top-left-square-o > 0.5) & (top-right-square-o > 0.5) & (top-middle-square-o <= 0.5) & (bottom-right-square-b <= 0.5) & (middle-right-square-b <= 0.5) & (middle-left-square-o <= 0.5) & (middle-right-square-x > 0.5),(middle-middle-square-o <= 0.5) & (bottom-left-square-o > 0.5) & (top-left-square-o > 0.5) & (middle-left-square-o <= 0.5) & (top-right-square-b <= 0.5) & (top-middle-square-b > 0.5),(middle-middle-square-o <= 0.5) & (top-left-square-o > 0.5) & (bottom-left-square-o > 0.5) & (middle-left-square-o <= 0.5) & (top-right-square-b <= 0.5) & (bottom-right-square-b <= 0.5) & (bottom-middle-square-b > 0.5),,
463,8,5,8,9,9,,,(bottom-right-square-o > 0.5) & (top-right-square-o > 0.5) & (middle-right-square-o <= 0.5) & (bottom-left-square-b > 0.5) & (top-left-square-o > 0.5) & (bottom-middle-square-b <= 0.5) & (middle-left-square-b <= 0.5) & (top-middle-square-x <= 0.5),(middle-middle-square-o <= 0.5) & (top-right-square-o > 0.5) & (top-left-square-o > 0.5) & (top-middle-square-o <= 0.5) & (bottom-left-square-b > 0.5),(middle-middle-square-o <= 0.5) & (top-left-square-o > 0.5) & (top-right-square-o > 0.5) & (top-middle-square-o <= 0.5) & (bottom-right-square-b <= 0.5) & (middle-right-square-b <= 0.5) & (middle-left-square-o <= 0.5) & (middle-right-square-x > 0.5),(middle-middle-square-o <= 0.5) & (bottom-left-square-o <= 0.5) & (top-right-square-o > 0.5) & (bottom-right-square-o > 0.5) & (middle-left-square-b <= 0.5) & (bottom-middle-square-o <= 0.5) & (middle-middle-square-b <= 0.5) & (bottom-left-square-b > 0.5) & (top-left-square-o > 0.5),(middle-middle-square-o <= 0.5) & (top-left-square-o > 0.5) & (bottom-left-square-o <= 0.5) & (top-right-square-o > 0.5) & (bottom-middle-square-b <= 0.5) & (middle-left-square-o <= 0.5) & (middle-middle-square-b <= 0.5) & (bottom-left-square-b > 0.5) & (bottom-right-square-o > 0.5),,
464,7,5,8,8,10,,,(bottom-right-square-o <= 0.5) & (top-right-square-o > 0.5) & (middle-right-square-x > 0.5) & (bottom-middle-square-o > 0.5) & (bottom-right-square-x > 0.5) & (bottom-left-square-x <= 0.5) & (top-left-square-o > 0.5),(middle-middle-square-o <= 0.5) & (top-right-square-o > 0.5) & (top-left-square-o > 0.5) & (top-middle-square-o <= 0.5) & (bottom-left-square-b > 0.5),(middle-middle-square-o <= 0.5) & (top-left-square-o > 0.5) & (top-right-square-o > 0.5) & (top-middle-square-o <= 0.5) & (bottom-right-square-b <= 0.5) & (middle-right-square-b <= 0.5) & (middle-left-square-o <= 0.5) & (middle-right-square-x > 0.5),(middle-middle-square-o <= 0.5) & (bottom-left-square-o <= 0.5) & (top-right-square-o > 0.5) & (bottom-right-square-o <= 0.5) & (top-left-square-o > 0.5) & (top-middle-square-o <= 0.5) & (bottom-middle-square-o > 0.5) & (bottom-left-square-x <= 0.5),(middle-middle-square-o <= 0.5) & (top-left-square-o > 0.5) & (bottom-left-square-o <= 0.5) & (top-right-square-o > 0.5) & (bottom-middle-square-b <= 0.5) & (middle-left-square-o <= 0.5) & (middle-middle-square-b <= 0.5) & (bottom-left-square-b > 0.5) & (bottom-right-square-o <= 0.5) & (bottom-middle-square-o > 0.5),,
465,8,5,5,7,8,,,(bottom-right-square-o <= 0.5) & (top-right-square-o > 0.5) & (middle-right-square-x > 0.5) & (bottom-middle-square-o <= 0.5) & (middle-left-square-b <= 0.5) & (top-left-square-o > 0.5) & (top-middle-square-o <= 0.5) & (bottom-left-square-o <= 0.5),(middle-middle-square-o <= 0.5) & (top-right-square-o > 0.5) & (top-left-square-o > 0.5) & (top-middle-square-o <= 0.5) & (bottom-left-square-b > 0.5),(middle-middle-square-o <= 0.5) & (top-left-square-o > 0.5) & (top-right-square-o > 0.5) & (top-middle-square-o <= 0.5) & (bottom-right-square-b > 0.5),(middle-middle-square-o <= 0.5) & (bottom-left-square-o <= 0.5) & (top-right-square-o > 0.5) & (bottom-right-square-o <= 0.5) & (top-left-square-o > 0.5) & (top-middle-square-o <= 0.5) & (bottom-middle-square-o <= 0.5),(middle-middle-square-o <= 0.5) & (top-left-square-o > 0.5) & (bottom-left-square-o <= 0.5) & (top-right-square-o > 0.5) & (bottom-middle-square-b > 0.5) & (bottom-right-square-o <= 0.5) & (bottom-right-square-x <= 0.5) & (bottom-left-square-x <= 0.5),,
466,7,11,10,8,5,,,(bottom-right-square-o <= 0.5) & (top-right-square-o > 0.5) & (middle-right-square-x <= 0.5) & (bottom-left-square-o <= 0.5) & (top-left-square-o > 0.5) & (top-middle-square-o <= 0.5) & (bottom-middle-square-o <= 0.5),(middle-middle-square-o > 0.5) & (bottom-left-square-x > 0.5) & (top-left-square-x <= 0.5) & (bottom-middle-square-x > 0.5) & (top-middle-square-x <= 0.5) & (top-left-square-b <= 0.5) & (middle-right-square-x <= 0.5) & (middle-left-square-x > 0.5) & (top-right-square-x <= 0.5) & (top-middle-square-b > 0.5) & (top-right-square-o > 0.5),(middle-middle-square-o > 0.5) & (bottom-right-square-x > 0.5) & (top-right-square-x <= 0.5) & (bottom-middle-square-x > 0.5) & (top-middle-square-x <= 0.5) & (top-right-square-b <= 0.5) & (middle-right-square-x <= 0.5) & (top-left-square-x <= 0.5) & (middle-left-square-x > 0.5) & (top-left-square-b <= 0.5),(middle-middle-square-o > 0.5) & (top-right-square-x <= 0.5) & (bottom-left-square-x > 0.5) & (top-middle-square-x <= 0.5) & (bottom-middle-square-o <= 0.5) & (top-left-square-o > 0.5) & (bottom-right-square-x > 0.5) & (bottom-middle-square-b <= 0.5),(middle-middle-square-o > 0.5) & (bottom-right-square-x > 0.5) & (top-right-square-x <= 0.5) & (bottom-left-square-x > 0.5) & (bottom-middle-square-x > 0.5),,
467,7,12,10,7,10,,,(bottom-right-square-o <= 0.5) & (top-right-square-o > 0.5) & (middle-right-square-x <= 0.5) & (bottom-left-square-o <= 0.5) & (top-left-square-o > 0.5) & (top-middle-square-o <= 0.5) & (bottom-middle-square-o <= 0.5),(middle-middle-square-o <= 0.5) & (top-right-square-o > 0.5) & (top-left-square-o > 0.5) & (top-middle-square-o <= 0.5) & (bottom-left-square-b <= 0.5) & (middle-right-square-b <= 0.5) & (middle-left-square-o <= 0.5) & (middle-right-square-x <= 0.5) & (middle-left-square-x > 0.5) & (bottom-left-square-o <= 0.5) & (top-middle-square-x <= 0.5) & (middle-middle-square-b > 0.5),(middle-middle-square-o <= 0.5) & (top-left-square-o > 0.5) & (top-right-square-o > 0.5) & (top-middle-square-o <= 0.5) & (bottom-right-square-b <= 0.5) & (middle-right-square-b <= 0.5) & (middle-left-square-o <= 0.5) & (middle-right-square-x <= 0.5) & (bottom-right-square-x > 0.5) & (bottom-middle-square-x > 0.5),(middle-middle-square-o <= 0.5) & (bottom-left-square-o <= 0.5) & (top-right-square-o > 0.5) & (bottom-right-square-o <= 0.5) & (top-left-square-o > 0.5) & (top-middle-square-o <= 0.5) & (bottom-middle-square-o <= 0.5),(middle-middle-square-o <= 0.5) & (top-left-square-o > 0.5) & (bottom-left-square-o <= 0.5) & (top-right-square-o > 0.5) & (bottom-middle-square-b <= 0.5) & (middle-left-square-o <= 0.5) & (middle-middle-square-b > 0.5) & (middle-right-square-x <= 0.5) & (bottom-right-square-x > 0.5) & (bottom-left-square-x > 0.5),,
468,7,6,6,7,7,,,(bottom-right-square-o <= 0.5) & (top-right-square-o > 0.5) & (middle-right-square-x <= 0.5) & (bottom-left-square-o <= 0.5) & (top-left-square-o > 0.5) & (top-middle-square-o <= 0.5) & (bottom-middle-square-o <= 0.5),(middle-middle-square-o <= 0.5) & (top-right-square-o > 0.5) & (top-left-square-o > 0.5) & (top-middle-square-o <= 0.5) & (bottom-left-square-b <= 0.5) & (middle-right-square-b > 0.5),(middle-middle-square-o <= 0.5) & (top-left-square-o > 0.5) & (top-right-square-o > 0.5) & (top-middle-square-o <= 0.5) & (bottom-right-square-b <= 0.5) & (middle-right-square-b > 0.5),(middle-middle-square-o <= 0.5) & (bottom-left-square-o <= 0.5) & (top-right-square-o > 0.5) & (bottom-right-square-o <= 0.5) & (top-left-square-o > 0.5) & (top-middle-square-o <= 0.5) & (bottom-middle-square-o <= 0.5),(middle-middle-square-o <= 0.5) & (top-left-square-o > 0.5) & (bottom-left-square-o <= 0.5) & (top-right-square-o > 0.5) & (bottom-middle-square-b <= 0.5) & (middle-left-square-o > 0.5) & (middle-right-square-x <= 0.5),,
469,8,9,12,7,9,,,(bottom-right-square-o <= 0.5) & (top-right-square-o > 0.5) & (middle-right-square-x > 0.5) & (bottom-middle-square-o <= 0.5) & (middle-left-square-b <= 0.5) & (top-left-square-o > 0.5) & (top-middle-square-o <= 0.5) & (bottom-left-square-o <= 0.5),(middle-middle-square-o <= 0.5) & (top-right-square-o > 0.5) & (top-left-square-o > 0.5) & (top-middle-square-o <= 0.5) & (bottom-left-square-b <= 0.5) & (middle-right-square-b <= 0.5) & (middle-left-square-o > 0.5) & (bottom-left-square-o <= 0.5) & (bottom-middle-square-x > 0.5),(middle-middle-square-o <= 0.5) & (top-left-square-o > 0.5) & (top-right-square-o > 0.5) & (top-middle-square-o <= 0.5) & (bottom-right-square-b <= 0.5) & (middle-right-square-b <= 0.5) & (middle-left-square-o > 0.5) & (bottom-middle-square-x > 0.5) & (bottom-right-square-x > 0.5) & (middle-right-square-x > 0.5) & (top-middle-square-b > 0.5) & (middle-middle-square-b > 0.5),(middle-middle-square-o <= 0.5) & (bottom-left-square-o <= 0.5) & (top-right-square-o > 0.5) & (bottom-right-square-o <= 0.5) & (top-left-square-o > 0.5) & (top-middle-square-o <= 0.5) & (bottom-middle-square-o <= 0.5),(middle-middle-square-o <= 0.5) & (top-left-square-o > 0.5) & (bottom-left-square-o <= 0.5) & (top-right-square-o > 0.5) & (bottom-middle-square-b <= 0.5) & (middle-left-square-o > 0.5) & (middle-right-square-x > 0.5) & (bottom-middle-square-o <= 0.5) & (middle-middle-square-x <= 0.5),,
470,7,9,10,7,10,,,(bottom-right-square-o <= 0.5) & (top-right-square-o > 0.5) & (middle-right-square-x <= 0.5) & (bottom-left-square-o <= 0.5) & (top-left-square-o > 0.5) & (top-middle-square-o <= 0.5) & (bottom-middle-square-o <= 0.5),(middle-middle-square-o <= 0.5) & (top-right-square-o > 0.5) & (top-left-square-o > 0.5) & (top-middle-square-o <= 0.5) & (bottom-left-square-b <= 0.5) & (middle-right-square-b <= 0.5) & (middle-left-square-o <= 0.5) & (middle-right-square-x <= 0.5) & (middle-left-square-x <= 0.5),(middle-middle-square-o <= 0.5) & (top-left-square-o > 0.5) & (top-right-square-o > 0.5) & (top-middle-square-o <= 0.5) & (bottom-right-square-b <= 0.5) & (middle-right-square-b <= 0.5) & (middle-left-square-o <= 0.5) & (middle-right-square-x <= 0.5) & (bottom-right-square-x > 0.5) & (bottom-middle-square-x > 0.5),(middle-middle-square-o <= 0.5) & (bottom-left-square-o <= 0.5) & (top-right-square-o > 0.5) & (bottom-right-square-o <= 0.5) & (top-left-square-o > 0.5) & (top-middle-square-o <= 0.5) & (bottom-middle-square-o <= 0.5),(middle-middle-square-o <= 0.5) & (top-left-square-o > 0.5) & (bottom-left-square-o <= 0.5) & (top-right-square-o > 0.5) & (bottom-middle-square-b <= 0.5) & (middle-left-square-o <= 0.5) & (middle-middle-square-b <= 0.5) & (bottom-left-square-b <= 0.5) & (middle-left-square-b > 0.5) & (middle-right-square-o > 0.5),,
471,8,10,10,8,5,,,(bottom-right-square-o <= 0.5) & (top-right-square-o > 0.5) & (middle-right-square-x > 0.5) & (bottom-middle-square-o <= 0.5) & (middle-left-square-b > 0.5) & (bottom-left-square-x > 0.5) & (bottom-right-square-x > 0.5) & (bottom-middle-square-x > 0.5),(middle-middle-square-o > 0.5) & (bottom-left-square-x > 0.5) & (top-left-square-x <= 0.5) & (bottom-middle-square-x > 0.5) & (top-middle-square-x <= 0.5) & (top-left-square-b <= 0.5) & (middle-right-square-x > 0.5) & (middle-left-square-x <= 0.5) & (top-right-square-x <= 0.5) & (top-right-square-o > 0.5),(middle-middle-square-o > 0.5) & (bottom-right-square-x > 0.5) & (top-right-square-x <= 0.5) & (bottom-middle-square-x > 0.5) & (top-middle-square-x <= 0.5) & (top-right-square-b <= 0.5) & (middle-right-square-x > 0.5) & (middle-left-square-x <= 0.5) & (top-left-square-x <= 0.5) & (top-left-square-o > 0.5),(middle-middle-square-o > 0.5) & (top-right-square-x <= 0.5) & (bottom-left-square-x > 0.5) & (top-middle-square-x <= 0.5) & (bottom-middle-square-o <= 0.5) & (top-left-square-o > 0.5) & (bottom-right-square-x > 0.5) & (bottom-middle-square-b <= 0.5),(middle-middle-square-o > 0.5) & (bottom-right-square-x > 0.5) & (top-right-square-x <= 0.5) & (bottom-left-square-x > 0.5) & (bottom-middle-square-x > 0.5),,
472,7,6,6,7,10,,,(bottom-right-square-o <= 0.5) & (top-right-square-o > 0.5) & (middle-right-square-x <= 0.5) & (bottom-left-square-o <= 0.5) & (top-left-square-o > 0.5) & (top-middle-square-o <= 0.5) & (bottom-middle-square-o <= 0.5),(middle-middle-square-o <= 0.5) & (top-right-square-o > 0.5) & (top-left-square-o > 0.5) & (top-middle-square-o <= 0.5) & (bottom-left-square-b <= 0.5) & (middle-right-square-b > 0.5),(middle-middle-square-o <= 0.5) & (top-left-square-o > 0.5) & (top-right-square-o > 0.5) & (top-middle-square-o <= 0.5) & (bottom-right-square-b <= 0.5) & (middle-right-square-b > 0.5),(middle-middle-square-o <= 0.5) & (bottom-left-square-o <= 0.5) & (top-right-square-o > 0.5) & (bottom-right-square-o <= 0.5) & (top-left-square-o > 0.5) & (top-middle-square-o <= 0.5) & (bottom-middle-square-o <= 0.5),(middle-middle-square-o <= 0.5) & (top-left-square-o > 0.5) & (bottom-left-square-o <= 0.5) & (top-right-square-o > 0.5) & (bottom-middle-square-b <= 0.5) & (middle-left-square-o <= 0.5) & (middle-middle-square-b > 0.5) & (middle-right-square-x <= 0.5) & (bottom-right-square-x > 0.5) & (bottom-left-square-x > 0.5),,
473,12,3,6,3,4,,,(bottom-right-square-o > 0.5) & (top-right-square-o <= 0.5) & (middle-right-square-x > 0.5) & (top-middle-square-o <= 0.5) & (middle-left-square-b <= 0.5) & (bottom-left-square-o <= 0.5) & (top-left-square-o > 0.5) & (bottom-middle-square-o > 0.5) & (middle-left-square-o <= 0.5) & (bottom-left-square-x > 0.5) & (top-right-square-x <= 0.5) & (top-middle-square-b > 0.5),(middle-middle-square-o <= 0.5) & (top-right-square-o <= 0.5) & (bottom-left-square-o <= 0.5),(middle-middle-square-o <= 0.5) & (top-left-square-o > 0.5) & (top-right-square-o <= 0.5) & (middle-left-square-o <= 0.5) & (top-middle-square-x <= 0.5) & (bottom-middle-square-x <= 0.5),(middle-middle-square-o <= 0.5) & (bottom-left-square-o <= 0.5) & (top-right-square-o <= 0.5),(middle-middle-square-o <= 0.5) & (top-left-square-o > 0.5) & (bottom-left-square-o <= 0.5) & (top-right-square-o <= 0.5),,
474,12,7,8,5,5,,,(bottom-right-square-o > 0.5) & (top-right-square-o <= 0.5) & (middle-right-square-x > 0.5) & (top-middle-square-o <= 0.5) & (middle-left-square-b <= 0.5) & (bottom-left-square-o > 0.5) & (bottom-middle-square-o <= 0.5) & (top-left-square-o > 0.5) & (middle-left-square-o <= 0.5) & (top-right-square-b > 0.5) & (bottom-middle-square-x > 0.5) & (top-middle-square-x <= 0.5),(middle-middle-square-o <= 0.5) & (top-right-square-o <= 0.5) & (bottom-left-square-o > 0.5) & (top-left-square-o > 0.5) & (middle-left-square-o <= 0.5) & (bottom-middle-square-o <= 0.5) & (middle-right-square-o <= 0.5),(middle-middle-square-o <= 0.5) & (top-left-square-o > 0.5) & (top-right-square-o <= 0.5) & (middle-left-square-o <= 0.5) & (top-middle-square-x <= 0.5) & (bottom-middle-square-x > 0.5) & (middle-left-square-x > 0.5) & (bottom-right-square-x <= 0.5),(middle-middle-square-o <= 0.5) & (bottom-left-square-o > 0.5) & (top-left-square-o > 0.5) & (middle-left-square-o <= 0.5) & (top-right-square-b > 0.5),(middle-middle-square-o <= 0.5) & (top-left-square-o > 0.5) & (bottom-left-square-o > 0.5) & (middle-left-square-o <= 0.5) & (top-right-square-b > 0.5),,
475,7,7,6,5,5,,,(bottom-right-square-o <= 0.5) & (top-right-square-o <= 0.5) & (middle-left-square-b <= 0.5) & (bottom-middle-square-x <= 0.5) & (top-middle-square-b > 0.5) & (bottom-middle-square-o > 0.5) & (middle-right-square-o <= 0.5),(middle-middle-square-o <= 0.5) & (top-right-square-o <= 0.5) & (bottom-left-square-o > 0.5) & (top-left-square-o > 0.5) & (middle-left-square-o <= 0.5) & (bottom-middle-square-o > 0.5) & (top-middle-square-x <= 0.5),(middle-middle-square-o <= 0.5) & (top-left-square-o > 0.5) & (top-right-square-o <= 0.5) & (middle-left-square-o <= 0.5) & (top-middle-square-x <= 0.5) & (bottom-middle-square-x <= 0.5),(middle-middle-square-o <= 0.5) & (bottom-left-square-o > 0.5) & (top-left-square-o > 0.5) & (middle-left-square-o <= 0.5) & (top-right-square-b > 0.5),(middle-middle-square-o <= 0.5) & (top-left-square-o > 0.5) & (bottom-left-square-o > 0.5) & (middle-left-square-o <= 0.5) & (top-right-square-b > 0.5),,
476,7,7,6,5,5,,,(bottom-right-square-o <= 0.5) & (top-right-square-o <= 0.5) & (middle-left-square-b <= 0.5) & (bottom-middle-square-x <= 0.5) & (top-middle-square-b > 0.5) & (bottom-middle-square-o <= 0.5) & (middle-left-square-x > 0.5),(middle-middle-square-o <= 0.5) & (top-right-square-o <= 0.5) & (bottom-left-square-o > 0.5) & (top-left-square-o > 0.5) & (middle-left-square-o <= 0.5) & (bottom-middle-square-o <= 0.5) & (middle-right-square-o <= 0.5),(middle-middle-square-o <= 0.5) & (top-left-square-o > 0.5) & (top-right-square-o <= 0.5) & (middle-left-square-o <= 0.5) & (top-middle-square-x <= 0.5) & (bottom-middle-square-x <= 0.5),(middle-middle-square-o <= 0.5) & (bottom-left-square-o > 0.5) & (top-left-square-o > 0.5) & (middle-left-square-o <= 0.5) & (top-right-square-b > 0.5),(middle-middle-square-o <= 0.5) & (top-left-square-o > 0.5) & (bottom-left-square-o > 0.5) & (middle-left-square-o <= 0.5) & (top-right-square-b > 0.5),,
477,7,3,6,3,4,,,(bottom-right-square-o <= 0.5) & (top-right-square-o <= 0.5) & (middle-left-square-b <= 0.5) & (bottom-middle-square-x <= 0.5) & (top-middle-square-b > 0.5) & (bottom-middle-square-o > 0.5) & (middle-right-square-o <= 0.5),(middle-middle-square-o <= 0.5) & (top-right-square-o <= 0.5) & (bottom-left-square-o <= 0.5),(middle-middle-square-o <= 0.5) & (top-left-square-o > 0.5) & (top-right-square-o <= 0.5) & (middle-left-square-o <= 0.5) & (top-middle-square-x <= 0.5) & (bottom-middle-square-x <= 0.5),(middle-middle-square-o <= 0.5) & (bottom-left-square-o <= 0.5) & (top-right-square-o <= 0.5),(middle-middle-square-o <= 0.5) & (top-left-square-o > 0.5) & (bottom-left-square-o <= 0.5) & (top-right-square-o <= 0.5),,
478,13,3,6,3,4,,,(bottom-right-square-o > 0.5) & (top-right-square-o <= 0.5) & (middle-right-square-x > 0.5) & (top-middle-square-o <= 0.5) & (middle-left-square-b <= 0.5) & (bottom-left-square-o <= 0.5) & (top-left-square-o > 0.5) & (bottom-middle-square-o <= 0.5) & (top-middle-square-b > 0.5) & (bottom-middle-square-b > 0.5) & (middle-left-square-x > 0.5) & (bottom-left-square-x <= 0.5) & (top-right-square-x <= 0.5),(middle-middle-square-o <= 0.5) & (top-right-square-o <= 0.5) & (bottom-left-square-o <= 0.5),(middle-middle-square-o <= 0.5) & (top-left-square-o > 0.5) & (top-right-square-o <= 0.5) & (middle-left-square-o <= 0.5) & (top-middle-square-x <= 0.5) & (bottom-middle-square-x <= 0.5),(middle-middle-square-o <= 0.5) & (bottom-left-square-o <= 0.5) & (top-right-square-o <= 0.5),(middle-middle-square-o <= 0.5) & (top-left-square-o > 0.5) & (bottom-left-square-o <= 0.5) & (top-right-square-o <= 0.5),,
479,6,12,7,8,5,,,(bottom-right-square-o <= 0.5) & (top-right-square-o <= 0.5) & (middle-left-square-b <= 0.5) & (bottom-middle-square-x > 0.5) & (bottom-left-square-x > 0.5) & (bottom-right-square-b <= 0.5),(middle-middle-square-o > 0.5) & (bottom-left-square-x > 0.5) & (top-left-square-x <= 0.5) & (bottom-middle-square-x > 0.5) & (top-middle-square-x <= 0.5) & (top-left-square-b <= 0.5) & (middle-right-square-x <= 0.5) & (middle-left-square-x > 0.5) & (top-right-square-x <= 0.5) & (top-middle-square-b > 0.5) & (top-right-square-o <= 0.5) & (middle-right-square-b <= 0.5),(middle-middle-square-o > 0.5) & (bottom-right-square-x > 0.5) & (top-right-square-x <= 0.5) & (bottom-middle-square-x > 0.5) & (top-middle-square-x <= 0.5) & (top-right-square-b > 0.5) & (top-left-square-x <= 0.5),(middle-middle-square-o > 0.5) & (top-right-square-x <= 0.5) & (bottom-left-square-x > 0.5) & (top-middle-square-x <= 0.5) & (bottom-middle-square-o <= 0.5) & (top-left-square-o > 0.5) & (bottom-right-square-x > 0.5) & (bottom-middle-square-b <= 0.5),(middle-middle-square-o > 0.5) & (bottom-right-square-x > 0.5) & (top-right-square-x <= 0.5) & (bottom-left-square-x > 0.5) & (bottom-middle-square-x > 0.5),,
480,6,3,8,3,4,,,(bottom-right-square-o <= 0.5) & (top-right-square-o <= 0.5) & (middle-left-square-b <= 0.5) & (bottom-middle-square-x > 0.5) & (bottom-left-square-x > 0.5) & (bottom-right-square-b <= 0.5),(middle-middle-square-o <= 0.5) & (top-right-square-o <= 0.5) & (bottom-left-square-o <= 0.5),(middle-middle-square-o <= 0.5) & (top-left-square-o > 0.5) & (top-right-square-o <= 0.5) & (middle-left-square-o > 0.5) & (top-middle-square-o <= 0.5) & (middle-right-square-o > 0.5) & (bottom-right-square-x > 0.5) & (top-right-square-b > 0.5),(middle-middle-square-o <= 0.5) & (bottom-left-square-o <= 0.5) & (top-right-square-o <= 0.5),(middle-middle-square-o <= 0.5) & (top-left-square-o > 0.5) & (bottom-left-square-o <= 0.5) & (top-right-square-o <= 0.5),,
481,6,12,7,8,5,,,(bottom-right-square-o <= 0.5) & (top-right-square-o <= 0.5) & (middle-left-square-b <= 0.5) & (bottom-middle-square-x > 0.5) & (bottom-left-square-x > 0.5) & (bottom-right-square-b <= 0.5),(middle-middle-square-o > 0.5) & (bottom-left-square-x > 0.5) & (top-left-square-x <= 0.5) & (bottom-middle-square-x > 0.5) & (top-middle-square-x <= 0.5) & (top-left-square-b <= 0.5) & (middle-right-square-x > 0.5) & (middle-left-square-x <= 0.5) & (top-right-square-x <= 0.5) & (top-right-square-o <= 0.5) & (top-middle-square-o <= 0.5) & (middle-left-square-o > 0.5),(middle-middle-square-o > 0.5) & (bottom-right-square-x > 0.5) & (top-right-square-x <= 0.5) & (bottom-middle-square-x > 0.5) & (top-middle-square-x <= 0.5) & (top-right-square-b > 0.5) & (top-left-square-x <= 0.5),(middle-middle-square-o > 0.5) & (top-right-square-x <= 0.5) & (bottom-left-square-x > 0.5) & (top-middle-square-x <= 0.5) & (bottom-middle-square-o <= 0.5) & (top-left-square-o > 0.5) & (bottom-right-square-x > 0.5) & (bottom-middle-square-b <= 0.5),(middle-middle-square-o > 0.5) & (bottom-right-square-x > 0.5) & (top-right-square-x <= 0.5) & (bottom-left-square-x > 0.5) & (bottom-middle-square-x > 0.5),,
482,6,3,13,3,4,,,(bottom-right-square-o <= 0.5) & (top-right-square-o <= 0.5) & (middle-left-square-b <= 0.5) & (bottom-middle-square-x > 0.5) & (bottom-left-square-x > 0.5) & (bottom-right-square-b <= 0.5),(middle-middle-square-o <= 0.5) & (top-right-square-o <= 0.5) & (bottom-left-square-o <= 0.5),(middle-middle-square-o <= 0.5) & (top-left-square-o > 0.5) & (top-right-square-o <= 0.5) & (middle-left-square-o > 0.5) & (top-middle-square-o <= 0.5) & (middle-right-square-o <= 0.5) & (bottom-middle-square-o <= 0.5) & (bottom-right-square-o <= 0.5) & (middle-right-square-b > 0.5) & (top-right-square-x <= 0.5) & (bottom-right-square-b <= 0.5) & (top-middle-square-x <= 0.5) & (middle-middle-square-b > 0.5),(middle-middle-square-o <= 0.5) & (bottom-left-square-o <= 0.5) & (top-right-square-o <= 0.5),(middle-middle-square-o <= 0.5) & (top-left-square-o > 0.5) & (bottom-left-square-o <= 0.5) & (top-right-square-o <= 0.5),,
483,4,11,7,8,5,,,(bottom-right-square-o <= 0.5) & (top-right-square-o <= 0.5) & (middle-left-square-b > 0.5) & (bottom-middle-square-o <= 0.5),(middle-middle-square-o > 0.5) & (bottom-left-square-x > 0.5) & (top-left-square-x <= 0.5) & (bottom-middle-square-x > 0.5) & (top-middle-square-x <= 0.5) & (top-left-square-b <= 0.5) & (middle-right-square-x <= 0.5) & (middle-left-square-x <= 0.5) & (top-middle-square-b > 0.5) & (middle-left-square-o <= 0.5) & (top-right-square-x <= 0.5),(middle-middle-square-o > 0.5) & (bottom-right-square-x > 0.5) & (top-right-square-x <= 0.5) & (bottom-middle-square-x > 0.5) & (top-middle-square-x <= 0.5) & (top-right-square-b > 0.5) & (top-left-square-x <= 0.5),(middle-middle-square-o > 0.5) & (top-right-square-x <= 0.5) & (bottom-left-square-x > 0.5) & (top-middle-square-x <= 0.5) & (bottom-middle-square-o <= 0.5) & (top-left-square-o > 0.5) & (bottom-right-square-x > 0.5) & (bottom-middle-square-b <= 0.5),(middle-middle-square-o > 0.5) & (bottom-right-square-x > 0.5) & (top-right-square-x <= 0.5) & (bottom-left-square-x > 0.5) & (bottom-middle-square-x > 0.5),,
484,4,3,7,3,4,,,(bottom-right-square-o <= 0.5) & (top-right-square-o <= 0.5) & (middle-left-square-b > 0.5) & (bottom-middle-square-o <= 0.5),(middle-middle-square-o <= 0.5) & (top-right-square-o <= 0.5) & (bottom-left-square-o <= 0.5),(middle-middle-square-o <= 0.5) & (top-left-square-o > 0.5) & (top-right-square-o <= 0.5) & (middle-left-square-o <= 0.5) & (top-middle-square-x <= 0.5) & (bottom-middle-square-x > 0.5) & (middle-left-square-x <= 0.5),(middle-middle-square-o <= 0.5) & (bottom-left-square-o <= 0.5) & (top-right-square-o <= 0.5),(middle-middle-square-o <= 0.5) & (top-left-square-o > 0.5) & (bottom-left-square-o <= 0.5) & (top-right-square-o <= 0.5),,
485,13,3,3,3,3,,,(bottom-right-square-o <= 0.5) & (top-right-square-o <= 0.5) & (middle-left-square-b <= 0.5) & (bottom-middle-square-x <= 0.5) & (top-middle-square-b <= 0.5) & (top-left-square-x <= 0.5) & (middle-right-square-x <= 0.5) & (bottom-left-square-x > 0.5) & (top-right-square-x > 0.5) & (bottom-right-square-b > 0.5) & (top-left-square-o <= 0.5) & (middle-left-square-x <= 0.5) & (bottom-middle-square-o > 0.5),(middle-middle-square-o <= 0.5) & (top-right-square-o <= 0.5) & (bottom-left-square-o <= 0.5),(middle-middle-square-o <= 0.5) & (top-left-square-o <= 0.5) & (bottom-right-square-o <= 0.5),(middle-middle-square-o <= 0.5) & (bottom-left-square-o <= 0.5) & (top-right-square-o <= 0.5),(middle-middle-square-o <= 0.5) & (top-left-square-o <= 0.5) & (bottom-right-square-o <= 0.5),,
486,6,3,6,3,5,,,(bottom-right-square-o > 0.5) & (top-right-square-o <= 0.5) & (middle-right-square-x <= 0.5) & (top-left-square-o <= 0.5) & (bottom-left-square-o <= 0.5) & (bottom-middle-square-x <= 0.5),(middle-middle-square-o <= 0.5) & (top-right-square-o <= 0.5) & (bottom-left-square-o <= 0.5),(middle-middle-square-o <= 0.5) & (top-left-square-o <= 0.5) & (bottom-right-square-o > 0.5) & (top-right-square-o <= 0.5) & (bottom-middle-square-o <= 0.5) & (top-middle-square-o <= 0.5),(middle-middle-square-o <= 0.5) & (bottom-left-square-o <= 0.5) & (top-right-square-o <= 0.5),(middle-middle-square-o <= 0.5) & (top-left-square-o <= 0.5) & (bottom-right-square-o > 0.5) & (top-right-square-o <= 0.5) & (bottom-left-square-o <= 0.5),,
487,9,6,3,4,3,,,(bottom-right-square-o <= 0.5) & (top-right-square-o <= 0.5) & (middle-left-square-b <= 0.5) & (bottom-middle-square-x > 0.5) & (bottom-left-square-x <= 0.5) & (top-left-square-o <= 0.5) & (middle-right-square-o > 0.5) & (bottom-left-square-o > 0.5) & (bottom-right-square-x <= 0.5),(middle-middle-square-o <= 0.5) & (top-right-square-o <= 0.5) & (bottom-left-square-o > 0.5) & (top-left-square-o <= 0.5) & (bottom-middle-square-o <= 0.5) & (top-middle-square-o <= 0.5),(middle-middle-square-o <= 0.5) & (top-left-square-o <= 0.5) & (bottom-right-square-o <= 0.5),(middle-middle-square-o <= 0.5) & (bottom-left-square-o > 0.5) & (top-left-square-o <= 0.5) & (bottom-right-square-o <= 0.5),(middle-middle-square-o <= 0.5) & (top-left-square-o <= 0.5) & (bottom-right-square-o <= 0.5),,
488,8,3,6,3,5,,,(bottom-right-square-o > 0.5) & (top-right-square-o <= 0.5) & (middle-right-square-x <= 0.5) & (top-left-square-o <= 0.5) & (bottom-left-square-o <= 0.5) & (bottom-middle-square-x > 0.5) & (middle-left-square-o > 0.5) & (bottom-left-square-b > 0.5),(middle-middle-square-o <= 0.5) & (top-right-square-o <= 0.5) & (bottom-left-square-o <= 0.5),(middle-middle-square-o <= 0.5) & (top-left-square-o <= 0.5) & (bottom-right-square-o > 0.5) & (top-right-square-o <= 0.5) & (bottom-middle-square-o <= 0.5) & (top-middle-square-o <= 0.5),(middle-middle-square-o <= 0.5) & (bottom-left-square-o <= 0.5) & (top-right-square-o <= 0.5),(middle-middle-square-o <= 0.5) & (top-left-square-o <= 0.5) & (bottom-right-square-o > 0.5) & (top-right-square-o <= 0.5) & (bottom-left-square-o <= 0.5),,
489,6,3,9,3,5,,,(bottom-right-square-o > 0.5) & (top-right-square-o <= 0.5) & (middle-right-square-x <= 0.5) & (top-left-square-o <= 0.5) & (bottom-left-square-o <= 0.5) & (bottom-middle-square-x <= 0.5),(middle-middle-square-o <= 0.5) & (top-right-square-o <= 0.5) & (bottom-left-square-o <= 0.5),(middle-middle-square-o <= 0.5) & (top-left-square-o <= 0.5) & (bottom-right-square-o > 0.5) & (top-right-square-o <= 0.5) & (bottom-middle-square-o > 0.5) & (top-middle-square-o <= 0.5) & (middle-right-square-o <= 0.5) & (middle-left-square-o > 0.5) & (middle-right-square-b > 0.5),(middle-middle-square-o <= 0.5) & (bottom-left-square-o <= 0.5) & (top-right-square-o <= 0.5),(middle-middle-square-o <= 0.5) & (top-left-square-o <= 0.5) & (bottom-right-square-o > 0.5) & (top-right-square-o <= 0.5) & (bottom-left-square-o <= 0.5),,
490,7,6,6,6,7,,,(bottom-right-square-o > 0.5) & (top-right-square-o <= 0.5) & (middle-right-square-x <= 0.5) & (top-left-square-o <= 0.5) & (bottom-left-square-o > 0.5) & (bottom-middle-square-o <= 0.5) & (top-middle-square-o <= 0.5),(middle-middle-square-o <= 0.5) & (top-right-square-o <= 0.5) & (bottom-left-square-o > 0.5) & (top-left-square-o <= 0.5) & (bottom-middle-square-o <= 0.5) & (top-middle-square-o <= 0.5),(middle-middle-square-o <= 0.5) & (top-left-square-o <= 0.5) & (bottom-right-square-o > 0.5) & (top-right-square-o <= 0.5) & (bottom-middle-square-o <= 0.5) & (top-middle-square-o <= 0.5),(middle-middle-square-o <= 0.5) & (bottom-left-square-o > 0.5) & (top-left-square-o <= 0.5) & (bottom-right-square-o > 0.5) & (bottom-middle-square-o <= 0.5) & (top-left-square-b > 0.5),(middle-middle-square-o <= 0.5) & (top-left-square-o <= 0.5) & (bottom-right-square-o > 0.5) & (top-right-square-o <= 0.5) & (bottom-left-square-o > 0.5) & (bottom-middle-square-o <= 0.5) & (top-left-square-b > 0.5),,
491,9,10,4,4,10,4,,(bottom-right-square-o <= 0.5) & (top-right-square-o <= 0.5) & (middle-left-square-b <= 0.5) & (bottom-middle-square-x <= 0.5) & (top-middle-square-b <= 0.5) & (top-left-square-x <= 0.5) & (middle-right-square-x > 0.5) & (top-right-square-x > 0.5) & (bottom-right-square-b <= 0.5),(middle-middle-square-o > 0.5) & (bottom-left-square-x <= 0.5) & (top-right-square-x > 0.5) & (bottom-middle-square-x <= 0.5) & (top-middle-square-o <= 0.5) & (top-left-square-o <= 0.5) & (middle-left-square-b <= 0.5) & (middle-right-square-b <= 0.5) & (middle-right-square-x > 0.5) & (middle-left-square-x <= 0.5),(middle-middle-square-o > 0.5) & (bottom-right-square-x > 0.5) & (top-right-square-x > 0.5) & (middle-right-square-x > 0.5),(middle-middle-square-o > 0.5) & (bottom-right-square-x > 0.5) & (top-right-square-x > 0.5) & (middle-right-square-x > 0.5),(middle-middle-square-o > 0.5) & (top-right-square-x > 0.5) & (top-left-square-x <= 0.5) & (bottom-right-square-x > 0.5) & (top-middle-square-x > 0.5) & (bottom-middle-square-x <= 0.5) & (bottom-left-square-x <= 0.5) & (top-left-square-o <= 0.5) & (bottom-middle-square-b > 0.5) & (bottom-left-square-b <= 0.5),(middle-middle-square-o > 0.5) & (bottom-right-square-x > 0.5) & (top-right-square-x > 0.5) & (middle-right-square-x > 0.5),
492,9,10,4,4,9,4,,(bottom-right-square-o <= 0.5) & (top-right-square-o <= 0.5) & (middle-left-square-b <= 0.5) & (bottom-middle-square-x <= 0.5) & (top-middle-square-b <= 0.5) & (top-left-square-x <= 0.5) & (middle-right-square-x > 0.5) & (top-right-square-x > 0.5) & (bottom-right-square-b <= 0.5),(middle-middle-square-o > 0.5) & (bottom-left-square-x <= 0.5) & (top-right-square-x > 0.5) & (bottom-middle-square-x <= 0.5) & (top-middle-square-o <= 0.5) & (top-left-square-o <= 0.5) & (middle-left-square-b <= 0.5) & (middle-right-square-b <= 0.5) & (middle-right-square-x > 0.5) & (middle-left-square-x <= 0.5),(middle-middle-square-o > 0.5) & (bottom-right-square-x > 0.5) & (top-right-square-x > 0.5) & (middle-right-square-x > 0.5),(middle-middle-square-o > 0.5) & (bottom-right-square-x > 0.5) & (top-right-square-x > 0.5) & (middle-right-square-x > 0.5),(middle-middle-square-o > 0.5) & (top-right-square-x > 0.5) & (top-left-square-x <= 0.5) & (bottom-right-square-x > 0.5) & (top-middle-square-x > 0.5) & (bottom-middle-square-x <= 0.5) & (bottom-left-square-x <= 0.5) & (top-left-square-o <= 0.5) & (bottom-middle-square-b <= 0.5),(middle-middle-square-o > 0.5) & (bottom-right-square-x > 0.5) & (top-right-square-x > 0.5) & (middle-right-square-x > 0.5),
493,9,9,3,4,3,,,(bottom-right-square-o <= 0.5) & (top-right-square-o <= 0.5) & (middle-left-square-b <= 0.5) & (bottom-middle-square-x <= 0.5) & (top-middle-square-b <= 0.5) & (top-left-square-x <= 0.5) & (middle-right-square-x > 0.5) & (top-right-square-x > 0.5) & (bottom-right-square-b <= 0.5),(middle-middle-square-o <= 0.5) & (top-right-square-o <= 0.5) & (bottom-left-square-o > 0.5) & (top-left-square-o <= 0.5) & (bottom-middle-square-o > 0.5) & (top-middle-square-o <= 0.5) & (middle-left-square-o > 0.5) & (middle-right-square-x > 0.5) & (middle-middle-square-b > 0.5),(middle-middle-square-o <= 0.5) & (top-left-square-o <= 0.5) & (bottom-right-square-o <= 0.5),(middle-middle-square-o <= 0.5) & (bottom-left-square-o > 0.5) & (top-left-square-o <= 0.5) & (bottom-right-square-o <= 0.5),(middle-middle-square-o <= 0.5) & (top-left-square-o <= 0.5) & (bottom-right-square-o <= 0.5),,
494,6,3,8,3,5,,,(bottom-right-square-o > 0.5) & (top-right-square-o <= 0.5) & (middle-right-square-x <= 0.5) & (top-left-square-o <= 0.5) & (bottom-left-square-o <= 0.5) & (bottom-middle-square-x <= 0.5),(middle-middle-square-o <= 0.5) & (top-right-square-o <= 0.5) & (bottom-left-square-o <= 0.5),(middle-middle-square-o <= 0.5) & (top-left-square-o <= 0.5) & (bottom-right-square-o > 0.5) & (top-right-square-o <= 0.5) & (bottom-middle-square-o > 0.5) & (top-middle-square-o <= 0.5) & (middle-right-square-o > 0.5) & (middle-left-square-x <= 0.5),(middle-middle-square-o <= 0.5) & (bottom-left-square-o <= 0.5) & (top-right-square-o <= 0.5),(middle-middle-square-o <= 0.5) & (top-left-square-o <= 0.5) & (bottom-right-square-o > 0.5) & (top-right-square-o <= 0.5) & (bottom-left-square-o <= 0.5),,
495,7,6,6,6,7,,,(bottom-right-square-o > 0.5) & (top-right-square-o <= 0.5) & (middle-right-square-x <= 0.5) & (top-left-square-o <= 0.5) & (bottom-left-square-o > 0.5) & (bottom-middle-square-o <= 0.5) & (top-middle-square-o <= 0.5),(middle-middle-square-o <= 0.5) & (top-right-square-o <= 0.5) & (bottom-left-square-o > 0.5) & (top-left-square-o <= 0.5) & (bottom-middle-square-o <= 0.5) & (top-middle-square-o <= 0.5),(middle-middle-square-o <= 0.5) & (top-left-square-o <= 0.5) & (bottom-right-square-o > 0.5) & (top-right-square-o <= 0.5) & (bottom-middle-square-o <= 0.5) & (top-middle-square-o <= 0.5),(middle-middle-square-o <= 0.5) & (bottom-left-square-o > 0.5) & (top-left-square-o <= 0.5) & (bottom-right-square-o > 0.5) & (bottom-middle-square-o <= 0.5) & (top-left-square-b > 0.5),(middle-middle-square-o <= 0.5) & (top-left-square-o <= 0.5) & (bottom-right-square-o > 0.5) & (top-right-square-o <= 0.5) & (bottom-left-square-o > 0.5) & (bottom-middle-square-o <= 0.5) & (top-left-square-b > 0.5),,
496,5,7,4,4,9,4,,(bottom-right-square-o <= 0.5) & (top-right-square-o <= 0.5) & (middle-left-square-b > 0.5) & (bottom-middle-square-o > 0.5) & (top-middle-square-o <= 0.5),(middle-middle-square-o > 0.5) & (bottom-left-square-x <= 0.5) & (top-right-square-x > 0.5) & (bottom-middle-square-x <= 0.5) & (top-middle-square-o <= 0.5) & (top-left-square-o <= 0.5) & (middle-left-square-b > 0.5),(middle-middle-square-o > 0.5) & (bottom-right-square-x > 0.5) & (top-right-square-x > 0.5) & (middle-right-square-x > 0.5),(middle-middle-square-o > 0.5) & (bottom-right-square-x > 0.5) & (top-right-square-x > 0.5) & (middle-right-square-x > 0.5),(middle-middle-square-o > 0.5) & (top-right-square-x > 0.5) & (top-left-square-x <= 0.5) & (bottom-right-square-x > 0.5) & (top-middle-square-x > 0.5) & (bottom-middle-square-x <= 0.5) & (bottom-left-square-x <= 0.5) & (top-left-square-o <= 0.5) & (bottom-middle-square-b <= 0.5),(middle-middle-square-o > 0.5) & (bottom-right-square-x > 0.5) & (top-right-square-x > 0.5) & (middle-right-square-x > 0.5),
497,7,7,3,4,3,,,(bottom-right-square-o <= 0.5) & (top-right-square-o > 0.5) & (middle-right-square-x > 0.5) & (bottom-middle-square-o > 0.5) & (bottom-right-square-x <= 0.5) & (bottom-left-square-o > 0.5) & (top-left-square-b > 0.5),(middle-middle-square-o <= 0.5) & (top-right-square-o > 0.5) & (top-left-square-o <= 0.5) & (middle-right-square-o <= 0.5) & (top-middle-square-x > 0.5) & (bottom-middle-square-o > 0.5) & (top-left-square-x <= 0.5),(middle-middle-square-o <= 0.5) & (top-left-square-o <= 0.5) & (bottom-right-square-o <= 0.5),(middle-middle-square-o <= 0.5) & (bottom-left-square-o > 0.5) & (top-left-square-o <= 0.5) & (bottom-right-square-o <= 0.5),(middle-middle-square-o <= 0.5) & (top-left-square-o <= 0.5) & (bottom-right-square-o <= 0.5),,
498,10,6,7,6,7,,,(bottom-right-square-o > 0.5) & (top-right-square-o > 0.5) & (middle-right-square-o <= 0.5) & (bottom-left-square-b <= 0.5) & (top-left-square-o <= 0.5) & (top-middle-square-x > 0.5) & (top-left-square-x <= 0.5) & (middle-right-square-x > 0.5) & (middle-left-square-x > 0.5) & (bottom-middle-square-x <= 0.5),(middle-middle-square-o <= 0.5) & (top-right-square-o > 0.5) & (top-left-square-o <= 0.5) & (middle-right-square-o <= 0.5) & (top-middle-square-x > 0.5) & (bottom-middle-square-o <= 0.5),(middle-middle-square-o <= 0.5) & (top-left-square-o <= 0.5) & (bottom-right-square-o > 0.5) & (top-right-square-o > 0.5) & (middle-right-square-o <= 0.5) & (bottom-middle-square-o <= 0.5) & (middle-left-square-o <= 0.5),(middle-middle-square-o <= 0.5) & (bottom-left-square-o > 0.5) & (top-left-square-o <= 0.5) & (bottom-right-square-o > 0.5) & (bottom-middle-square-o <= 0.5) & (top-left-square-b > 0.5),(middle-middle-square-o <= 0.5) & (top-left-square-o <= 0.5) & (bottom-right-square-o > 0.5) & (top-right-square-o > 0.5) & (middle-right-square-o <= 0.5) & (bottom-middle-square-o <= 0.5) & (middle-left-square-o <= 0.5),,
499,5,7,8,12,8,,,(bottom-right-square-o > 0.5) & (top-right-square-o > 0.5) & (middle-right-square-o <= 0.5) & (bottom-left-square-b > 0.5) & (top-left-square-o <= 0.5),(middle-middle-square-o <= 0.5) & (top-right-square-o > 0.5) & (top-left-square-o <= 0.5) & (middle-right-square-o <= 0.5) & (top-middle-square-x > 0.5) & (bottom-middle-square-o > 0.5) & (top-left-square-x <= 0.5),(middle-middle-square-o <= 0.5) & (top-left-square-o <= 0.5) & (bottom-right-square-o > 0.5) & (top-right-square-o > 0.5) & (middle-right-square-o <= 0.5) & (bottom-middle-square-o > 0.5) & (top-middle-square-x > 0.5) & (top-left-square-x <= 0.5),(middle-middle-square-o <= 0.5) & (bottom-left-square-o <= 0.5) & (top-right-square-o > 0.5) & (bottom-right-square-o > 0.5) & (middle-left-square-b <= 0.5) & (bottom-middle-square-o > 0.5) & (top-middle-square-x > 0.5) & (middle-left-square-x > 0.5) & (top-left-square-o <= 0.5) & (middle-middle-square-x > 0.5) & (top-left-square-x <= 0.5) & (bottom-left-square-x <= 0.5),(middle-middle-square-o <= 0.5) & (top-left-square-o <= 0.5) & (bottom-right-square-o > 0.5) & (top-right-square-o > 0.5) & (middle-right-square-o <= 0.5) & (bottom-middle-square-o > 0.5) & (bottom-left-square-o <= 0.5) & (middle-left-square-x > 0.5),,
500,12,10,3,4,3,,,(bottom-right-square-o <= 0.5) & (top-right-square-o > 0.5) & (middle-right-square-x <= 0.5) & (bottom-left-square-o > 0.5) & (middle-left-square-x > 0.5) & (middle-right-square-o > 0.5) & (top-left-square-o <= 0.5) & (top-middle-square-o <= 0.5) & (bottom-middle-square-o <= 0.5) & (top-middle-square-x > 0.5) & (top-left-square-x <= 0.5) & (bottom-right-square-x <= 0.5),(middle-middle-square-o <= 0.5) & (top-right-square-o > 0.5) & (top-left-square-o <= 0.5) & (middle-right-square-o > 0.5) & (top-middle-square-o <= 0.5) & (middle-left-square-o <= 0.5) & (bottom-middle-square-o <= 0.5) & (bottom-left-square-o > 0.5) & (middle-left-square-x > 0.5) & (top-left-square-x <= 0.5),(middle-middle-square-o <= 0.5) & (top-left-square-o <= 0.5) & (bottom-right-square-o <= 0.5),(middle-middle-square-o <= 0.5) & (bottom-left-square-o > 0.5) & (top-left-square-o <= 0.5) & (bottom-right-square-o <= 0.5),(middle-middle-square-o <= 0.5) & (top-left-square-o <= 0.5) & (bottom-right-square-o <= 0.5),,
501,8,6,7,6,7,,,(bottom-right-square-o > 0.5) & (top-right-square-o > 0.5) & (middle-right-square-o <= 0.5) & (bottom-left-square-b <= 0.5) & (top-left-square-o <= 0.5) & (top-middle-square-x > 0.5) & (top-left-square-x <= 0.5) & (middle-right-square-x <= 0.5),(middle-middle-square-o <= 0.5) & (top-right-square-o > 0.5) & (top-left-square-o <= 0.5) & (middle-right-square-o <= 0.5) & (top-middle-square-x > 0.5) & (bottom-middle-square-o <= 0.5),(middle-middle-square-o <= 0.5) & (top-left-square-o <= 0.5) & (bottom-right-square-o > 0.5) & (top-right-square-o > 0.5) & (middle-right-square-o <= 0.5) & (bottom-middle-square-o <= 0.5) & (middle-left-square-o <= 0.5),(middle-middle-square-o <= 0.5) & (bottom-left-square-o > 0.5) & (top-left-square-o <= 0.5) & (bottom-right-square-o > 0.5) & (bottom-middle-square-o <= 0.5) & (top-left-square-b > 0.5),(middle-middle-square-o <= 0.5) & (top-left-square-o <= 0.5) & (bottom-right-square-o > 0.5) & (top-right-square-o > 0.5) & (middle-right-square-o <= 0.5) & (bottom-middle-square-o <= 0.5) & (middle-left-square-o <= 0.5),,
502,12,6,3,4,3,,,(bottom-right-square-o <= 0.5) & (top-right-square-o > 0.5) & (middle-right-square-x > 0.5) & (bottom-middle-square-o <= 0.5) & (middle-left-square-b <= 0.5) & (top-left-square-o <= 0.5) & (bottom-left-square-o > 0.5) & (top-middle-square-o <= 0.5) & (top-middle-square-b <= 0.5) & (bottom-right-square-x <= 0.5) & (middle-left-square-x <= 0.5) & (top-left-square-x <= 0.5),(middle-middle-square-o <= 0.5) & (top-right-square-o > 0.5) & (top-left-square-o <= 0.5) & (middle-right-square-o <= 0.5) & (top-middle-square-x > 0.5) & (bottom-middle-square-o <= 0.5),(middle-middle-square-o <= 0.5) & (top-left-square-o <= 0.5) & (bottom-right-square-o <= 0.5),(middle-middle-square-o <= 0.5) & (bottom-left-square-o > 0.5) & (top-left-square-o <= 0.5) & (bottom-right-square-o <= 0.5),(middle-middle-square-o <= 0.5) & (top-left-square-o <= 0.5) & (bottom-right-square-o <= 0.5),,
503,5,6,8,10,8,,,(bottom-right-square-o > 0.5) & (top-right-square-o > 0.5) & (middle-right-square-o <= 0.5) & (bottom-left-square-b > 0.5) & (top-left-square-o <= 0.5),(middle-middle-square-o <= 0.5) & (top-right-square-o > 0.5) & (top-left-square-o <= 0.5) & (middle-right-square-o <= 0.5) & (top-middle-square-x > 0.5) & (bottom-middle-square-o <= 0.5),(middle-middle-square-o <= 0.5) & (top-left-square-o <= 0.5) & (bottom-right-square-o > 0.5) & (top-right-square-o > 0.5) & (middle-right-square-o <= 0.5) & (bottom-middle-square-o <= 0.5) & (middle-left-square-o > 0.5) & (top-middle-square-x > 0.5),(middle-middle-square-o <= 0.5) & (bottom-left-square-o <= 0.5) & (top-right-square-o > 0.5) & (bottom-right-square-o > 0.5) & (middle-left-square-b <= 0.5) & (bottom-middle-square-o <= 0.5) & (middle-middle-square-b <= 0.5) & (bottom-left-square-b > 0.5) & (top-left-square-o <= 0.5) & (middle-left-square-o > 0.5),(middle-middle-square-o <= 0.5) & (top-left-square-o <= 0.5) & (bottom-right-square-o > 0.5) & (top-right-square-o > 0.5) & (middle-right-square-o <= 0.5) & (bottom-middle-square-o <= 0.5) & (middle-left-square-o > 0.5) & (bottom-left-square-x <= 0.5),,
504,8,8,3,5,3,,,(bottom-right-square-o <= 0.5) & (top-right-square-o > 0.5) & (middle-right-square-x <= 0.5) & (bottom-left-square-o <= 0.5) & (top-left-square-o <= 0.5) & (top-middle-square-x > 0.5) & (middle-left-square-o > 0.5) & (top-left-square-x <= 0.5),(middle-middle-square-o <= 0.5) & (top-right-square-o > 0.5) & (top-left-square-o <= 0.5) & (middle-right-square-o > 0.5) & (top-middle-square-o <= 0.5) & (middle-left-square-o > 0.5) & (bottom-left-square-x > 0.5) & (top-left-square-x <= 0.5),(middle-middle-square-o <= 0.5) & (top-left-square-o <= 0.5) & (bottom-right-square-o <= 0.5),(middle-middle-square-o <= 0.5) & (bottom-left-square-o <= 0.5) & (top-right-square-o > 0.5) & (bottom-right-square-o <= 0.5) & (top-left-square-o <= 0.5),(middle-middle-square-o <= 0.5) & (top-left-square-o <= 0.5) & (bottom-right-square-o <= 0.5),,
505,8,7,3,5,3,,,(bottom-right-square-o <= 0.5) & (top-right-square-o > 0.5) & (middle-right-square-x <= 0.5) & (bottom-left-square-o <= 0.5) & (top-left-square-o <= 0.5) & (top-middle-square-x > 0.5) & (middle-left-square-o > 0.5) & (top-left-square-x <= 0.5),(middle-middle-square-o <= 0.5) & (top-right-square-o > 0.5) & (top-left-square-o <= 0.5) & (middle-right-square-o > 0.5) & (top-middle-square-o <= 0.5) & (middle-left-square-o > 0.5) & (bottom-left-square-x <= 0.5),(middle-middle-square-o <= 0.5) & (top-left-square-o <= 0.5) & (bottom-right-square-o <= 0.5),(middle-middle-square-o <= 0.5) & (bottom-left-square-o <= 0.5) & (top-right-square-o > 0.5) & (bottom-right-square-o <= 0.5) & (top-left-square-o <= 0.5),(middle-middle-square-o <= 0.5) & (top-left-square-o <= 0.5) & (bottom-right-square-o <= 0.5),,
506,8,6,8,10,9,,,(bottom-right-square-o > 0.5) & (top-right-square-o > 0.5) & (middle-right-square-o <= 0.5) & (bottom-left-square-b <= 0.5) & (top-left-square-o <= 0.5) & (top-middle-square-x > 0.5) & (top-left-square-x <= 0.5) & (middle-right-square-x <= 0.5),(middle-middle-square-o <= 0.5) & (top-right-square-o > 0.5) & (top-left-square-o <= 0.5) & (middle-right-square-o <= 0.5) & (top-middle-square-x > 0.5) & (bottom-middle-square-o <= 0.5),(middle-middle-square-o <= 0.5) & (top-left-square-o <= 0.5) & (bottom-right-square-o > 0.5) & (top-right-square-o > 0.5) & (middle-right-square-o <= 0.5) & (bottom-middle-square-o <= 0.5) & (middle-left-square-o > 0.5) & (top-middle-square-x > 0.5),(middle-middle-square-o <= 0.5) & (bottom-left-square-o <= 0.5) & (top-right-square-o > 0.5) & (bottom-right-square-o > 0.5) & (middle-left-square-b <= 0.5) & (bottom-middle-square-o <= 0.5) & (middle-middle-square-b <= 0.5) & (bottom-left-square-b <= 0.5) & (bottom-middle-square-x > 0.5) & (top-middle-square-x > 0.5),(middle-middle-square-o <= 0.5) & (top-left-square-o <= 0.5) & (bottom-right-square-o > 0.5) & (top-right-square-o > 0.5) & (middle-right-square-o <= 0.5) & (bottom-middle-square-o <= 0.5) & (middle-left-square-o > 0.5) & (bottom-left-square-x > 0.5) & (top-left-square-b > 0.5),,
507,9,6,3,4,3,,,(bottom-right-square-o <= 0.5) & (top-right-square-o > 0.5) & (middle-right-square-x <= 0.5) & (bottom-left-square-o > 0.5) & (middle-left-square-x <= 0.5) & (middle-left-square-b <= 0.5) & (middle-right-square-o <= 0.5) & (bottom-middle-square-x > 0.5) & (top-left-square-x <= 0.5),(middle-middle-square-o <= 0.5) & (top-right-square-o > 0.5) & (top-left-square-o <= 0.5) & (middle-right-square-o <= 0.5) & (top-middle-square-x > 0.5) & (bottom-middle-square-o <= 0.5),(middle-middle-square-o <= 0.5) & (top-left-square-o <= 0.5) & (bottom-right-square-o <= 0.5),(middle-middle-square-o <= 0.5) & (bottom-left-square-o > 0.5) & (top-left-square-o <= 0.5) & (bottom-right-square-o <= 0.5),(middle-middle-square-o <= 0.5) & (top-left-square-o <= 0.5) & (bottom-right-square-o <= 0.5),,
508,8,6,3,5,3,,,(bottom-right-square-o <= 0.5) & (top-right-square-o > 0.5) & (middle-right-square-x <= 0.5) & (bottom-left-square-o <= 0.5) & (top-left-square-o <= 0.5) & (top-middle-square-x > 0.5) & (middle-left-square-o > 0.5) & (top-left-square-x <= 0.5),(middle-middle-square-o <= 0.5) & (top-right-square-o > 0.5) & (top-left-square-o <= 0.5) & (middle-right-square-o <= 0.5) & (top-middle-square-x > 0.5) & (bottom-middle-square-o <= 0.5),(middle-middle-square-o <= 0.5) & (top-left-square-o <= 0.5) & (bottom-right-square-o <= 0.5),(middle-middle-square-o <= 0.5) & (bottom-left-square-o <= 0.5) & (top-right-square-o > 0.5) & (bottom-right-square-o <= 0.5) & (top-left-square-o <= 0.5),(middle-middle-square-o <= 0.5) & (top-left-square-o <= 0.5) & (bottom-right-square-o <= 0.5),,
509,8,8,11,9,5,,,(bottom-right-square-o <= 0.5) & (top-right-square-o > 0.5) & (middle-right-square-x <= 0.5) & (bottom-left-square-o <= 0.5) & (top-left-square-o <= 0.5) & (top-middle-square-x > 0.5) & (middle-left-square-o > 0.5) & (top-left-square-x <= 0.5),(middle-middle-square-o > 0.5) & (bottom-left-square-x > 0.5) & (top-left-square-x <= 0.5) & (bottom-middle-square-x > 0.5) & (top-middle-square-x > 0.5) & (top-right-square-o > 0.5) & (middle-left-square-x <= 0.5) & (middle-right-square-x <= 0.5),(middle-middle-square-o > 0.5) & (bottom-right-square-x > 0.5) & (top-right-square-x <= 0.5) & (bottom-middle-square-x > 0.5) & (top-middle-square-x > 0.5) & (top-left-square-o <= 0.5) & (top-left-square-x <= 0.5) & (middle-left-square-x <= 0.5) & (top-right-square-o > 0.5) & (middle-right-square-x <= 0.5) & (middle-left-square-o > 0.5),(middle-middle-square-o > 0.5) & (top-right-square-x <= 0.5) & (bottom-left-square-x > 0.5) & (top-middle-square-x > 0.5) & (bottom-right-square-o <= 0.5) & (middle-left-square-o > 0.5) & (top-left-square-o <= 0.5) & (top-left-square-x <= 0.5) & (top-right-square-b <= 0.5),(middle-middle-square-o > 0.5) & (bottom-right-square-x > 0.5) & (top-right-square-x <= 0.5) & (bottom-left-square-x > 0.5) & (bottom-middle-square-x > 0.5),,
510,8,8,3,5,3,,,(bottom-right-square-o <= 0.5) & (top-right-square-o > 0.5) & (middle-right-square-x <= 0.5) & (bottom-left-square-o <= 0.5) & (top-left-square-o <= 0.5) & (top-middle-square-x > 0.5) & (middle-left-square-o > 0.5) & (top-left-square-x <= 0.5),(middle-middle-square-o <= 0.5) & (top-right-square-o > 0.5) & (top-left-square-o <= 0.5) & (middle-right-square-o > 0.5) & (top-middle-square-o <= 0.5) & (middle-left-square-o > 0.5) & (bottom-left-square-x > 0.5) & (top-left-square-x <= 0.5),(middle-middle-square-o <= 0.5) & (top-left-square-o <= 0.5) & (bottom-right-square-o <= 0.5),(middle-middle-square-o <= 0.5) & (bottom-left-square-o <= 0.5) & (top-right-square-o > 0.5) & (bottom-right-square-o <= 0.5) & (top-left-square-o <= 0.5),(middle-middle-square-o <= 0.5) & (top-left-square-o <= 0.5) & (bottom-right-square-o <= 0.5),,
511,9,6,7,6,7,,,(bottom-right-square-o > 0.5) & (top-right-square-o > 0.5) & (middle-right-square-o <= 0.5) & (bottom-left-square-b <= 0.5) & (top-left-square-o <= 0.5) & (top-middle-square-x > 0.5) & (top-left-square-x <= 0.5) & (middle-right-square-x > 0.5) & (middle-left-square-x <= 0.5),(middle-middle-square-o <= 0.5) & (top-right-square-o > 0.5) & (top-left-square-o <= 0.5) & (middle-right-square-o <= 0.5) & (top-middle-square-x > 0.5) & (bottom-middle-square-o <= 0.5),(middle-middle-square-o <= 0.5) & (top-left-square-o <= 0.5) & (bottom-right-square-o > 0.5) & (top-right-square-o > 0.5) & (middle-right-square-o <= 0.5) & (bottom-middle-square-o <= 0.5) & (middle-left-square-o <= 0.5),(middle-middle-square-o <= 0.5) & (bottom-left-square-o > 0.5) & (top-left-square-o <= 0.5) & (bottom-right-square-o > 0.5) & (bottom-middle-square-o <= 0.5) & (top-left-square-b > 0.5),(middle-middle-square-o <= 0.5) & (top-left-square-o <= 0.5) & (bottom-right-square-o > 0.5) & (top-right-square-o > 0.5) & (middle-right-square-o <= 0.5) & (bottom-middle-square-o <= 0.5) & (middle-left-square-o <= 0.5),,
512,11,9,3,4,3,,,(bottom-right-square-o <= 0.5) & (top-right-square-o > 0.5) & (middle-right-square-x <= 0.5) & (bottom-left-square-o > 0.5) & (middle-left-square-x <= 0.5) & (middle-left-square-b > 0.5) & (middle-right-square-o > 0.5) & (top-middle-square-x > 0.5) & (bottom-middle-square-b <= 0.5) & (bottom-right-square-b <= 0.5) & (top-left-square-x <= 0.5),(middle-middle-square-o <= 0.5) & (top-right-square-o > 0.5) & (top-left-square-o <= 0.5) & (middle-right-square-o > 0.5) & (top-middle-square-o <= 0.5) & (middle-left-square-o <= 0.5) & (bottom-middle-square-o <= 0.5) & (bottom-left-square-o > 0.5) & (middle-left-square-x <= 0.5),(middle-middle-square-o <= 0.5) & (top-left-square-o <= 0.5) & (bottom-right-square-o <= 0.5),(middle-middle-square-o <= 0.5) & (bottom-left-square-o > 0.5) & (top-left-square-o <= 0.5) & (bottom-right-square-o <= 0.5),(middle-middle-square-o <= 0.5) & (top-left-square-o <= 0.5) & (bottom-right-square-o <= 0.5),,
513,7,11,3,5,3,,,(bottom-right-square-o <= 0.5) & (top-right-square-o > 0.5) & (middle-right-square-x <= 0.5) & (bottom-left-square-o <= 0.5) & (top-left-square-o <= 0.5) & (top-middle-square-x > 0.5) & (middle-left-square-o <= 0.5),(middle-middle-square-o <= 0.5) & (top-right-square-o > 0.5) & (top-left-square-o <= 0.5) & (middle-right-square-o > 0.5) & (top-middle-square-o <= 0.5) & (middle-left-square-o <= 0.5) & (bottom-middle-square-o <= 0.5) & (bottom-left-square-o <= 0.5) & (top-middle-square-b <= 0.5) & (bottom-middle-square-b <= 0.5) & (middle-middle-square-b <= 0.5),(middle-middle-square-o <= 0.5) & (top-left-square-o <= 0.5) & (bottom-right-square-o <= 0.5),(middle-middle-square-o <= 0.5) & (bottom-left-square-o <= 0.5) & (top-right-square-o > 0.5) & (bottom-right-square-o <= 0.5) & (top-left-square-o <= 0.5),(middle-middle-square-o <= 0.5) & (top-left-square-o <= 0.5) & (bottom-right-square-o <= 0.5),,
514,13,6,3,4,3,,,(bottom-right-square-o <= 0.5) & (top-right-square-o > 0.5) & (middle-right-square-x <= 0.5) & (bottom-left-square-o > 0.5) & (middle-left-square-x <= 0.5) & (middle-left-square-b > 0.5) & (middle-right-square-o <= 0.5) & (bottom-middle-square-o <= 0.5) & (top-middle-square-o <= 0.5) & (top-left-square-o <= 0.5) & (bottom-middle-square-b <= 0.5) & (top-left-square-x <= 0.5) & (bottom-right-square-b > 0.5),(middle-middle-square-o <= 0.5) & (top-right-square-o > 0.5) & (top-left-square-o <= 0.5) & (middle-right-square-o <= 0.5) & (top-middle-square-x > 0.5) & (bottom-middle-square-o <= 0.5),(middle-middle-square-o <= 0.5) & (top-left-square-o <= 0.5) & (bottom-right-square-o <= 0.5),(middle-middle-square-o <= 0.5) & (bottom-left-square-o > 0.5) & (top-left-square-o <= 0.5) & (bottom-right-square-o <= 0.5),(middle-middle-square-o <= 0.5) & (top-left-square-o <= 0.5) & (bottom-right-square-o <= 0.5),,
515,5,6,7,8,7,,,(bottom-right-square-o > 0.5) & (top-right-square-o > 0.5) & (middle-right-square-o <= 0.5) & (bottom-left-square-b > 0.5) & (top-left-square-o <= 0.5),(middle-middle-square-o <= 0.5) & (top-right-square-o > 0.5) & (top-left-square-o <= 0.5) & (middle-right-square-o <= 0.5) & (top-middle-square-x > 0.5) & (bottom-middle-square-o <= 0.5),(middle-middle-square-o <= 0.5) & (top-left-square-o <= 0.5) & (bottom-right-square-o > 0.5) & (top-right-square-o > 0.5) & (middle-right-square-o <= 0.5) & (bottom-middle-square-o <= 0.5) & (middle-left-square-o <= 0.5),(middle-middle-square-o <= 0.5) & (bottom-left-square-o <= 0.5) & (top-right-square-o > 0.5) & (bottom-right-square-o > 0.5) & (middle-left-square-b > 0.5) & (top-left-square-o <= 0.5) & (bottom-left-square-x <= 0.5) & (top-left-square-b > 0.5),(middle-middle-square-o <= 0.5) & (top-left-square-o <= 0.5) & (bottom-right-square-o > 0.5) & (top-right-square-o > 0.5) & (middle-right-square-o <= 0.5) & (bottom-middle-square-o <= 0.5) & (middle-left-square-o <= 0.5),,
516,7,8,12,7,5,,,(bottom-right-square-o <= 0.5) & (top-right-square-o > 0.5) & (middle-right-square-x <= 0.5) & (bottom-left-square-o <= 0.5) & (top-left-square-o <= 0.5) & (top-middle-square-x > 0.5) & (middle-left-square-o <= 0.5),(middle-middle-square-o > 0.5) & (bottom-left-square-x > 0.5) & (top-left-square-x <= 0.5) & (bottom-middle-square-x > 0.5) & (top-middle-square-x > 0.5) & (top-right-square-o > 0.5) & (middle-left-square-x <= 0.5) & (middle-right-square-x <= 0.5),(middle-middle-square-o > 0.5) & (bottom-right-square-x > 0.5) & (top-right-square-x <= 0.5) & (bottom-middle-square-x > 0.5) & (top-middle-square-x > 0.5) & (top-left-square-o <= 0.5) & (top-left-square-x <= 0.5) & (middle-left-square-x <= 0.5) & (top-right-square-o > 0.5) & (middle-right-square-x <= 0.5) & (middle-left-square-o <= 0.5) & (middle-right-square-o > 0.5),(middle-middle-square-o > 0.5) & (top-right-square-x <= 0.5) & (bottom-left-square-x > 0.5) & (top-middle-square-x > 0.5) & (bottom-right-square-o <= 0.5) & (middle-left-square-o <= 0.5) & (top-left-square-o <= 0.5),(middle-middle-square-o > 0.5) & (bottom-right-square-x > 0.5) & (top-right-square-x <= 0.5) & (bottom-left-square-x > 0.5) & (bottom-middle-square-x > 0.5),,
517,7,6,6,6,7,,,(bottom-right-square-o > 0.5) & (top-right-square-o <= 0.5) & (middle-right-square-x <= 0.5) & (top-left-square-o <= 0.5) & (bottom-left-square-o > 0.5) & (bottom-middle-square-o <= 0.5) & (top-middle-square-o <= 0.5),(middle-middle-square-o <= 0.5) & (top-right-square-o <= 0.5) & (bottom-left-square-o > 0.5) & (top-left-square-o <= 0.5) & (bottom-middle-square-o <= 0.5) & (top-middle-square-o <= 0.5),(middle-middle-square-o <= 0.5) & (top-left-square-o <= 0.5) & (bottom-right-square-o > 0.5) & (top-right-square-o <= 0.5) & (bottom-middle-square-o <= 0.5) & (top-middle-square-o <= 0.5),(middle-middle-square-o <= 0.5) & (bottom-left-square-o > 0.5) & (top-left-square-o <= 0.5) & (bottom-right-square-o > 0.5) & (bottom-middle-square-o <= 0.5) & (top-left-square-b > 0.5),(middle-middle-square-o <= 0.5) & (top-left-square-o <= 0.5) & (bottom-right-square-o > 0.5) & (top-right-square-o <= 0.5) & (bottom-left-square-o > 0.5) & (bottom-middle-square-o <= 0.5) & (top-left-square-b > 0.5),,
518,8,6,6,6,7,,,(bottom-right-square-o > 0.5) & (top-right-square-o <= 0.5) & (middle-right-square-x > 0.5) & (top-middle-square-o <= 0.5) & (middle-left-square-b <= 0.5) & (bottom-left-square-o > 0.5) & (bottom-middle-square-o <= 0.5) & (top-left-square-o <= 0.5),(middle-middle-square-o <= 0.5) & (top-right-square-o <= 0.5) & (bottom-left-square-o > 0.5) & (top-left-square-o <= 0.5) & (bottom-middle-square-o <= 0.5) & (top-middle-square-o <= 0.5),(middle-middle-square-o <= 0.5) & (top-left-square-o <= 0.5) & (bottom-right-square-o > 0.5) & (top-right-square-o <= 0.5) & (bottom-middle-square-o <= 0.5) & (top-middle-square-o <= 0.5),(middle-middle-square-o <= 0.5) & (bottom-left-square-o > 0.5) & (top-left-square-o <= 0.5) & (bottom-right-square-o > 0.5) & (bottom-middle-square-o <= 0.5) & (top-left-square-b > 0.5),(middle-middle-square-o <= 0.5) & (top-left-square-o <= 0.5) & (bottom-right-square-o > 0.5) & (top-right-square-o <= 0.5) & (bottom-left-square-o > 0.5) & (bottom-middle-square-o <= 0.5) & (top-left-square-b > 0.5),,
519,12,3,6,3,5,,,(bottom-right-square-o > 0.5) & (top-right-square-o <= 0.5) & (middle-right-square-x <= 0.5) & (top-left-square-o <= 0.5) & (bottom-left-square-o <= 0.5) & (bottom-middle-square-x > 0.5) & (middle-left-square-o > 0.5) & (bottom-left-square-b <= 0.5) & (top-middle-square-o <= 0.5) & (top-left-square-b > 0.5) & (top-middle-square-b <= 0.5) & (top-right-square-b > 0.5),(middle-middle-square-o <= 0.5) & (top-right-square-o <= 0.5) & (bottom-left-square-o <= 0.5),(middle-middle-square-o <= 0.5) & (top-left-square-o <= 0.5) & (bottom-right-square-o > 0.5) & (top-right-square-o <= 0.5) & (bottom-middle-square-o <= 0.5) & (top-middle-square-o <= 0.5),(middle-middle-square-o <= 0.5) & (bottom-left-square-o <= 0.5) & (top-right-square-o <= 0.5),(middle-middle-square-o <= 0.5) & (top-left-square-o <= 0.5) & (bottom-right-square-o > 0.5) & (top-right-square-o <= 0.5) & (bottom-left-square-o <= 0.5),,
520,11,6,3,4,3,,,(bottom-right-square-o <= 0.5) & (top-right-square-o <= 0.5) & (middle-left-square-b <= 0.5) & (bottom-middle-square-x > 0.5) & (bottom-left-square-x <= 0.5) & (top-left-square-o <= 0.5) & (middle-right-square-o > 0.5) & (bottom-left-square-o > 0.5) & (bottom-right-square-x > 0.5) & (top-right-square-b > 0.5) & (top-left-square-x <= 0.5),(middle-middle-square-o <= 0.5) & (top-right-square-o <= 0.5) & (bottom-left-square-o > 0.5) & (top-left-square-o <= 0.5) & (bottom-middle-square-o <= 0.5) & (top-middle-square-o <= 0.5),(middle-middle-square-o <= 0.5) & (top-left-square-o <= 0.5) & (bottom-right-square-o <= 0.5),(middle-middle-square-o <= 0.5) & (bottom-left-square-o > 0.5) & (top-left-square-o <= 0.5) & (bottom-right-square-o <= 0.5),(middle-middle-square-o <= 0.5) & (top-left-square-o <= 0.5) & (bottom-right-square-o <= 0.5),,
521,12,3,3,3,3,,,(bottom-right-square-o <= 0.5) & (top-right-square-o <= 0.5) & (middle-left-square-b <= 0.5) & (bottom-middle-square-x > 0.5) & (bottom-left-square-x <= 0.5) & (top-left-square-o <= 0.5) & (middle-right-square-o > 0.5) & (bottom-left-square-o <= 0.5) & (top-right-square-x <= 0.5) & (top-middle-square-o <= 0.5) & (top-left-square-x <= 0.5) & (bottom-right-square-x <= 0.5),(middle-middle-square-o <= 0.5) & (top-right-square-o <= 0.5) & (bottom-left-square-o <= 0.5),(middle-middle-square-o <= 0.5) & (top-left-square-o <= 0.5) & (bottom-right-square-o <= 0.5),(middle-middle-square-o <= 0.5) & (bottom-left-square-o <= 0.5) & (top-right-square-o <= 0.5),(middle-middle-square-o <= 0.5) & (top-left-square-o <= 0.5) & (bottom-right-square-o <= 0.5),,
522,7,6,3,4,3,,,(bottom-right-square-o <= 0.5) & (top-right-square-o <= 0.5) & (middle-left-square-b <= 0.5) & (bottom-middle-square-x > 0.5) & (bottom-left-square-x <= 0.5) & (top-left-square-o <= 0.5) & (middle-right-square-o <= 0.5),(middle-middle-square-o <= 0.5) & (top-right-square-o <= 0.5) & (bottom-left-square-o > 0.5) & (top-left-square-o <= 0.5) & (bottom-middle-square-o <= 0.5) & (top-middle-square-o <= 0.5),(middle-middle-square-o <= 0.5) & (top-left-square-o <= 0.5) & (bottom-right-square-o <= 0.5),(middle-middle-square-o <= 0.5) & (bottom-left-square-o > 0.5) & (top-left-square-o <= 0.5) & (bottom-right-square-o <= 0.5),(middle-middle-square-o <= 0.5) & (top-left-square-o <= 0.5) & (bottom-right-square-o <= 0.5),,
523,8,3,6,3,5,,,(bottom-right-square-o > 0.5) & (top-right-square-o <= 0.5) & (middle-right-square-x <= 0.5) & (top-left-square-o <= 0.5) & (bottom-left-square-o <= 0.5) & (bottom-middle-square-x > 0.5) & (middle-left-square-o > 0.5) & (bottom-left-square-b > 0.5),(middle-middle-square-o <= 0.5) & (top-right-square-o <= 0.5) & (bottom-left-square-o <= 0.5),(middle-middle-square-o <= 0.5) & (top-left-square-o <= 0.5) & (bottom-right-square-o > 0.5) & (top-right-square-o <= 0.5) & (bottom-middle-square-o <= 0.5) & (top-middle-square-o <= 0.5),(middle-middle-square-o <= 0.5) & (bottom-left-square-o <= 0.5) & (top-right-square-o <= 0.5),(middle-middle-square-o <= 0.5) & (top-left-square-o <= 0.5) & (bottom-right-square-o > 0.5) & (top-right-square-o <= 0.5) & (bottom-left-square-o <= 0.5),,
524,4,6,3,4,3,,,(bottom-right-square-o <= 0.5) & (top-right-square-o <= 0.5) & (middle-left-square-b > 0.5) & (bottom-middle-square-o <= 0.5),(middle-middle-square-o <= 0.5) & (top-right-square-o <= 0.5) & (bottom-left-square-o > 0.5) & (top-left-square-o <= 0.5) & (bottom-middle-square-o <= 0.5) & (top-middle-square-o <= 0.5),(middle-middle-square-o <= 0.5) & (top-left-square-o <= 0.5) & (bottom-right-square-o <= 0.5),(middle-middle-square-o <= 0.5) & (bottom-left-square-o > 0.5) & (top-left-square-o <= 0.5) & (bottom-right-square-o <= 0.5),(middle-middle-square-o <= 0.5) & (top-left-square-o <= 0.5) & (bottom-right-square-o <= 0.5),,
525,7,3,6,3,5,,,(bottom-right-square-o > 0.5) & (top-right-square-o <= 0.5) & (middle-right-square-x <= 0.5) & (top-left-square-o <= 0.5) & (bottom-left-square-o <= 0.5) & (bottom-middle-square-x > 0.5) & (middle-left-square-o <= 0.5),(middle-middle-square-o <= 0.5) & (top-right-square-o <= 0.5) & (bottom-left-square-o <= 0.5),(middle-middle-square-o <= 0.5) & (top-left-square-o <= 0.5) & (bottom-right-square-o > 0.5) & (top-right-square-o <= 0.5) & (bottom-middle-square-o <= 0.5) & (top-middle-square-o <= 0.5),(middle-middle-square-o <= 0.5) & (bottom-left-square-o <= 0.5) & (top-right-square-o <= 0.5),(middle-middle-square-o <= 0.5) & (top-left-square-o <= 0.5) & (bottom-right-square-o > 0.5) & (top-right-square-o <= 0.5) & (bottom-left-square-o <= 0.5),,
526,7,6,6,6,7,,,(bottom-right-square-o > 0.5) & (top-right-square-o <= 0.5) & (middle-right-square-x <= 0.5) & (top-left-square-o <= 0.5) & (bottom-left-square-o > 0.5) & (bottom-middle-square-o <= 0.5) & (top-middle-square-o <= 0.5),(middle-middle-square-o <= 0.5) & (top-right-square-o <= 0.5) & (bottom-left-square-o > 0.5) & (top-left-square-o <= 0.5) & (bottom-middle-square-o <= 0.5) & (top-middle-square-o <= 0.5),(middle-middle-square-o <= 0.5) & (top-left-square-o <= 0.5) & (bottom-right-square-o > 0.5) & (top-right-square-o <= 0.5) & (bottom-middle-square-o <= 0.5) & (top-middle-square-o <= 0.5),(middle-middle-square-o <= 0.5) & (bottom-left-square-o > 0.5) & (top-left-square-o <= 0.5) & (bottom-right-square-o > 0.5) & (bottom-middle-square-o <= 0.5) & (top-left-square-b > 0.5),(middle-middle-square-o <= 0.5) & (top-left-square-o <= 0.5) & (bottom-right-square-o > 0.5) & (top-right-square-o <= 0.5) & (bottom-left-square-o > 0.5) & (bottom-middle-square-o <= 0.5) & (top-left-square-b > 0.5),,
527,12,7,3,4,3,,,(bottom-right-square-o <= 0.5) & (top-right-square-o <= 0.5) & (middle-left-square-b <= 0.5) & (bottom-middle-square-x <= 0.5) & (top-middle-square-b <= 0.5) & (top-left-square-x <= 0.5) & (middle-right-square-x > 0.5) & (top-right-square-x > 0.5) & (bottom-right-square-b > 0.5) & (top-middle-square-o > 0.5) & (middle-left-square-x > 0.5) & (bottom-left-square-o > 0.5),(middle-middle-square-o <= 0.5) & (top-right-square-o <= 0.5) & (bottom-left-square-o > 0.5) & (top-left-square-o <= 0.5) & (bottom-middle-square-o > 0.5) & (top-middle-square-o > 0.5) & (top-left-square-b > 0.5),(middle-middle-square-o <= 0.5) & (top-left-square-o <= 0.5) & (bottom-right-square-o <= 0.5),(middle-middle-square-o <= 0.5) & (bottom-left-square-o > 0.5) & (top-left-square-o <= 0.5) & (bottom-right-square-o <= 0.5),(middle-middle-square-o <= 0.5) & (top-left-square-o <= 0.5) & (bottom-right-square-o <= 0.5),,
528,7,7,7,6,7,,,(bottom-right-square-o > 0.5) & (top-right-square-o <= 0.5) & (middle-right-square-x > 0.5) & (top-middle-square-o > 0.5) & (top-right-square-b <= 0.5) & (top-left-square-x <= 0.5) & (bottom-left-square-o > 0.5),(middle-middle-square-o <= 0.5) & (top-right-square-o <= 0.5) & (bottom-left-square-o > 0.5) & (top-left-square-o <= 0.5) & (bottom-middle-square-o <= 0.5) & (top-middle-square-o > 0.5) & (bottom-middle-square-x <= 0.5),(middle-middle-square-o <= 0.5) & (top-left-square-o <= 0.5) & (bottom-right-square-o > 0.5) & (top-right-square-o <= 0.5) & (bottom-middle-square-o <= 0.5) & (top-middle-square-o > 0.5) & (bottom-middle-square-x <= 0.5),(middle-middle-square-o <= 0.5) & (bottom-left-square-o > 0.5) & (top-left-square-o <= 0.5) & (bottom-right-square-o > 0.5) & (bottom-middle-square-o <= 0.5) & (top-left-square-b > 0.5),(middle-middle-square-o <= 0.5) & (top-left-square-o <= 0.5) & (bottom-right-square-o > 0.5) & (top-right-square-o <= 0.5) & (bottom-left-square-o > 0.5) & (bottom-middle-square-o <= 0.5) & (top-left-square-b > 0.5),,
529,10,3,7,3,5,,,(bottom-right-square-o > 0.5) & (top-right-square-o <= 0.5) & (middle-right-square-x > 0.5) & (top-middle-square-o > 0.5) & (top-right-square-b <= 0.5) & (top-left-square-x <= 0.5) & (bottom-left-square-o <= 0.5) & (bottom-middle-square-x <= 0.5) & (middle-left-square-x > 0.5) & (bottom-left-square-x <= 0.5),(middle-middle-square-o <= 0.5) & (top-right-square-o <= 0.5) & (bottom-left-square-o <= 0.5),(middle-middle-square-o <= 0.5) & (top-left-square-o <= 0.5) & (bottom-right-square-o > 0.5) & (top-right-square-o <= 0.5) & (bottom-middle-square-o > 0.5) & (top-middle-square-o > 0.5) & (top-left-square-x <= 0.5),(middle-middle-square-o <= 0.5) & (bottom-left-square-o <= 0.5) & (top-right-square-o <= 0.5),(middle-middle-square-o <= 0.5) & (top-left-square-o <= 0.5) & (bottom-right-square-o > 0.5) & (top-right-square-o <= 0.5) & (bottom-left-square-o <= 0.5),,
530,13,3,3,3,3,,,(bottom-right-square-o <= 0.5) & (top-right-square-o <= 0.5) & (middle-left-square-b <= 0.5) & (bottom-middle-square-x <= 0.5) & (top-middle-square-b <= 0.5) & (top-left-square-x <= 0.5) & (middle-right-square-x <= 0.5) & (bottom-left-square-x > 0.5) & (top-right-square-x > 0.5) & (bottom-right-square-b > 0.5) & (top-left-square-o <= 0.5) & (middle-left-square-x > 0.5) & (middle-right-square-b <= 0.5),(middle-middle-square-o <= 0.5) & (top-right-square-o <= 0.5) & (bottom-left-square-o <= 0.5),(middle-middle-square-o <= 0.5) & (top-left-square-o <= 0.5) & (bottom-right-square-o <= 0.5),(middle-middle-square-o <= 0.5) & (bottom-left-square-o <= 0.5) & (top-right-square-o <= 0.5),(middle-middle-square-o <= 0.5) & (top-left-square-o <= 0.5) & (bottom-right-square-o <= 0.5),,
531,6,3,7,3,5,,,(bottom-right-square-o > 0.5) & (top-right-square-o <= 0.5) & (middle-right-square-x <= 0.5) & (top-left-square-o <= 0.5) & (bottom-left-square-o <= 0.5) & (bottom-middle-square-x <= 0.5),(middle-middle-square-o <= 0.5) & (top-right-square-o <= 0.5) & (bottom-left-square-o <= 0.5),(middle-middle-square-o <= 0.5) & (top-left-square-o <= 0.5) & (bottom-right-square-o > 0.5) & (top-right-square-o <= 0.5) & (bottom-middle-square-o <= 0.5) & (top-middle-square-o > 0.5) & (bottom-middle-square-x <= 0.5),(middle-middle-square-o <= 0.5) & (bottom-left-square-o <= 0.5) & (top-right-square-o <= 0.5),(middle-middle-square-o <= 0.5) & (top-left-square-o <= 0.5) & (bottom-right-square-o > 0.5) & (top-right-square-o <= 0.5) & (bottom-left-square-o <= 0.5),,
532,6,3,7,3,5,,,(bottom-right-square-o > 0.5) & (top-right-square-o <= 0.5) & (middle-right-square-x <= 0.5) & (top-left-square-o <= 0.5) & (bottom-left-square-o <= 0.5) & (bottom-middle-square-x <= 0.5),(middle-middle-square-o <= 0.5) & (top-right-square-o <= 0.5) & (bottom-left-square-o <= 0.5),(middle-middle-square-o <= 0.5) & (top-left-square-o <= 0.5) & (bottom-right-square-o > 0.5) & (top-right-square-o <= 0.5) & (bottom-middle-square-o > 0.5) & (top-middle-square-o > 0.5) & (top-left-square-x <= 0.5),(middle-middle-square-o <= 0.5) & (bottom-left-square-o <= 0.5) & (top-right-square-o <= 0.5),(middle-middle-square-o <= 0.5) & (top-left-square-o <= 0.5) & (bottom-right-square-o > 0.5) & (top-right-square-o <= 0.5) & (bottom-left-square-o <= 0.5),,
533,9,6,4,4,7,4,,(bottom-right-square-o <= 0.5) & (top-right-square-o <= 0.5) & (middle-left-square-b <= 0.5) & (bottom-middle-square-x <= 0.5) & (top-middle-square-b <= 0.5) & (top-left-square-x <= 0.5) & (middle-right-square-x > 0.5) & (top-right-square-x > 0.5) & (bottom-right-square-b <= 0.5),(middle-middle-square-o > 0.5) & (bottom-left-square-x <= 0.5) & (top-right-square-x > 0.5) & (bottom-middle-square-x <= 0.5) & (top-middle-square-o > 0.5) & (bottom-middle-square-o <= 0.5),(middle-middle-square-o > 0.5) & (bottom-right-square-x > 0.5) & (top-right-square-x > 0.5) & (middle-right-square-x > 0.5),(middle-middle-square-o > 0.5) & (bottom-right-square-x > 0.5) & (top-right-square-x > 0.5) & (middle-right-square-x > 0.5),(middle-middle-square-o > 0.5) & (top-right-square-x > 0.5) & (top-left-square-x <= 0.5) & (bottom-right-square-x > 0.5) & (top-middle-square-x <= 0.5) & (bottom-middle-square-o <= 0.5) & (middle-left-square-o <= 0.5),(middle-middle-square-o > 0.5) & (bottom-right-square-x > 0.5) & (top-right-square-x > 0.5) & (middle-right-square-x > 0.5),
534,9,7,3,4,3,,,(bottom-right-square-o <= 0.5) & (top-right-square-o <= 0.5) & (middle-left-square-b <= 0.5) & (bottom-middle-square-x <= 0.5) & (top-middle-square-b <= 0.5) & (top-left-square-x <= 0.5) & (middle-right-square-x > 0.5) & (top-right-square-x > 0.5) & (bottom-right-square-b <= 0.5),(middle-middle-square-o <= 0.5) & (top-right-square-o <= 0.5) & (bottom-left-square-o > 0.5) & (top-left-square-o <= 0.5) & (bottom-middle-square-o > 0.5) & (top-middle-square-o > 0.5) & (top-left-square-b > 0.5),(middle-middle-square-o <= 0.5) & (top-left-square-o <= 0.5) & (bottom-right-square-o <= 0.5),(middle-middle-square-o <= 0.5) & (bottom-left-square-o > 0.5) & (top-left-square-o <= 0.5) & (bottom-right-square-o <= 0.5),(middle-middle-square-o <= 0.5) & (top-left-square-o <= 0.5) & (bottom-right-square-o <= 0.5),,
535,11,3,3,3,3,,,(bottom-right-square-o <= 0.5) & (top-right-square-o <= 0.5) & (middle-left-square-b <= 0.5) & (bottom-middle-square-x <= 0.5) & (top-middle-square-b <= 0.5) & (top-left-square-x <= 0.5) & (middle-right-square-x > 0.5) & (top-right-square-x > 0.5) & (bottom-right-square-b > 0.5) & (top-middle-square-o > 0.5) & (middle-left-square-x <= 0.5),(middle-middle-square-o <= 0.5) & (top-right-square-o <= 0.5) & (bottom-left-square-o <= 0.5),(middle-middle-square-o <= 0.5) & (top-left-square-o <= 0.5) & (bottom-right-square-o <= 0.5),(middle-middle-square-o <= 0.5) & (bottom-left-square-o <= 0.5) & (top-right-square-o <= 0.5),(middle-middle-square-o <= 0.5) & (top-left-square-o <= 0.5) & (bottom-right-square-o <= 0.5),,
536,9,3,7,3,5,,,(bottom-right-square-o > 0.5) & (top-right-square-o <= 0.5) & (middle-right-square-x > 0.5) & (top-middle-square-o > 0.5) & (top-right-square-b <= 0.5) & (top-left-square-x <= 0.5) & (bottom-left-square-o <= 0.5) & (bottom-middle-square-x <= 0.5) & (middle-left-square-x <= 0.5),(middle-middle-square-o <= 0.5) & (top-right-square-o <= 0.5) & (bottom-left-square-o <= 0.5),(middle-middle-square-o <= 0.5) & (top-left-square-o <= 0.5) & (bottom-right-square-o > 0.5) & (top-right-square-o <= 0.5) & (bottom-middle-square-o <= 0.5) & (top-middle-square-o > 0.5) & (bottom-middle-square-x <= 0.5),(middle-middle-square-o <= 0.5) & (bottom-left-square-o <= 0.5) & (top-right-square-o <= 0.5),(middle-middle-square-o <= 0.5) & (top-left-square-o <= 0.5) & (bottom-right-square-o > 0.5) & (top-right-square-o <= 0.5) & (bottom-left-square-o <= 0.5),,
537,9,7,3,4,3,,,(bottom-right-square-o <= 0.5) & (top-right-square-o <= 0.5) & (middle-left-square-b <= 0.5) & (bottom-middle-square-x <= 0.5) & (top-middle-square-b <= 0.5) & (top-left-square-x <= 0.5) & (middle-right-square-x > 0.5) & (top-right-square-x > 0.5) & (bottom-right-square-b <= 0.5),(middle-middle-square-o <= 0.5) & (top-right-square-o <= 0.5) & (bottom-left-square-o > 0.5) & (top-left-square-o <= 0.5) & (bottom-middle-square-o <= 0.5) & (top-middle-square-o > 0.5) & (bottom-middle-square-x <= 0.5),(middle-middle-square-o <= 0.5) & (top-left-square-o <= 0.5) & (bottom-right-square-o <= 0.5),(middle-middle-square-o <= 0.5) & (bottom-left-square-o > 0.5) & (top-left-square-o <= 0.5) & (bottom-right-square-o <= 0.5),(middle-middle-square-o <= 0.5) & (top-left-square-o <= 0.5) & (bottom-right-square-o <= 0.5),,
538,9,3,3,3,3,,,(bottom-right-square-o <= 0.5) & (top-right-square-o <= 0.5) & (middle-left-square-b <= 0.5) & (bottom-middle-square-x <= 0.5) & (top-middle-square-b <= 0.5) & (top-left-square-x <= 0.5) & (middle-right-square-x > 0.5) & (top-right-square-x > 0.5) & (bottom-right-square-b <= 0.5),(middle-middle-square-o <= 0.5) & (top-right-square-o <= 0.5) & (bottom-left-square-o <= 0.5),(middle-middle-square-o <= 0.5) & (top-left-square-o <= 0.5) & (bottom-right-square-o <= 0.5),(middle-middle-square-o <= 0.5) & (bottom-left-square-o <= 0.5) & (top-right-square-o <= 0.5),(middle-middle-square-o <= 0.5) & (top-left-square-o <= 0.5) & (bottom-right-square-o <= 0.5),,
539,8,3,3,3,3,,,(bottom-right-square-o <= 0.5) & (top-right-square-o <= 0.5) & (middle-left-square-b <= 0.5) & (bottom-middle-square-x > 0.5) & (bottom-left-square-x > 0.5) & (bottom-right-square-b > 0.5) & (top-middle-square-o > 0.5) & (top-left-square-x <= 0.5),(middle-middle-square-o <= 0.5) & (top-right-square-o <= 0.5) & (bottom-left-square-o <= 0.5),(middle-middle-square-o <= 0.5) & (top-left-square-o <= 0.5) & (bottom-right-square-o <= 0.5),(middle-middle-square-o <= 0.5) & (bottom-left-square-o <= 0.5) & (top-right-square-o <= 0.5),(middle-middle-square-o <= 0.5) & (top-left-square-o <= 0.5) & (bottom-right-square-o <= 0.5),,
540,12,3,3,3,3,,,(bottom-right-square-o <= 0.5) & (top-right-square-o <= 0.5) & (middle-left-square-b <= 0.5) & (bottom-middle-square-x <= 0.5) & (top-middle-square-b <= 0.5) & (top-left-square-x <= 0.5) & (middle-right-square-x <= 0.5) & (bottom-left-square-x > 0.5) & (top-right-square-x > 0.5) & (bottom-right-square-b <= 0.5) & (middle-left-square-x <= 0.5) & (top-middle-square-x <= 0.5),(middle-middle-square-o <= 0.5) & (top-right-square-o <= 0.5) & (bottom-left-square-o <= 0.5),(middle-middle-square-o <= 0.5) & (top-left-square-o <= 0.5) & (bottom-right-square-o <= 0.5),(middle-middle-square-o <= 0.5) & (bottom-left-square-o <= 0.5) & (top-right-square-o <= 0.5),(middle-middle-square-o <= 0.5) & (top-left-square-o <= 0.5) & (bottom-right-square-o <= 0.5),,
541,9,3,8,3,5,,,(bottom-right-square-o > 0.5) & (top-right-square-o <= 0.5) & (middle-right-square-x <= 0.5) & (top-left-square-o <= 0.5) & (bottom-left-square-o <= 0.5) & (bottom-middle-square-x > 0.5) & (middle-left-square-o > 0.5) & (bottom-left-square-b <= 0.5) & (top-middle-square-o > 0.5),(middle-middle-square-o <= 0.5) & (top-right-square-o <= 0.5) & (bottom-left-square-o <= 0.5),(middle-middle-square-o <= 0.5) & (top-left-square-o <= 0.5) & (bottom-right-square-o > 0.5) & (top-right-square-o <= 0.5) & (bottom-middle-square-o <= 0.5) & (top-middle-square-o > 0.5) & (bottom-middle-square-x > 0.5) & (top-left-square-b > 0.5),(middle-middle-square-o <= 0.5) & (bottom-left-square-o <= 0.5) & (top-right-square-o <= 0.5),(middle-middle-square-o <= 0.5) & (top-left-square-o <= 0.5) & (bottom-right-square-o > 0.5) & (top-right-square-o <= 0.5) & (bottom-left-square-o <= 0.5),,
542,12,3,3,3,3,,,(bottom-right-square-o <= 0.5) & (top-right-square-o <= 0.5) & (middle-left-square-b <= 0.5) & (bottom-middle-square-x <= 0.5) & (top-middle-square-b <= 0.5) & (top-left-square-x <= 0.5) & (middle-right-square-x <= 0.5) & (bottom-left-square-x > 0.5) & (top-right-square-x > 0.5) & (bottom-right-square-b <= 0.5) & (middle-left-square-x <= 0.5) & (top-middle-square-x <= 0.5),(middle-middle-square-o <= 0.5) & (top-right-square-o <= 0.5) & (bottom-left-square-o <= 0.5),(middle-middle-square-o <= 0.5) & (top-left-square-o <= 0.5) & (bottom-right-square-o <= 0.5),(middle-middle-square-o <= 0.5) & (bottom-left-square-o <= 0.5) & (top-right-square-o <= 0.5),(middle-middle-square-o <= 0.5) & (top-left-square-o <= 0.5) & (bottom-right-square-o <= 0.5),,
543,14,3,3,3,3,,,(bottom-right-square-o <= 0.5) & (top-right-square-o <= 0.5) & (middle-left-square-b <= 0.5) & (bottom-middle-square-x <= 0.5) & (top-middle-square-b <= 0.5) & (top-left-square-x <= 0.5) & (middle-right-square-x <= 0.5) & (bottom-left-square-x > 0.5) & (top-right-square-x > 0.5) & (bottom-right-square-b > 0.5) & (top-left-square-o <= 0.5) & (middle-left-square-x <= 0.5) & (bottom-middle-square-o <= 0.5) & (middle-right-square-o <= 0.5),(middle-middle-square-o <= 0.5) & (top-right-square-o <= 0.5) & (bottom-left-square-o <= 0.5),(middle-middle-square-o <= 0.5) & (top-left-square-o <= 0.5) & (bottom-right-square-o <= 0.5),(middle-middle-square-o <= 0.5) & (bottom-left-square-o <= 0.5) & (top-right-square-o <= 0.5),(middle-middle-square-o <= 0.5) & (top-left-square-o <= 0.5) & (bottom-right-square-o <= 0.5),,
544,9,8,4,4,8,4,,(bottom-right-square-o <= 0.5) & (top-right-square-o <= 0.5) & (middle-left-square-b <= 0.5) & (bottom-middle-square-x <= 0.5) & (top-middle-square-b <= 0.5) & (top-left-square-x <= 0.5) & (middle-right-square-x > 0.5) & (top-right-square-x > 0.5) & (bottom-right-square-b <= 0.5),(middle-middle-square-o > 0.5) & (bottom-left-square-x > 0.5) & (top-left-square-x <= 0.5) & (bottom-middle-square-x <= 0.5) & (middle-left-square-x <= 0.5) & (middle-right-square-x > 0.5) & (middle-left-square-b <= 0.5) & (top-middle-square-x <= 0.5),(middle-middle-square-o > 0.5) & (bottom-right-square-x > 0.5) & (top-right-square-x > 0.5) & (middle-right-square-x > 0.5),(middle-middle-square-o > 0.5) & (bottom-right-square-x > 0.5) & (top-right-square-x > 0.5) & (middle-right-square-x > 0.5),(middle-middle-square-o > 0.5) & (top-right-square-x > 0.5) & (top-left-square-x <= 0.5) & (bottom-right-square-x > 0.5) & (top-middle-square-x <= 0.5) & (bottom-middle-square-o <= 0.5) & (middle-left-square-o > 0.5) & (top-middle-square-b <= 0.5),(middle-middle-square-o > 0.5) & (bottom-right-square-x > 0.5) & (top-right-square-x > 0.5) & (middle-right-square-x > 0.5),
545,7,7,4,4,8,4,,(bottom-right-square-o <= 0.5) & (top-right-square-o <= 0.5) & (middle-left-square-b <= 0.5) & (bottom-middle-square-x > 0.5) & (bottom-left-square-x <= 0.5) & (top-left-square-o <= 0.5) & (middle-right-square-o <= 0.5),(middle-middle-square-o > 0.5) & (bottom-left-square-x <= 0.5) & (top-right-square-x > 0.5) & (bottom-middle-square-x > 0.5) & (top-left-square-o <= 0.5) & (middle-right-square-o <= 0.5) & (middle-left-square-x <= 0.5),(middle-middle-square-o > 0.5) & (bottom-right-square-x > 0.5) & (top-right-square-x > 0.5) & (middle-right-square-x > 0.5),(middle-middle-square-o > 0.5) & (bottom-right-square-x > 0.5) & (top-right-square-x > 0.5) & (middle-right-square-x > 0.5),(middle-middle-square-o > 0.5) & (top-right-square-x > 0.5) & (top-left-square-x <= 0.5) & (bottom-right-square-x > 0.5) & (top-middle-square-x <= 0.5) & (bottom-middle-square-o <= 0.5) & (middle-left-square-o > 0.5) & (top-middle-square-b <= 0.5),(middle-middle-square-o > 0.5) & (bottom-right-square-x > 0.5) & (top-right-square-x > 0.5) & (middle-right-square-x > 0.5),
546,6,8,8,8,10,,,(bottom-right-square-o <= 0.5) & (top-right-square-o <= 0.5) & (middle-left-square-b <= 0.5) & (bottom-middle-square-x > 0.5) & (bottom-left-square-x > 0.5) & (bottom-right-square-b <= 0.5),(middle-middle-square-o > 0.5) & (bottom-left-square-x > 0.5) & (top-left-square-x <= 0.5) & (bottom-middle-square-x > 0.5) & (top-middle-square-x <= 0.5) & (top-left-square-b > 0.5) & (top-right-square-x > 0.5) & (top-middle-square-o > 0.5),(middle-middle-square-o > 0.5) & (bottom-right-square-x > 0.5) & (top-right-square-x > 0.5) & (middle-right-square-x <= 0.5) & (middle-left-square-b <= 0.5) & (middle-right-square-b > 0.5) & (middle-left-square-x <= 0.5) & (top-left-square-b > 0.5),(middle-middle-square-o > 0.5) & (top-right-square-x > 0.5) & (top-left-square-x <= 0.5) & (bottom-right-square-x > 0.5) & (top-middle-square-x <= 0.5) & (bottom-middle-square-o <= 0.5) & (middle-left-square-o > 0.5) & (top-middle-square-b <= 0.5),(middle-middle-square-o > 0.5) & (bottom-right-square-x > 0.5) & (top-right-square-x > 0.5) & (middle-right-square-x <= 0.5) & (middle-left-square-b <= 0.5) & (middle-right-square-b > 0.5) & (middle-left-square-x <= 0.5) & (bottom-middle-square-b <= 0.5) & (bottom-left-square-o <= 0.5) & (bottom-middle-square-x > 0.5),,
547,9,3,3,3,3,,,(bottom-right-square-o <= 0.5) & (top-right-square-o <= 0.5) & (middle-left-square-b <= 0.5) & (bottom-middle-square-x <= 0.5) & (top-middle-square-b <= 0.5) & (top-left-square-x <= 0.5) & (middle-right-square-x > 0.5) & (top-right-square-x > 0.5) & (bottom-right-square-b <= 0.5),(middle-middle-square-o <= 0.5) & (top-right-square-o <= 0.5) & (bottom-left-square-o <= 0.5),(middle-middle-square-o <= 0.5) & (top-left-square-o <= 0.5) & (bottom-right-square-o <= 0.5),(middle-middle-square-o <= 0.5) & (bottom-left-square-o <= 0.5) & (top-right-square-o <= 0.5),(middle-middle-square-o <= 0.5) & (top-left-square-o <= 0.5) & (bottom-right-square-o <= 0.5),,
548,7,9,3,4,3,,,(bottom-right-square-o <= 0.5) & (top-right-square-o <= 0.5) & (middle-left-square-b <= 0.5) & (bottom-middle-square-x > 0.5) & (bottom-left-square-x <= 0.5) & (top-left-square-o <= 0.5) & (middle-right-square-o <= 0.5),(middle-middle-square-o <= 0.5) & (top-right-square-o <= 0.5) & (bottom-left-square-o > 0.5) & (top-left-square-o <= 0.5) & (bottom-middle-square-o <= 0.5) & (top-middle-square-o > 0.5) & (bottom-middle-square-x > 0.5) & (top-right-square-x > 0.5) & (middle-middle-square-x <= 0.5),(middle-middle-square-o <= 0.5) & (top-left-square-o <= 0.5) & (bottom-right-square-o <= 0.5),(middle-middle-square-o <= 0.5) & (bottom-left-square-o > 0.5) & (top-left-square-o <= 0.5) & (bottom-right-square-o <= 0.5),(middle-middle-square-o <= 0.5) & (top-left-square-o <= 0.5) & (bottom-right-square-o <= 0.5),,
549,9,3,3,3,3,,,(bottom-right-square-o <= 0.5) & (top-right-square-o <= 0.5) & (middle-left-square-b <= 0.5) & (bottom-middle-square-x <= 0.5) & (top-middle-square-b <= 0.5) & (top-left-square-x <= 0.5) & (middle-right-square-x > 0.5) & (top-right-square-x > 0.5) & (bottom-right-square-b <= 0.5),(middle-middle-square-o <= 0.5) & (top-right-square-o <= 0.5) & (bottom-left-square-o <= 0.5),(middle-middle-square-o <= 0.5) & (top-left-square-o <= 0.5) & (bottom-right-square-o <= 0.5),(middle-middle-square-o <= 0.5) & (bottom-left-square-o <= 0.5) & (top-right-square-o <= 0.5),(middle-middle-square-o <= 0.5) & (top-left-square-o <= 0.5) & (bottom-right-square-o <= 0.5),,
550,6,3,3,3,3,,,(bottom-right-square-o <= 0.5) & (top-right-square-o <= 0.5) & (middle-left-square-b <= 0.5) & (bottom-middle-square-x > 0.5) & (bottom-left-square-x > 0.5) & (bottom-right-square-b <= 0.5),(middle-middle-square-o <= 0.5) & (top-right-square-o <= 0.5) & (bottom-left-square-o <= 0.5),(middle-middle-square-o <= 0.5) & (top-left-square-o <= 0.5) & (bottom-right-square-o <= 0.5),(middle-middle-square-o <= 0.5) & (bottom-left-square-o <= 0.5) & (top-right-square-o <= 0.5),(middle-middle-square-o <= 0.5) & (top-left-square-o <= 0.5) & (bottom-right-square-o <= 0.5),,
551,9,3,7,3,5,,,(bottom-right-square-o > 0.5) & (top-right-square-o <= 0.5) & (middle-right-square-x > 0.5) & (top-middle-square-o > 0.5) & (top-right-square-b <= 0.5) & (top-left-square-x <= 0.5) & (bottom-left-square-o <= 0.5) & (bottom-middle-square-x <= 0.5) & (middle-left-square-x <= 0.5),(middle-middle-square-o <= 0.5) & (top-right-square-o <= 0.5) & (bottom-left-square-o <= 0.5),(middle-middle-square-o <= 0.5) & (top-left-square-o <= 0.5) & (bottom-right-square-o > 0.5) & (top-right-square-o <= 0.5) & (bottom-middle-square-o > 0.5) & (top-middle-square-o > 0.5) & (top-left-square-x <= 0.5),(middle-middle-square-o <= 0.5) & (bottom-left-square-o <= 0.5) & (top-right-square-o <= 0.5),(middle-middle-square-o <= 0.5) & (top-left-square-o <= 0.5) & (bottom-right-square-o > 0.5) & (top-right-square-o <= 0.5) & (bottom-left-square-o <= 0.5),,
552,6,7,3,4,3,,,(bottom-right-square-o <= 0.5) & (top-right-square-o <= 0.5) & (middle-left-square-b > 0.5) & (bottom-middle-square-o > 0.5) & (top-middle-square-o > 0.5) & (bottom-left-square-o > 0.5),(middle-middle-square-o <= 0.5) & (top-right-square-o <= 0.5) & (bottom-left-square-o > 0.5) & (top-left-square-o <= 0.5) & (bottom-middle-square-o > 0.5) & (top-middle-square-o > 0.5) & (top-left-square-b > 0.5),(middle-middle-square-o <= 0.5) & (top-left-square-o <= 0.5) & (bottom-right-square-o <= 0.5),(middle-middle-square-o <= 0.5) & (bottom-left-square-o > 0.5) & (top-left-square-o <= 0.5) & (bottom-right-square-o <= 0.5),(middle-middle-square-o <= 0.5) & (top-left-square-o <= 0.5) & (bottom-right-square-o <= 0.5),,
553,7,3,8,3,5,,,(bottom-right-square-o > 0.5) & (top-right-square-o <= 0.5) & (middle-right-square-x <= 0.5) & (top-left-square-o <= 0.5) & (bottom-left-square-o <= 0.5) & (bottom-middle-square-x > 0.5) & (middle-left-square-o <= 0.5),(middle-middle-square-o <= 0.5) & (top-right-square-o <= 0.5) & (bottom-left-square-o <= 0.5),(middle-middle-square-o <= 0.5) & (top-left-square-o <= 0.5) & (bottom-right-square-o > 0.5) & (top-right-square-o <= 0.5) & (bottom-middle-square-o <= 0.5) & (top-middle-square-o > 0.5) & (bottom-middle-square-x > 0.5) & (top-left-square-b > 0.5),(middle-middle-square-o <= 0.5) & (bottom-left-square-o <= 0.5) & (top-right-square-o <= 0.5),(middle-middle-square-o <= 0.5) & (top-left-square-o <= 0.5) & (bottom-right-square-o > 0.5) & (top-right-square-o <= 0.5) & (bottom-left-square-o <= 0.5),,
554,9,3,3,3,3,,,(bottom-right-square-o <= 0.5) & (top-right-square-o <= 0.5) & (middle-left-square-b > 0.5) & (bottom-middle-square-o > 0.5) & (top-middle-square-o > 0.5) & (bottom-left-square-o <= 0.5) & (top-left-square-o <= 0.5) & (middle-right-square-o > 0.5) & (top-left-square-x <= 0.5),(middle-middle-square-o <= 0.5) & (top-right-square-o <= 0.5) & (bottom-left-square-o <= 0.5),(middle-middle-square-o <= 0.5) & (top-left-square-o <= 0.5) & (bottom-right-square-o <= 0.5),(middle-middle-square-o <= 0.5) & (bottom-left-square-o <= 0.5) & (top-right-square-o <= 0.5),(middle-middle-square-o <= 0.5) & (top-left-square-o <= 0.5) & (bottom-right-square-o <= 0.5),,
555,4,3,3,3,3,,,(bottom-right-square-o <= 0.5) & (top-right-square-o <= 0.5) & (middle-left-square-b > 0.5) & (bottom-middle-square-o <= 0.5),(middle-middle-square-o <= 0.5) & (top-right-square-o <= 0.5) & (bottom-left-square-o <= 0.5),(middle-middle-square-o <= 0.5) & (top-left-square-o <= 0.5) & (bottom-right-square-o <= 0.5),(middle-middle-square-o <= 0.5) & (bottom-left-square-o <= 0.5) & (top-right-square-o <= 0.5),(middle-middle-square-o <= 0.5) & (top-left-square-o <= 0.5) & (bottom-right-square-o <= 0.5),,
556,12,3,3,3,3,,,(bottom-right-square-o <= 0.5) & (top-right-square-o <= 0.5) & (middle-left-square-b > 0.5) & (bottom-middle-square-o > 0.5) & (top-middle-square-o > 0.5) & (bottom-left-square-o <= 0.5) & (top-left-square-o <= 0.5) & (middle-right-square-o <= 0.5) & (top-left-square-x <= 0.5) & (bottom-left-square-x > 0.5) & (middle-right-square-x <= 0.5) & (bottom-right-square-x <= 0.5),(middle-middle-square-o <= 0.5) & (top-right-square-o <= 0.5) & (bottom-left-square-o <= 0.5),(middle-middle-square-o <= 0.5) & (top-left-square-o <= 0.5) & (bottom-right-square-o <= 0.5),(middle-middle-square-o <= 0.5) & (bottom-left-square-o <= 0.5) & (top-right-square-o <= 0.5),(middle-middle-square-o <= 0.5) & (top-left-square-o <= 0.5) & (bottom-right-square-o <= 0.5),,
557,6,3,7,3,5,,,(bottom-right-square-o > 0.5) & (top-right-square-o <= 0.5) & (middle-right-square-x <= 0.5) & (top-left-square-o <= 0.5) & (bottom-left-square-o <= 0.5) & (bottom-middle-square-x <= 0.5),(middle-middle-square-o <= 0.5) & (top-right-square-o <= 0.5) & (bottom-left-square-o <= 0.5),(middle-middle-square-o <= 0.5) & (top-left-square-o <= 0.5) & (bottom-right-square-o > 0.5) & (top-right-square-o <= 0.5) & (bottom-middle-square-o <= 0.5) & (top-middle-square-o > 0.5) & (bottom-middle-square-x <= 0.5),(middle-middle-square-o <= 0.5) & (bottom-left-square-o <= 0.5) & (top-right-square-o <= 0.5),(middle-middle-square-o <= 0.5) & (top-left-square-o <= 0.5) & (bottom-right-square-o > 0.5) & (top-right-square-o <= 0.5) & (bottom-left-square-o <= 0.5),,
558,4,7,4,4,7,4,,(bottom-right-square-o <= 0.5) & (top-right-square-o <= 0.5) & (middle-left-square-b > 0.5) & (bottom-middle-square-o <= 0.5),(middle-middle-square-o > 0.5) & (bottom-left-square-x <= 0.5) & (top-right-square-x > 0.5) & (bottom-middle-square-x > 0.5) & (top-left-square-o <= 0.5) & (middle-right-square-o <= 0.5) & (middle-left-square-x <= 0.5),(middle-middle-square-o > 0.5) & (bottom-right-square-x > 0.5) & (top-right-square-x > 0.5) & (middle-right-square-x > 0.5),(middle-middle-square-o > 0.5) & (bottom-right-square-x > 0.5) & (top-right-square-x > 0.5) & (middle-right-square-x > 0.5),(middle-middle-square-o > 0.5) & (top-right-square-x > 0.5) & (top-left-square-x <= 0.5) & (bottom-right-square-x > 0.5) & (top-middle-square-x <= 0.5) & (bottom-middle-square-o <= 0.5) & (middle-left-square-o <= 0.5),(middle-middle-square-o > 0.5) & (bottom-right-square-x > 0.5) & (top-right-square-x > 0.5) & (middle-right-square-x > 0.5),
559,4,6,4,4,7,4,,(bottom-right-square-o <= 0.5) & (top-right-square-o <= 0.5) & (middle-left-square-b > 0.5) & (bottom-middle-square-o <= 0.5),(middle-middle-square-o > 0.5) & (bottom-left-square-x <= 0.5) & (top-right-square-x > 0.5) & (bottom-middle-square-x <= 0.5) & (top-middle-square-o > 0.5) & (bottom-middle-square-o <= 0.5),(middle-middle-square-o > 0.5) & (bottom-right-square-x > 0.5) & (top-right-square-x > 0.5) & (middle-right-square-x > 0.5),(middle-middle-square-o > 0.5) & (bottom-right-square-x > 0.5) & (top-right-square-x > 0.5) & (middle-right-square-x > 0.5),(middle-middle-square-o > 0.5) & (top-right-square-x > 0.5) & (top-left-square-x <= 0.5) & (bottom-right-square-x > 0.5) & (top-middle-square-x <= 0.5) & (bottom-middle-square-o <= 0.5) & (middle-left-square-o <= 0.5),(middle-middle-square-o > 0.5) & (bottom-right-square-x > 0.5) & (top-right-square-x > 0.5) & (middle-right-square-x > 0.5),
560,4,8,7,7,6,,,(bottom-right-square-o <= 0.5) & (top-right-square-o <= 0.5) & (middle-left-square-b > 0.5) & (bottom-middle-square-o <= 0.5),(middle-middle-square-o > 0.5) & (bottom-left-square-x > 0.5) & (top-left-square-x <= 0.5) & (bottom-middle-square-x > 0.5) & (top-middle-square-x <= 0.5) & (top-left-square-b > 0.5) & (top-right-square-x > 0.5) & (top-middle-square-o > 0.5),(middle-middle-square-o > 0.5) & (bottom-right-square-x > 0.5) & (top-right-square-x > 0.5) & (middle-right-square-x <= 0.5) & (middle-left-square-b > 0.5) & (top-middle-square-o > 0.5) & (bottom-middle-square-o <= 0.5),(middle-middle-square-o > 0.5) & (top-right-square-x > 0.5) & (top-left-square-x <= 0.5) & (bottom-right-square-x > 0.5) & (top-middle-square-x <= 0.5) & (bottom-middle-square-o <= 0.5) & (middle-left-square-o <= 0.5),(middle-middle-square-o > 0.5) & (bottom-right-square-x > 0.5) & (top-right-square-x > 0.5) & (middle-right-square-x <= 0.5) & (middle-left-square-b > 0.5) & (bottom-middle-square-o <= 0.5),,
561,4,7,3,4,3,,,(bottom-right-square-o <= 0.5) & (top-right-square-o <= 0.5) & (middle-left-square-b > 0.5) & (bottom-middle-square-o <= 0.5),(middle-middle-square-o <= 0.5) & (top-right-square-o <= 0.5) & (bottom-left-square-o > 0.5) & (top-left-square-o <= 0.5) & (bottom-middle-square-o <= 0.5) & (top-middle-square-o > 0.5) & (bottom-middle-square-x <= 0.5),(middle-middle-square-o <= 0.5) & (top-left-square-o <= 0.5) & (bottom-right-square-o <= 0.5),(middle-middle-square-o <= 0.5) & (bottom-left-square-o > 0.5) & (top-left-square-o <= 0.5) & (bottom-right-square-o <= 0.5),(middle-middle-square-o <= 0.5) & (top-left-square-o <= 0.5) & (bottom-right-square-o <= 0.5),,
562,10,3,3,3,3,,,(bottom-right-square-o <= 0.5) & (top-right-square-o <= 0.5) & (middle-left-square-b > 0.5) & (bottom-middle-square-o > 0.5) & (top-middle-square-o > 0.5) & (bottom-left-square-o <= 0.5) & (top-left-square-o <= 0.5) & (middle-right-square-o <= 0.5) & (top-left-square-x <= 0.5) & (bottom-left-square-x <= 0.5),(middle-middle-square-o <= 0.5) & (top-right-square-o <= 0.5) & (bottom-left-square-o <= 0.5),(middle-middle-square-o <= 0.5) & (top-left-square-o <= 0.5) & (bottom-right-square-o <= 0.5),(middle-middle-square-o <= 0.5) & (bottom-left-square-o <= 0.5) & (top-right-square-o <= 0.5),(middle-middle-square-o <= 0.5) & (top-left-square-o <= 0.5) & (bottom-right-square-o <= 0.5),,
563,6,6,3,5,3,,,(bottom-right-square-o <= 0.5) & (top-right-square-o > 0.5) & (middle-right-square-x > 0.5) & (bottom-middle-square-o > 0.5) & (bottom-right-square-x <= 0.5) & (bottom-left-square-o <= 0.5),(middle-middle-square-o <= 0.5) & (top-right-square-o > 0.5) & (top-left-square-o <= 0.5) & (middle-right-square-o <= 0.5) & (top-middle-square-x <= 0.5) & (middle-left-square-o <= 0.5),(middle-middle-square-o <= 0.5) & (top-left-square-o <= 0.5) & (bottom-right-square-o <= 0.5),(middle-middle-square-o <= 0.5) & (bottom-left-square-o <= 0.5) & (top-right-square-o > 0.5) & (bottom-right-square-o <= 0.5) & (top-left-square-o <= 0.5),(middle-middle-square-o <= 0.5) & (top-left-square-o <= 0.5) & (bottom-right-square-o <= 0.5),,
564,8,6,7,10,7,,,(bottom-right-square-o > 0.5) & (top-right-square-o > 0.5) & (middle-right-square-o <= 0.5) & (bottom-left-square-b <= 0.5) & (top-left-square-o <= 0.5) & (top-middle-square-x <= 0.5) & (middle-left-square-o <= 0.5) & (bottom-left-square-o <= 0.5),(middle-middle-square-o <= 0.5) & (top-right-square-o > 0.5) & (top-left-square-o <= 0.5) & (middle-right-square-o <= 0.5) & (top-middle-square-x <= 0.5) & (middle-left-square-o <= 0.5),(middle-middle-square-o <= 0.5) & (top-left-square-o <= 0.5) & (bottom-right-square-o > 0.5) & (top-right-square-o > 0.5) & (middle-right-square-o <= 0.5) & (bottom-middle-square-o <= 0.5) & (middle-left-square-o <= 0.5),(middle-middle-square-o <= 0.5) & (bottom-left-square-o <= 0.5) & (top-right-square-o > 0.5) & (bottom-right-square-o > 0.5) & (middle-left-square-b <= 0.5) & (bottom-middle-square-o <= 0.5) & (middle-middle-square-b <= 0.5) & (bottom-left-square-b <= 0.5) & (bottom-middle-square-x <= 0.5) & (top-middle-square-o > 0.5),(middle-middle-square-o <= 0.5) & (top-left-square-o <= 0.5) & (bottom-right-square-o > 0.5) & (top-right-square-o > 0.5) & (middle-right-square-o <= 0.5) & (bottom-middle-square-o <= 0.5) & (middle-left-square-o <= 0.5),,
565,11,6,3,4,3,,,(bottom-right-square-o <= 0.5) & (top-right-square-o > 0.5) & (middle-right-square-x > 0.5) & (bottom-middle-square-o <= 0.5) & (middle-left-square-b <= 0.5) & (top-left-square-o <= 0.5) & (bottom-left-square-o > 0.5) & (top-middle-square-o > 0.5) & (middle-left-square-x > 0.5) & (top-left-square-x <= 0.5) & (bottom-right-square-b > 0.5),(middle-middle-square-o <= 0.5) & (top-right-square-o > 0.5) & (top-left-square-o <= 0.5) & (middle-right-square-o <= 0.5) & (top-middle-square-x <= 0.5) & (middle-left-square-o <= 0.5),(middle-middle-square-o <= 0.5) & (top-left-square-o <= 0.5) & (bottom-right-square-o <= 0.5),(middle-middle-square-o <= 0.5) & (bottom-left-square-o > 0.5) & (top-left-square-o <= 0.5) & (bottom-right-square-o <= 0.5),(middle-middle-square-o <= 0.5) & (top-left-square-o <= 0.5) & (bottom-right-square-o <= 0.5),,
566,12,6,3,4,3,,,(bottom-right-square-o <= 0.5) & (top-right-square-o > 0.5) & (middle-right-square-x > 0.5) & (bottom-middle-square-o <= 0.5) & (middle-left-square-b <= 0.5) & (top-left-square-o <= 0.5) & (bottom-left-square-o > 0.5) & (top-middle-square-o > 0.5) & (middle-left-square-x > 0.5) & (top-left-square-x <= 0.5) & (bottom-right-square-b <= 0.5) & (bottom-middle-square-x <= 0.5),(middle-middle-square-o <= 0.5) & (top-right-square-o > 0.5) & (top-left-square-o <= 0.5) & (middle-right-square-o <= 0.5) & (top-middle-square-x <= 0.5) & (middle-left-square-o <= 0.5),(middle-middle-square-o <= 0.5) & (top-left-square-o <= 0.5) & (bottom-right-square-o <= 0.5),(middle-middle-square-o <= 0.5) & (bottom-left-square-o > 0.5) & (top-left-square-o <= 0.5) & (bottom-right-square-o <= 0.5),(middle-middle-square-o <= 0.5) & (top-left-square-o <= 0.5) & (bottom-right-square-o <= 0.5),,
567,5,6,7,13,7,,,(bottom-right-square-o > 0.5) & (top-right-square-o > 0.5) & (middle-right-square-o <= 0.5) & (bottom-left-square-b > 0.5) & (top-left-square-o <= 0.5),(middle-middle-square-o <= 0.5) & (top-right-square-o > 0.5) & (top-left-square-o <= 0.5) & (middle-right-square-o <= 0.5) & (top-middle-square-x <= 0.5) & (middle-left-square-o <= 0.5),(middle-middle-square-o <= 0.5) & (top-left-square-o <= 0.5) & (bottom-right-square-o > 0.5) & (top-right-square-o > 0.5) & (middle-right-square-o <= 0.5) & (bottom-middle-square-o <= 0.5) & (middle-left-square-o <= 0.5),(middle-middle-square-o <= 0.5) & (bottom-left-square-o <= 0.5) & (top-right-square-o > 0.5) & (bottom-right-square-o > 0.5) & (middle-left-square-b <= 0.5) & (bottom-middle-square-o <= 0.5) & (middle-middle-square-b <= 0.5) & (bottom-left-square-b > 0.5) & (top-left-square-o <= 0.5) & (middle-left-square-o <= 0.5) & (top-middle-square-o > 0.5) & (bottom-middle-square-x > 0.5) & (top-left-square-x <= 0.5),(middle-middle-square-o <= 0.5) & (top-left-square-o <= 0.5) & (bottom-right-square-o > 0.5) & (top-right-square-o > 0.5) & (middle-right-square-o <= 0.5) & (bottom-middle-square-o <= 0.5) & (middle-left-square-o <= 0.5),,
568,10,6,3,5,3,,,(bottom-right-square-o <= 0.5) & (top-right-square-o > 0.5) & (middle-right-square-x > 0.5) & (bottom-middle-square-o > 0.5) & (bottom-right-square-x > 0.5) & (bottom-left-square-x <= 0.5) & (top-left-square-o <= 0.5) & (top-middle-square-x <= 0.5) & (middle-left-square-x > 0.5) & (top-left-square-b > 0.5),(middle-middle-square-o <= 0.5) & (top-right-square-o > 0.5) & (top-left-square-o <= 0.5) & (middle-right-square-o <= 0.5) & (top-middle-square-x <= 0.5) & (middle-left-square-o <= 0.5),(middle-middle-square-o <= 0.5) & (top-left-square-o <= 0.5) & (bottom-right-square-o <= 0.5),(middle-middle-square-o <= 0.5) & (bottom-left-square-o <= 0.5) & (top-right-square-o > 0.5) & (bottom-right-square-o <= 0.5) & (top-left-square-o <= 0.5),(middle-middle-square-o <= 0.5) & (top-left-square-o <= 0.5) & (bottom-right-square-o <= 0.5),,
569,7,6,3,5,3,,,(bottom-right-square-o <= 0.5) & (top-right-square-o > 0.5) & (middle-right-square-x > 0.5) & (bottom-middle-square-o <= 0.5) & (middle-left-square-b <= 0.5) & (top-left-square-o <= 0.5) & (bottom-left-square-o <= 0.5),(middle-middle-square-o <= 0.5) & (top-right-square-o > 0.5) & (top-left-square-o <= 0.5) & (middle-right-square-o <= 0.5) & (top-middle-square-x <= 0.5) & (middle-left-square-o <= 0.5),(middle-middle-square-o <= 0.5) & (top-left-square-o <= 0.5) & (bottom-right-square-o <= 0.5),(middle-middle-square-o <= 0.5) & (bottom-left-square-o <= 0.5) & (top-right-square-o > 0.5) & (bottom-right-square-o <= 0.5) & (top-left-square-o <= 0.5),(middle-middle-square-o <= 0.5) & (top-left-square-o <= 0.5) & (bottom-right-square-o <= 0.5),,
570,6,7,12,7,5,,,(bottom-right-square-o <= 0.5) & (top-right-square-o > 0.5) & (middle-right-square-x <= 0.5) & (bottom-left-square-o <= 0.5) & (top-left-square-o <= 0.5) & (top-middle-square-x <= 0.5),(middle-middle-square-o > 0.5) & (bottom-left-square-x > 0.5) & (top-left-square-x <= 0.5) & (bottom-middle-square-x > 0.5) & (top-middle-square-x <= 0.5) & (top-left-square-b > 0.5) & (top-right-square-x <= 0.5),(middle-middle-square-o > 0.5) & (bottom-right-square-x > 0.5) & (top-right-square-x <= 0.5) & (bottom-middle-square-x > 0.5) & (top-middle-square-x <= 0.5) & (top-right-square-b <= 0.5) & (middle-right-square-x <= 0.5) & (top-left-square-x <= 0.5) & (middle-left-square-x > 0.5) & (top-left-square-b > 0.5) & (middle-right-square-b > 0.5) & (top-middle-square-o > 0.5),(middle-middle-square-o > 0.5) & (top-right-square-x <= 0.5) & (bottom-left-square-x > 0.5) & (top-middle-square-x <= 0.5) & (bottom-middle-square-o <= 0.5) & (top-left-square-o <= 0.5) & (middle-left-square-o <= 0.5),(middle-middle-square-o > 0.5) & (bottom-right-square-x > 0.5) & (top-right-square-x <= 0.5) & (bottom-left-square-x > 0.5) & (bottom-middle-square-x > 0.5),,
571,6,7,3,5,3,,,(bottom-right-square-o <= 0.5) & (top-right-square-o > 0.5) & (middle-right-square-x <= 0.5) & (bottom-left-square-o <= 0.5) & (top-left-square-o <= 0.5) & (top-middle-square-x <= 0.5),(middle-middle-square-o <= 0.5) & (top-right-square-o > 0.5) & (top-left-square-o <= 0.5) & (middle-right-square-o > 0.5) & (top-middle-square-o > 0.5) & (bottom-middle-square-x > 0.5) & (middle-middle-square-b > 0.5),(middle-middle-square-o <= 0.5) & (top-left-square-o <= 0.5) & (bottom-right-square-o <= 0.5),(middle-middle-square-o <= 0.5) & (bottom-left-square-o <= 0.5) & (top-right-square-o > 0.5) & (bottom-right-square-o <= 0.5) & (top-left-square-o <= 0.5),(middle-middle-square-o <= 0.5) & (top-left-square-o <= 0.5) & (bottom-right-square-o <= 0.5),,
572,6,7,3,5,3,,,(bottom-right-square-o <= 0.5) & (top-right-square-o > 0.5) & (middle-right-square-x <= 0.5) & (bottom-left-square-o <= 0.5) & (top-left-square-o <= 0.5) & (top-middle-square-x <= 0.5),(middle-middle-square-o <= 0.5) & (top-right-square-o > 0.5) & (top-left-square-o <= 0.5) & (middle-right-square-o <= 0.5) & (top-middle-square-x <= 0.5) & (middle-left-square-o > 0.5) & (middle-right-square-x <= 0.5),(middle-middle-square-o <= 0.5) & (top-left-square-o <= 0.5) & (bottom-right-square-o <= 0.5),(middle-middle-square-o <= 0.5) & (bottom-left-square-o <= 0.5) & (top-right-square-o > 0.5) & (bottom-right-square-o <= 0.5) & (top-left-square-o <= 0.5),(middle-middle-square-o <= 0.5) & (top-left-square-o <= 0.5) & (bottom-right-square-o <= 0.5),,
573,7,9,3,5,3,,,(bottom-right-square-o <= 0.5) & (top-right-square-o > 0.5) & (middle-right-square-x > 0.5) & (bottom-middle-square-o <= 0.5) & (middle-left-square-b <= 0.5) & (top-left-square-o <= 0.5) & (bottom-left-square-o <= 0.5),(middle-middle-square-o <= 0.5) & (top-right-square-o > 0.5) & (top-left-square-o <= 0.5) & (middle-right-square-o <= 0.5) & (top-middle-square-x <= 0.5) & (middle-left-square-o > 0.5) & (middle-right-square-x > 0.5) & (bottom-middle-square-x > 0.5) & (top-left-square-b > 0.5),(middle-middle-square-o <= 0.5) & (top-left-square-o <= 0.5) & (bottom-right-square-o <= 0.5),(middle-middle-square-o <= 0.5) & (bottom-left-square-o <= 0.5) & (top-right-square-o > 0.5) & (bottom-right-square-o <= 0.5) & (top-left-square-o <= 0.5),(middle-middle-square-o <= 0.5) & (top-left-square-o <= 0.5) & (bottom-right-square-o <= 0.5),,
574,6,10,3,5,3,,,(bottom-right-square-o <= 0.5) & (top-right-square-o > 0.5) & (middle-right-square-x <= 0.5) & (bottom-left-square-o <= 0.5) & (top-left-square-o <= 0.5) & (top-middle-square-x <= 0.5),(middle-middle-square-o <= 0.5) & (top-right-square-o > 0.5) & (top-left-square-o <= 0.5) & (middle-right-square-o > 0.5) & (top-middle-square-o > 0.5) & (bottom-middle-square-x > 0.5) & (middle-middle-square-b <= 0.5) & (middle-left-square-x <= 0.5) & (bottom-left-square-x > 0.5) & (top-left-square-x <= 0.5),(middle-middle-square-o <= 0.5) & (top-left-square-o <= 0.5) & (bottom-right-square-o <= 0.5),(middle-middle-square-o <= 0.5) & (bottom-left-square-o <= 0.5) & (top-right-square-o > 0.5) & (bottom-right-square-o <= 0.5) & (top-left-square-o <= 0.5),(middle-middle-square-o <= 0.5) & (top-left-square-o <= 0.5) & (bottom-right-square-o <= 0.5),,
575,8,7,12,7,5,,,(bottom-right-square-o <= 0.5) & (top-right-square-o > 0.5) & (middle-right-square-x > 0.5) & (bottom-middle-square-o <= 0.5) & (middle-left-square-b > 0.5) & (bottom-left-square-x > 0.5) & (bottom-right-square-x > 0.5) & (bottom-middle-square-x > 0.5),(middle-middle-square-o > 0.5) & (bottom-left-square-x > 0.5) & (top-left-square-x <= 0.5) & (bottom-middle-square-x > 0.5) & (top-middle-square-x <= 0.5) & (top-left-square-b > 0.5) & (top-right-square-x <= 0.5),(middle-middle-square-o > 0.5) & (bottom-right-square-x > 0.5) & (top-right-square-x <= 0.5) & (bottom-middle-square-x > 0.5) & (top-middle-square-x <= 0.5) & (top-right-square-b <= 0.5) & (middle-right-square-x > 0.5) & (middle-left-square-x <= 0.5) & (top-left-square-x <= 0.5) & (top-left-square-o <= 0.5) & (middle-left-square-o <= 0.5) & (top-middle-square-b <= 0.5),(middle-middle-square-o > 0.5) & (top-right-square-x <= 0.5) & (bottom-left-square-x > 0.5) & (top-middle-square-x <= 0.5) & (bottom-middle-square-o <= 0.5) & (top-left-square-o <= 0.5) & (middle-left-square-o <= 0.5),(middle-middle-square-o > 0.5) & (bottom-right-square-x > 0.5) & (top-right-square-x <= 0.5) & (bottom-left-square-x > 0.5) & (bottom-middle-square-x > 0.5),,
576,6,6,3,5,3,,,(bottom-right-square-o <= 0.5) & (top-right-square-o > 0.5) & (middle-right-square-x <= 0.5) & (bottom-left-square-o <= 0.5) & (top-left-square-o <= 0.5) & (top-middle-square-x <= 0.5),(middle-middle-square-o <= 0.5) & (top-right-square-o > 0.5) & (top-left-square-o <= 0.5) & (middle-right-square-o <= 0.5) & (top-middle-square-x <= 0.5) & (middle-left-square-o <= 0.5),(middle-middle-square-o <= 0.5) & (top-left-square-o <= 0.5) & (bottom-right-square-o <= 0.5),(middle-middle-square-o <= 0.5) & (bottom-left-square-o <= 0.5) & (top-right-square-o > 0.5) & (bottom-right-square-o <= 0.5) & (top-left-square-o <= 0.5),(middle-middle-square-o <= 0.5) & (top-left-square-o <= 0.5) & (bottom-right-square-o <= 0.5),,
577,6,3,7,3,5,,,(bottom-right-square-o > 0.5) & (top-right-square-o <= 0.5) & (middle-right-square-x > 0.5) & (top-middle-square-o > 0.5) & (top-right-square-b > 0.5) & (top-left-square-o <= 0.5),(middle-middle-square-o <= 0.5) & (top-right-square-o <= 0.5) & (bottom-left-square-o <= 0.5),(middle-middle-square-o <= 0.5) & (top-left-square-o <= 0.5) & (bottom-right-square-o > 0.5) & (top-right-square-o <= 0.5) & (bottom-middle-square-o > 0.5) & (top-middle-square-o > 0.5) & (top-left-square-x <= 0.5),(middle-middle-square-o <= 0.5) & (bottom-left-square-o <= 0.5) & (top-right-square-o <= 0.5),(middle-middle-square-o <= 0.5) & (top-left-square-o <= 0.5) & (bottom-right-square-o > 0.5) & (top-right-square-o <= 0.5) & (bottom-left-square-o <= 0.5),,
578,6,8,8,6,7,,,(bottom-right-square-o > 0.5) & (top-right-square-o <= 0.5) & (middle-right-square-x > 0.5) & (top-middle-square-o > 0.5) & (top-right-square-b > 0.5) & (top-left-square-o <= 0.5),(middle-middle-square-o <= 0.5) & (top-right-square-o <= 0.5) & (bottom-left-square-o > 0.5) & (top-left-square-o <= 0.5) & (bottom-middle-square-o <= 0.5) & (top-middle-square-o > 0.5) & (bottom-middle-square-x > 0.5) & (top-right-square-x <= 0.5),(middle-middle-square-o <= 0.5) & (top-left-square-o <= 0.5) & (bottom-right-square-o > 0.5) & (top-right-square-o <= 0.5) & (bottom-middle-square-o <= 0.5) & (top-middle-square-o > 0.5) & (bottom-middle-square-x > 0.5) & (top-left-square-b > 0.5),(middle-middle-square-o <= 0.5) & (bottom-left-square-o > 0.5) & (top-left-square-o <= 0.5) & (bottom-right-square-o > 0.5) & (bottom-middle-square-o <= 0.5) & (top-left-square-b > 0.5),(middle-middle-square-o <= 0.5) & (top-left-square-o <= 0.5) & (bottom-right-square-o > 0.5) & (top-right-square-o <= 0.5) & (bottom-left-square-o > 0.5) & (bottom-middle-square-o <= 0.5) & (top-left-square-b > 0.5),,
579,13,7,3,4,3,,,(bottom-right-square-o <= 0.5) & (top-right-square-o <= 0.5) & (middle-left-square-b <= 0.5) & (bottom-middle-square-x <= 0.5) & (top-middle-square-b <= 0.5) & (top-left-square-x <= 0.5) & (middle-right-square-x > 0.5) & (top-right-square-x <= 0.5) & (middle-left-square-o <= 0.5) & (bottom-left-square-x <= 0.5) & (bottom-right-square-x > 0.5) & (top-left-square-o <= 0.5) & (bottom-left-square-o > 0.5),(middle-middle-square-o <= 0.5) & (top-right-square-o <= 0.5) & (bottom-left-square-o > 0.5) & (top-left-square-o <= 0.5) & (bottom-middle-square-o > 0.5) & (top-middle-square-o > 0.5) & (top-left-square-b > 0.5),(middle-middle-square-o <= 0.5) & (top-left-square-o <= 0.5) & (bottom-right-square-o <= 0.5),(middle-middle-square-o <= 0.5) & (bottom-left-square-o > 0.5) & (top-left-square-o <= 0.5) & (bottom-right-square-o <= 0.5),(middle-middle-square-o <= 0.5) & (top-left-square-o <= 0.5) & (bottom-right-square-o <= 0.5),,
580,11,7,3,4,3,,,(bottom-right-square-o <= 0.5) & (top-right-square-o <= 0.5) & (middle-left-square-b <= 0.5) & (bottom-middle-square-x <= 0.5) & (top-middle-square-b <= 0.5) & (top-left-square-x <= 0.5) & (middle-right-square-x > 0.5) & (top-right-square-x <= 0.5) & (middle-left-square-o <= 0.5) & (bottom-left-square-x <= 0.5) & (bottom-right-square-x <= 0.5),(middle-middle-square-o <= 0.5) & (top-right-square-o <= 0.5) & (bottom-left-square-o > 0.5) & (top-left-square-o <= 0.5) & (bottom-middle-square-o <= 0.5) & (top-middle-square-o > 0.5) & (bottom-middle-square-x <= 0.5),(middle-middle-square-o <= 0.5) & (top-left-square-o <= 0.5) & (bottom-right-square-o <= 0.5),(middle-middle-square-o <= 0.5) & (bottom-left-square-o > 0.5) & (top-left-square-o <= 0.5) & (bottom-right-square-o <= 0.5),(middle-middle-square-o <= 0.5) & (top-left-square-o <= 0.5) & (bottom-right-square-o <= 0.5),,
581,11,3,3,3,3,,,(bottom-right-square-o <= 0.5) & (top-right-square-o <= 0.5) & (middle-left-square-b <= 0.5) & (bottom-middle-square-x <= 0.5) & (top-middle-square-b <= 0.5) & (top-left-square-x <= 0.5) & (middle-right-square-x > 0.5) & (top-right-square-x <= 0.5) & (middle-left-square-o <= 0.5) & (bottom-left-square-x <= 0.5) & (bottom-right-square-x <= 0.5),(middle-middle-square-o <= 0.5) & (top-right-square-o <= 0.5) & (bottom-left-square-o <= 0.5),(middle-middle-square-o <= 0.5) & (top-left-square-o <= 0.5) & (bottom-right-square-o <= 0.5),(middle-middle-square-o <= 0.5) & (bottom-left-square-o <= 0.5) & (top-right-square-o <= 0.5),(middle-middle-square-o <= 0.5) & (top-left-square-o <= 0.5) & (bottom-right-square-o <= 0.5),,
582,6,3,7,3,5,,,(bottom-right-square-o > 0.5) & (top-right-square-o <= 0.5) & (middle-right-square-x > 0.5) & (top-middle-square-o > 0.5) & (top-right-square-b > 0.5) & (top-left-square-o <= 0.5),(middle-middle-square-o <= 0.5) & (top-right-square-o <= 0.5) & (bottom-left-square-o <= 0.5),(middle-middle-square-o <= 0.5) & (top-left-square-o <= 0.5) & (bottom-right-square-o > 0.5) & (top-right-square-o <= 0.5) & (bottom-middle-square-o <= 0.5) & (top-middle-square-o > 0.5) & (bottom-middle-square-x <= 0.5),(middle-middle-square-o <= 0.5) & (bottom-left-square-o <= 0.5) & (top-right-square-o <= 0.5),(middle-middle-square-o <= 0.5) & (top-left-square-o <= 0.5) & (bottom-right-square-o > 0.5) & (top-right-square-o <= 0.5) & (bottom-left-square-o <= 0.5),,
583,6,7,7,7,5,,,(bottom-right-square-o <= 0.5) & (top-right-square-o <= 0.5) & (middle-left-square-b <= 0.5) & (bottom-middle-square-x > 0.5) & (bottom-left-square-x > 0.5) & (bottom-right-square-b <= 0.5),(middle-middle-square-o > 0.5) & (bottom-left-square-x > 0.5) & (top-left-square-x <= 0.5) & (bottom-middle-square-x > 0.5) & (top-middle-square-x <= 0.5) & (top-left-square-b > 0.5) & (top-right-square-x <= 0.5),(middle-middle-square-o > 0.5) & (bottom-right-square-x > 0.5) & (top-right-square-x <= 0.5) & (bottom-middle-square-x > 0.5) & (top-middle-square-x <= 0.5) & (top-right-square-b > 0.5) & (top-left-square-x <= 0.5),(middle-middle-square-o > 0.5) & (top-right-square-x <= 0.5) & (bottom-left-square-x > 0.5) & (top-middle-square-x <= 0.5) & (bottom-middle-square-o <= 0.5) & (top-left-square-o <= 0.5) & (middle-left-square-o <= 0.5),(middle-middle-square-o > 0.5) & (bottom-right-square-x > 0.5) & (top-right-square-x <= 0.5) & (bottom-left-square-x > 0.5) & (bottom-middle-square-x > 0.5),,
584,6,3,3,3,3,,,(bottom-right-square-o <= 0.5) & (top-right-square-o <= 0.5) & (middle-left-square-b <= 0.5) & (bottom-middle-square-x > 0.5) & (bottom-left-square-x > 0.5) & (bottom-right-square-b <= 0.5),(middle-middle-square-o <= 0.5) & (top-right-square-o <= 0.5) & (bottom-left-square-o <= 0.5),(middle-middle-square-o <= 0.5) & (top-left-square-o <= 0.5) & (bottom-right-square-o <= 0.5),(middle-middle-square-o <= 0.5) & (bottom-left-square-o <= 0.5) & (top-right-square-o <= 0.5),(middle-middle-square-o <= 0.5) & (top-left-square-o <= 0.5) & (bottom-right-square-o <= 0.5),,
585,6,7,7,9,5,,,(bottom-right-square-o <= 0.5) & (top-right-square-o <= 0.5) & (middle-left-square-b <= 0.5) & (bottom-middle-square-x > 0.5) & (bottom-left-square-x > 0.5) & (bottom-right-square-b <= 0.5),(middle-middle-square-o > 0.5) & (bottom-left-square-x > 0.5) & (top-left-square-x <= 0.5) & (bottom-middle-square-x > 0.5) & (top-middle-square-x <= 0.5) & (top-left-square-b > 0.5) & (top-right-square-x <= 0.5),(middle-middle-square-o > 0.5) & (bottom-right-square-x > 0.5) & (top-right-square-x <= 0.5) & (bottom-middle-square-x > 0.5) & (top-middle-square-x <= 0.5) & (top-right-square-b > 0.5) & (top-left-square-x <= 0.5),(middle-middle-square-o > 0.5) & (top-right-square-x <= 0.5) & (bottom-left-square-x > 0.5) & (top-middle-square-x <= 0.5) & (bottom-middle-square-o <= 0.5) & (top-left-square-o <= 0.5) & (middle-left-square-o > 0.5) & (bottom-right-square-b <= 0.5) & (bottom-middle-square-b <= 0.5),(middle-middle-square-o > 0.5) & (bottom-right-square-x > 0.5) & (top-right-square-x <= 0.5) & (bottom-left-square-x > 0.5) & (bottom-middle-square-x > 0.5),,
586,6,3,3,3,3,,,(bottom-right-square-o <= 0.5) & (top-right-square-o <= 0.5) & (middle-left-square-b <= 0.5) & (bottom-middle-square-x > 0.5) & (bottom-left-square-x > 0.5) & (bottom-right-square-b <= 0.5),(middle-middle-square-o <= 0.5) & (top-right-square-o <= 0.5) & (bottom-left-square-o <= 0.5),(middle-middle-square-o <= 0.5) & (top-left-square-o <= 0.5) & (bottom-right-square-o <= 0.5),(middle-middle-square-o <= 0.5) & (bottom-left-square-o <= 0.5) & (top-right-square-o <= 0.5),(middle-middle-square-o <= 0.5) & (top-left-square-o <= 0.5) & (bottom-right-square-o <= 0.5),,
587,4,7,7,7,5,,,(bottom-right-square-o <= 0.5) & (top-right-square-o <= 0.5) & (middle-left-square-b > 0.5) & (bottom-middle-square-o <= 0.5),(middle-middle-square-o > 0.5) & (bottom-left-square-x > 0.5) & (top-left-square-x <= 0.5) & (bottom-middle-square-x > 0.5) & (top-middle-square-x <= 0.5) & (top-left-square-b > 0.5) & (top-right-square-x <= 0.5),(middle-middle-square-o > 0.5) & (bottom-right-square-x > 0.5) & (top-right-square-x <= 0.5) & (bottom-middle-square-x > 0.5) & (top-middle-square-x <= 0.5) & (top-right-square-b > 0.5) & (top-left-square-x <= 0.5),(middle-middle-square-o > 0.5) & (top-right-square-x <= 0.5) & (bottom-left-square-x > 0.5) & (top-middle-square-x <= 0.5) & (bottom-middle-square-o <= 0.5) & (top-left-square-o <= 0.5) & (middle-left-square-o <= 0.5),(middle-middle-square-o > 0.5) & (bottom-right-square-x > 0.5) & (top-right-square-x <= 0.5) & (bottom-left-square-x > 0.5) & (bottom-middle-square-x > 0.5),,
588,4,3,3,3,3,,,(bottom-right-square-o <= 0.5) & (top-right-square-o <= 0.5) & (middle-left-square-b > 0.5) & (bottom-middle-square-o <= 0.5),(middle-middle-square-o <= 0.5) & (top-right-square-o <= 0.5) & (bottom-left-square-o <= 0.5),(middle-middle-square-o <= 0.5) & (top-left-square-o <= 0.5) & (bottom-right-square-o <= 0.5),(middle-middle-square-o <= 0.5) & (bottom-left-square-o <= 0.5) & (top-right-square-o <= 0.5),(middle-middle-square-o <= 0.5) & (top-left-square-o <= 0.5) & (bottom-right-square-o <= 0.5),,
589,6,3,12,3,5,,,(bottom-right-square-o > 0.5) & (top-right-square-o <= 0.5) & (middle-right-square-x <= 0.5) & (top-left-square-o <= 0.5) & (bottom-left-square-o <= 0.5) & (bottom-middle-square-x <= 0.5),(middle-middle-square-o <= 0.5) & (top-right-square-o <= 0.5) & (bottom-left-square-o <= 0.5),(middle-middle-square-o <= 0.5) & (top-left-square-o <= 0.5) & (bottom-right-square-o > 0.5) & (top-right-square-o <= 0.5) & (bottom-middle-square-o > 0.5) & (top-middle-square-o <= 0.5) & (middle-right-square-o > 0.5) & (middle-left-square-x > 0.5) & (middle-middle-square-b <= 0.5) & (top-middle-square-x <= 0.5) & (top-right-square-x > 0.5) & (top-left-square-x <= 0.5),(middle-middle-square-o <= 0.5) & (bottom-left-square-o <= 0.5) & (top-right-square-o <= 0.5),(middle-middle-square-o <= 0.5) & (top-left-square-o <= 0.5) & (bottom-right-square-o > 0.5) & (top-right-square-o <= 0.5) & (bottom-left-square-o <= 0.5),,
590,7,12,4,4,7,4,,(bottom-right-square-o <= 0.5) & (top-right-square-o <= 0.5) & (middle-left-square-b <= 0.5) & (bottom-middle-square-x <= 0.5) & (top-middle-square-b > 0.5) & (bottom-middle-square-o > 0.5) & (middle-right-square-o <= 0.5),(middle-middle-square-o > 0.5) & (bottom-left-square-x <= 0.5) & (top-right-square-x > 0.5) & (bottom-middle-square-x <= 0.5) & (top-middle-square-o <= 0.5) & (top-left-square-o <= 0.5) & (middle-left-square-b <= 0.5) & (middle-right-square-b <= 0.5) & (middle-right-square-x > 0.5) & (middle-left-square-x > 0.5) & (top-left-square-b > 0.5) & (top-middle-square-b > 0.5),(middle-middle-square-o > 0.5) & (bottom-right-square-x > 0.5) & (top-right-square-x > 0.5) & (middle-right-square-x > 0.5),(middle-middle-square-o > 0.5) & (bottom-right-square-x > 0.5) & (top-right-square-x > 0.5) & (middle-right-square-x > 0.5),(middle-middle-square-o > 0.5) & (top-right-square-x > 0.5) & (top-left-square-x <= 0.5) & (bottom-right-square-x > 0.5) & (top-middle-square-x <= 0.5) & (bottom-middle-square-o > 0.5) & (top-middle-square-o <= 0.5),(middle-middle-square-o > 0.5) & (bottom-right-square-x > 0.5) & (top-right-square-x > 0.5) & (middle-right-square-x > 0.5),
591,7,3,12,3,5,,,(bottom-right-square-o > 0.5) & (top-right-square-o <= 0.5) & (middle-right-square-x > 0.5) & (top-middle-square-o <= 0.5) & (middle-left-square-b <= 0.5) & (bottom-left-square-o <= 0.5) & (top-left-square-o <= 0.5),(middle-middle-square-o <= 0.5) & (top-right-square-o <= 0.5) & (bottom-left-square-o <= 0.5),(middle-middle-square-o <= 0.5) & (top-left-square-o <= 0.5) & (bottom-right-square-o > 0.5) & (top-right-square-o <= 0.5) & (bottom-middle-square-o > 0.5) & (top-middle-square-o <= 0.5) & (middle-right-square-o <= 0.5) & (middle-left-square-o > 0.5) & (middle-right-square-b <= 0.5) & (middle-middle-square-x > 0.5) & (top-left-square-x <= 0.5) & (top-middle-square-b > 0.5),(middle-middle-square-o <= 0.5) & (bottom-left-square-o <= 0.5) & (top-right-square-o <= 0.5),(middle-middle-square-o <= 0.5) & (top-left-square-o <= 0.5) & (bottom-right-square-o > 0.5) & (top-right-square-o <= 0.5) & (bottom-left-square-o <= 0.5),,
592,7,12,3,4,3,,,(bottom-right-square-o <= 0.5) & (top-right-square-o <= 0.5) & (middle-left-square-b <= 0.5) & (bottom-middle-square-x <= 0.5) & (top-middle-square-b > 0.5) & (bottom-middle-square-o > 0.5) & (middle-right-square-o <= 0.5),(middle-middle-square-o <= 0.5) & (top-right-square-o <= 0.5) & (bottom-left-square-o > 0.5) & (top-left-square-o <= 0.5) & (bottom-middle-square-o > 0.5) & (top-middle-square-o <= 0.5) & (middle-left-square-o > 0.5) & (middle-right-square-x > 0.5) & (middle-middle-square-b <= 0.5) & (top-middle-square-x <= 0.5) & (top-right-square-b <= 0.5) & (top-left-square-b > 0.5),(middle-middle-square-o <= 0.5) & (top-left-square-o <= 0.5) & (bottom-right-square-o <= 0.5),(middle-middle-square-o <= 0.5) & (bottom-left-square-o > 0.5) & (top-left-square-o <= 0.5) & (bottom-right-square-o <= 0.5),(middle-middle-square-o <= 0.5) & (top-left-square-o <= 0.5) & (bottom-right-square-o <= 0.5),,
593,11,3,6,3,5,,,(bottom-right-square-o > 0.5) & (top-right-square-o <= 0.5) & (middle-right-square-x <= 0.5) & (top-left-square-o <= 0.5) & (bottom-left-square-o <= 0.5) & (bottom-middle-square-x > 0.5) & (middle-left-square-o > 0.5) & (bottom-left-square-b <= 0.5) & (top-middle-square-o <= 0.5) & (top-left-square-b > 0.5) & (top-middle-square-b > 0.5),(middle-middle-square-o <= 0.5) & (top-right-square-o <= 0.5) & (bottom-left-square-o <= 0.5),(middle-middle-square-o <= 0.5) & (top-left-square-o <= 0.5) & (bottom-right-square-o > 0.5) & (top-right-square-o <= 0.5) & (bottom-middle-square-o <= 0.5) & (top-middle-square-o <= 0.5),(middle-middle-square-o <= 0.5) & (bottom-left-square-o <= 0.5) & (top-right-square-o <= 0.5),(middle-middle-square-o <= 0.5) & (top-left-square-o <= 0.5) & (bottom-right-square-o > 0.5) & (top-right-square-o <= 0.5) & (bottom-left-square-o <= 0.5),,
594,9,3,3,3,3,,,(bottom-right-square-o <= 0.5) & (top-right-square-o <= 0.5) & (middle-left-square-b <= 0.5) & (bottom-middle-square-x <= 0.5) & (top-middle-square-b > 0.5) & (bottom-middle-square-o > 0.5) & (middle-right-square-o > 0.5) & (middle-left-square-o > 0.5) & (top-left-square-b > 0.5),(middle-middle-square-o <= 0.5) & (top-right-square-o <= 0.5) & (bottom-left-square-o <= 0.5),(middle-middle-square-o <= 0.5) & (top-left-square-o <= 0.5) & (bottom-right-square-o <= 0.5),(middle-middle-square-o <= 0.5) & (bottom-left-square-o <= 0.5) & (top-right-square-o <= 0.5),(middle-middle-square-o <= 0.5) & (top-left-square-o <= 0.5) & (bottom-right-square-o <= 0.5),,
595,13,3,3,3,3,,,(bottom-right-square-o <= 0.5) & (top-right-square-o <= 0.5) & (middle-left-square-b <= 0.5) & (bottom-middle-square-x <= 0.5) & (top-middle-square-b > 0.5) & (bottom-middle-square-o <= 0.5) & (middle-left-square-x <= 0.5) & (middle-right-square-o > 0.5) & (top-left-square-o <= 0.5) & (bottom-left-square-o <= 0.5) & (bottom-left-square-x > 0.5) & (top-left-square-x <= 0.5) & (bottom-right-square-x <= 0.5),(middle-middle-square-o <= 0.5) & (top-right-square-o <= 0.5) & (bottom-left-square-o <= 0.5),(middle-middle-square-o <= 0.5) & (top-left-square-o <= 0.5) & (bottom-right-square-o <= 0.5),(middle-middle-square-o <= 0.5) & (bottom-left-square-o <= 0.5) & (top-right-square-o <= 0.5),(middle-middle-square-o <= 0.5) & (top-left-square-o <= 0.5) & (bottom-right-square-o <= 0.5),,
596,7,3,3,3,3,,,(bottom-right-square-o <= 0.5) & (top-right-square-o <= 0.5) & (middle-left-square-b <= 0.5) & (bottom-middle-square-x <= 0.5) & (top-middle-square-b > 0.5) & (bottom-middle-square-o > 0.5) & (middle-right-square-o <= 0.5),(middle-middle-square-o <= 0.5) & (top-right-square-o <= 0.5) & (bottom-left-square-o <= 0.5),(middle-middle-square-o <= 0.5) & (top-left-square-o <= 0.5) & (bottom-right-square-o <= 0.5),(middle-middle-square-o <= 0.5) & (bottom-left-square-o <= 0.5) & (top-right-square-o <= 0.5),(middle-middle-square-o <= 0.5) & (top-left-square-o <= 0.5) & (bottom-right-square-o <= 0.5),,
597,6,3,6,3,5,,,(bottom-right-square-o > 0.5) & (top-right-square-o <= 0.5) & (middle-right-square-x <= 0.5) & (top-left-square-o <= 0.5) & (bottom-left-square-o <= 0.5) & (bottom-middle-square-x <= 0.5),(middle-middle-square-o <= 0.5) & (top-right-square-o <= 0.5) & (bottom-left-square-o <= 0.5),(middle-middle-square-o <= 0.5) & (top-left-square-o <= 0.5) & (bottom-right-square-o > 0.5) & (top-right-square-o <= 0.5) & (bottom-middle-square-o <= 0.5) & (top-middle-square-o <= 0.5),(middle-middle-square-o <= 0.5) & (bottom-left-square-o <= 0.5) & (top-right-square-o <= 0.5),(middle-middle-square-o <= 0.5) & (top-left-square-o <= 0.5) & (bottom-right-square-o > 0.5) & (top-right-square-o <= 0.5) & (bottom-left-square-o <= 0.5),,
598,7,8,4,4,7,4,,(bottom-right-square-o <= 0.5) & (top-right-square-o <= 0.5) & (middle-left-square-b <= 0.5) & (bottom-middle-square-x <= 0.5) & (top-middle-square-b > 0.5) & (bottom-middle-square-o > 0.5) & (middle-right-square-o <= 0.5),(middle-middle-square-o > 0.5) & (bottom-left-square-x > 0.5) & (top-left-square-x <= 0.5) & (bottom-middle-square-x <= 0.5) & (middle-left-square-x <= 0.5) & (middle-right-square-x > 0.5) & (middle-left-square-b <= 0.5) & (top-middle-square-x <= 0.5),(middle-middle-square-o > 0.5) & (bottom-right-square-x > 0.5) & (top-right-square-x > 0.5) & (middle-right-square-x > 0.5),(middle-middle-square-o > 0.5) & (bottom-right-square-x > 0.5) & (top-right-square-x > 0.5) & (middle-right-square-x > 0.5),(middle-middle-square-o > 0.5) & (top-right-square-x > 0.5) & (top-left-square-x <= 0.5) & (bottom-right-square-x > 0.5) & (top-middle-square-x <= 0.5) & (bottom-middle-square-o > 0.5) & (top-middle-square-o <= 0.5),(middle-middle-square-o > 0.5) & (bottom-right-square-x > 0.5) & (top-right-square-x > 0.5) & (middle-right-square-x > 0.5),
599,7,7,4,4,11,4,,(bottom-right-square-o <= 0.5) & (top-right-square-o <= 0.5) & (middle-left-square-b <= 0.5) & (bottom-middle-square-x > 0.5) & (bottom-left-square-x <= 0.5) & (top-left-square-o <= 0.5) & (middle-right-square-o <= 0.5),(middle-middle-square-o > 0.5) & (bottom-left-square-x <= 0.5) & (top-right-square-x > 0.5) & (bottom-middle-square-x > 0.5) & (top-left-square-o <= 0.5) & (middle-right-square-o <= 0.5) & (middle-left-square-x <= 0.5),(middle-middle-square-o > 0.5) & (bottom-right-square-x > 0.5) & (top-right-square-x > 0.5) & (middle-right-square-x > 0.5),(middle-middle-square-o > 0.5) & (bottom-right-square-x > 0.5) & (top-right-square-x > 0.5) & (middle-right-square-x > 0.5),(middle-middle-square-o > 0.5) & (top-right-square-x > 0.5) & (top-left-square-x <= 0.5) & (bottom-right-square-x > 0.5) & (top-middle-square-x <= 0.5) & (bottom-middle-square-o <= 0.5) & (middle-left-square-o > 0.5) & (top-middle-square-b > 0.5) & (top-left-square-b > 0.5) & (bottom-left-square-x <= 0.5) & (bottom-left-square-o > 0.5),(middle-middle-square-o > 0.5) & (bottom-right-square-x > 0.5) & (top-right-square-x > 0.5) & (middle-right-square-x > 0.5),
600,9,10,4,4,12,4,,(bottom-right-square-o <= 0.5) & (top-right-square-o <= 0.5) & (middle-left-square-b <= 0.5) & (bottom-middle-square-x <= 0.5) & (top-middle-square-b > 0.5) & (bottom-middle-square-o <= 0.5) & (middle-left-square-x <= 0.5) & (middle-right-square-o <= 0.5) & (bottom-left-square-o <= 0.5),(middle-middle-square-o > 0.5) & (bottom-left-square-x <= 0.5) & (top-right-square-x > 0.5) & (bottom-middle-square-x <= 0.5) & (top-middle-square-o <= 0.5) & (top-left-square-o <= 0.5) & (middle-left-square-b <= 0.5) & (middle-right-square-b <= 0.5) & (middle-right-square-x > 0.5) & (middle-left-square-x <= 0.5),(middle-middle-square-o > 0.5) & (bottom-right-square-x > 0.5) & (top-right-square-x > 0.5) & (middle-right-square-x > 0.5),(middle-middle-square-o > 0.5) & (bottom-right-square-x > 0.5) & (top-right-square-x > 0.5) & (middle-right-square-x > 0.5),(middle-middle-square-o > 0.5) & (top-right-square-x > 0.5) & (top-left-square-x <= 0.5) & (bottom-right-square-x > 0.5) & (top-middle-square-x <= 0.5) & (bottom-middle-square-o <= 0.5) & (middle-left-square-o > 0.5) & (top-middle-square-b > 0.5) & (top-left-square-b > 0.5) & (bottom-left-square-x <= 0.5) & (bottom-left-square-o <= 0.5) & (bottom-middle-square-x <= 0.5),(middle-middle-square-o > 0.5) & (bottom-right-square-x > 0.5) & (top-right-square-x > 0.5) & (middle-right-square-x > 0.5),
601,10,6,3,4,3,,,(bottom-right-square-o <= 0.5) & (top-right-square-o <= 0.5) & (middle-left-square-b <= 0.5) & (bottom-middle-square-x <= 0.5) & (top-middle-square-b > 0.5) & (bottom-middle-square-o <= 0.5) & (middle-left-square-x <= 0.5) & (middle-right-square-o <= 0.5) & (bottom-left-square-o > 0.5) & (top-left-square-o <= 0.5),(middle-middle-square-o <= 0.5) & (top-right-square-o <= 0.5) & (bottom-left-square-o > 0.5) & (top-left-square-o <= 0.5) & (bottom-middle-square-o <= 0.5) & (top-middle-square-o <= 0.5),(middle-middle-square-o <= 0.5) & (top-left-square-o <= 0.5) & (bottom-right-square-o <= 0.5),(middle-middle-square-o <= 0.5) & (bottom-left-square-o > 0.5) & (top-left-square-o <= 0.5) & (bottom-right-square-o <= 0.5),(middle-middle-square-o <= 0.5) & (top-left-square-o <= 0.5) & (bottom-right-square-o <= 0.5),,
602,7,3,3,3,3,,,(bottom-right-square-o <= 0.5) & (top-right-square-o <= 0.5) & (middle-left-square-b <= 0.5) & (bottom-middle-square-x <= 0.5) & (top-middle-square-b > 0.5) & (bottom-middle-square-o > 0.5) & (middle-right-square-o <= 0.5),(middle-middle-square-o <= 0.5) & (top-right-square-o <= 0.5) & (bottom-left-square-o <= 0.5),(middle-middle-square-o <= 0.5) & (top-left-square-o <= 0.5) & (bottom-right-square-o <= 0.5),(middle-middle-square-o <= 0.5) & (bottom-left-square-o <= 0.5) & (top-right-square-o <= 0.5),(middle-middle-square-o <= 0.5) & (top-left-square-o <= 0.5) & (bottom-right-square-o <= 0.5),,
603,5,3,3,3,3,,,(bottom-right-square-o <= 0.5) & (top-right-square-o <= 0.5) & (middle-left-square-b > 0.5) & (bottom-middle-square-o > 0.5) & (top-middle-square-o <= 0.5),(middle-middle-square-o <= 0.5) & (top-right-square-o <= 0.5) & (bottom-left-square-o <= 0.5),(middle-middle-square-o <= 0.5) & (top-left-square-o <= 0.5) & (bottom-right-square-o <= 0.5),(middle-middle-square-o <= 0.5) & (bottom-left-square-o <= 0.5) & (top-right-square-o <= 0.5),(middle-middle-square-o <= 0.5) & (top-left-square-o <= 0.5) & (bottom-right-square-o <= 0.5),,
604,6,3,6,3,5,,,(bottom-right-square-o > 0.5) & (top-right-square-o <= 0.5) & (middle-right-square-x <= 0.5) & (top-left-square-o <= 0.5) & (bottom-left-square-o <= 0.5) & (bottom-middle-square-x <= 0.5),(middle-middle-square-o <= 0.5) & (top-right-square-o <= 0.5) & (bottom-left-square-o <= 0.5),(middle-middle-square-o <= 0.5) & (top-left-square-o <= 0.5) & (bottom-right-square-o > 0.5) & (top-right-square-o <= 0.5) & (bottom-middle-square-o <= 0.5) & (top-middle-square-o <= 0.5),(middle-middle-square-o <= 0.5) & (bottom-left-square-o <= 0.5) & (top-right-square-o <= 0.5),(middle-middle-square-o <= 0.5) & (top-left-square-o <= 0.5) & (bottom-right-square-o > 0.5) & (top-right-square-o <= 0.5) & (bottom-left-square-o <= 0.5),,
605,6,3,13,3,5,,,(bottom-right-square-o > 0.5) & (top-right-square-o <= 0.5) & (middle-right-square-x <= 0.5) & (top-left-square-o <= 0.5) & (bottom-left-square-o <= 0.5) & (bottom-middle-square-x <= 0.5),(middle-middle-square-o <= 0.5) & (top-right-square-o <= 0.5) & (bottom-left-square-o <= 0.5),(middle-middle-square-o <= 0.5) & (top-left-square-o <= 0.5) & (bottom-right-square-o > 0.5) & (top-right-square-o <= 0.5) & (bottom-middle-square-o > 0.5) & (top-middle-square-o <= 0.5) & (middle-right-square-o <= 0.5) & (middle-left-square-o <= 0.5) & (top-middle-square-x <= 0.5) & (top-left-square-x <= 0.5) & (top-right-square-b <= 0.5) & (middle-left-square-b > 0.5) & (middle-right-square-b > 0.5),(middle-middle-square-o <= 0.5) & (bottom-left-square-o <= 0.5) & (top-right-square-o <= 0.5),(middle-middle-square-o <= 0.5) & (top-left-square-o <= 0.5) & (bottom-right-square-o > 0.5) & (top-right-square-o <= 0.5) & (bottom-left-square-o <= 0.5),,
606,4,7,4,4,7,4,,(bottom-right-square-o <= 0.5) & (top-right-square-o <= 0.5) & (middle-left-square-b > 0.5) & (bottom-middle-square-o <= 0.5),(middle-middle-square-o > 0.5) & (bottom-left-square-x <= 0.5) & (top-right-square-x > 0.5) & (bottom-middle-square-x <= 0.5) & (top-middle-square-o <= 0.5) & (top-left-square-o <= 0.5) & (middle-left-square-b > 0.5),(middle-middle-square-o > 0.5) & (bottom-right-square-x > 0.5) & (top-right-square-x > 0.5) & (middle-right-square-x > 0.5),(middle-middle-square-o > 0.5) & (bottom-right-square-x > 0.5) & (top-right-square-x > 0.5) & (middle-right-square-x > 0.5),(middle-middle-square-o > 0.5) & (top-right-square-x > 0.5) & (top-left-square-x <= 0.5) & (bottom-right-square-x > 0.5) & (top-middle-square-x <= 0.5) & (bottom-middle-square-o <= 0.5) & (middle-left-square-o <= 0.5),(middle-middle-square-o > 0.5) & (bottom-right-square-x > 0.5) & (top-right-square-x > 0.5) & (middle-right-square-x > 0.5),
607,5,7,4,4,7,4,,(bottom-right-square-o <= 0.5) & (top-right-square-o <= 0.5) & (middle-left-square-b > 0.5) & (bottom-middle-square-o > 0.5) & (top-middle-square-o <= 0.5),(middle-middle-square-o > 0.5) & (bottom-left-square-x <= 0.5) & (top-right-square-x > 0.5) & (bottom-middle-square-x <= 0.5) & (top-middle-square-o <= 0.5) & (top-left-square-o <= 0.5) & (middle-left-square-b > 0.5),(middle-middle-square-o > 0.5) & (bottom-right-square-x > 0.5) & (top-right-square-x > 0.5) & (middle-right-square-x > 0.5),(middle-middle-square-o > 0.5) & (bottom-right-square-x > 0.5) & (top-right-square-x > 0.5) & (middle-right-square-x > 0.5),(middle-middle-square-o > 0.5) & (top-right-square-x > 0.5) & (top-left-square-x <= 0.5) & (bottom-right-square-x > 0.5) & (top-middle-square-x <= 0.5) & (bottom-middle-square-o > 0.5) & (top-middle-square-o <= 0.5),(middle-middle-square-o > 0.5) & (bottom-right-square-x > 0.5) & (top-right-square-x > 0.5) & (middle-right-square-x > 0.5),
608,5,13,3,4,3,,,(bottom-right-square-o <= 0.5) & (top-right-square-o <= 0.5) & (middle-left-square-b > 0.5) & (bottom-middle-square-o > 0.5) & (top-middle-square-o <= 0.5),(middle-middle-square-o <= 0.5) & (top-right-square-o <= 0.5) & (bottom-left-square-o > 0.5) & (top-left-square-o <= 0.5) & (bottom-middle-square-o > 0.5) & (top-middle-square-o <= 0.5) & (middle-left-square-o <= 0.5) & (middle-right-square-o <= 0.5) & (top-middle-square-x <= 0.5) & (top-left-square-b > 0.5) & (top-right-square-b <= 0.5) & (middle-left-square-x <= 0.5) & (middle-middle-square-x <= 0.5),(middle-middle-square-o <= 0.5) & (top-left-square-o <= 0.5) & (bottom-right-square-o <= 0.5),(middle-middle-square-o <= 0.5) & (bottom-left-square-o > 0.5) & (top-left-square-o <= 0.5) & (bottom-right-square-o <= 0.5),(middle-middle-square-o <= 0.5) & (top-left-square-o <= 0.5) & (bottom-right-square-o <= 0.5),,
609,8,6,7,7,8,,,(bottom-right-square-o > 0.5) & (top-right-square-o > 0.5) & (middle-right-square-o <= 0.5) & (bottom-left-square-b <= 0.5) & (top-left-square-o <= 0.5) & (top-middle-square-x <= 0.5) & (middle-left-square-o <= 0.5) & (bottom-left-square-o <= 0.5),(middle-middle-square-o <= 0.5) & (top-right-square-o > 0.5) & (top-left-square-o <= 0.5) & (middle-right-square-o <= 0.5) & (top-middle-square-x <= 0.5) & (middle-left-square-o <= 0.5),(middle-middle-square-o <= 0.5) & (top-left-square-o <= 0.5) & (bottom-right-square-o > 0.5) & (top-right-square-o > 0.5) & (middle-right-square-o <= 0.5) & (bottom-middle-square-o > 0.5) & (top-middle-square-x <= 0.5),(middle-middle-square-o <= 0.5) & (bottom-left-square-o <= 0.5) & (top-right-square-o > 0.5) & (bottom-right-square-o > 0.5) & (middle-left-square-b <= 0.5) & (bottom-middle-square-o > 0.5) & (top-middle-square-x <= 0.5),(middle-middle-square-o <= 0.5) & (top-left-square-o <= 0.5) & (bottom-right-square-o > 0.5) & (top-right-square-o > 0.5) & (middle-right-square-o <= 0.5) & (bottom-middle-square-o > 0.5) & (bottom-left-square-o <= 0.5) & (middle-left-square-x > 0.5),,
610,11,6,7,6,7,,,(bottom-right-square-o > 0.5) & (top-right-square-o > 0.5) & (middle-right-square-o <= 0.5) & (bottom-left-square-b <= 0.5) & (top-left-square-o <= 0.5) & (top-middle-square-x <= 0.5) & (middle-left-square-o <= 0.5) & (bottom-left-square-o > 0.5) & (bottom-middle-square-x > 0.5) & (top-middle-square-b > 0.5) & (top-left-square-b > 0.5),(middle-middle-square-o <= 0.5) & (top-right-square-o > 0.5) & (top-left-square-o <= 0.5) & (middle-right-square-o <= 0.5) & (top-middle-square-x <= 0.5) & (middle-left-square-o <= 0.5),(middle-middle-square-o <= 0.5) & (top-left-square-o <= 0.5) & (bottom-right-square-o > 0.5) & (top-right-square-o > 0.5) & (middle-right-square-o <= 0.5) & (bottom-middle-square-o <= 0.5) & (middle-left-square-o <= 0.5),(middle-middle-square-o <= 0.5) & (bottom-left-square-o > 0.5) & (top-left-square-o <= 0.5) & (bottom-right-square-o > 0.5) & (bottom-middle-square-o <= 0.5) & (top-left-square-b > 0.5),(middle-middle-square-o <= 0.5) & (top-left-square-o <= 0.5) & (bottom-right-square-o > 0.5) & (top-right-square-o > 0.5) & (middle-right-square-o <= 0.5) & (bottom-middle-square-o <= 0.5) & (middle-left-square-o <= 0.5),,
611,10,6,3,4,3,,,(bottom-right-square-o <= 0.5) & (top-right-square-o > 0.5) & (middle-right-square-x > 0.5) & (bottom-middle-square-o > 0.5) & (bottom-right-square-x > 0.5) & (bottom-left-square-x <= 0.5) & (top-left-square-o <= 0.5) & (top-middle-square-x <= 0.5) & (middle-left-square-x > 0.5) & (top-left-square-b > 0.5),(middle-middle-square-o <= 0.5) & (top-right-square-o > 0.5) & (top-left-square-o <= 0.5) & (middle-right-square-o <= 0.5) & (top-middle-square-x <= 0.5) & (middle-left-square-o <= 0.5),(middle-middle-square-o <= 0.5) & (top-left-square-o <= 0.5) & (bottom-right-square-o <= 0.5),(middle-middle-square-o <= 0.5) & (bottom-left-square-o > 0.5) & (top-left-square-o <= 0.5) & (bottom-right-square-o <= 0.5),(middle-middle-square-o <= 0.5) & (top-left-square-o <= 0.5) & (bottom-right-square-o <= 0.5),,
612,13,6,3,4,3,,,(bottom-right-square-o <= 0.5) & (top-right-square-o > 0.5) & (middle-right-square-x > 0.5) & (bottom-middle-square-o <= 0.5) & (middle-left-square-b <= 0.5) & (top-left-square-o <= 0.5) & (bottom-left-square-o > 0.5) & (top-middle-square-o <= 0.5) & (top-middle-square-b > 0.5) & (bottom-middle-square-x <= 0.5) & (middle-left-square-x > 0.5) & (top-left-square-b > 0.5) & (bottom-right-square-b > 0.5),(middle-middle-square-o <= 0.5) & (top-right-square-o > 0.5) & (top-left-square-o <= 0.5) & (middle-right-square-o <= 0.5) & (top-middle-square-x <= 0.5) & (middle-left-square-o <= 0.5),(middle-middle-square-o <= 0.5) & (top-left-square-o <= 0.5) & (bottom-right-square-o <= 0.5),(middle-middle-square-o <= 0.5) & (bottom-left-square-o > 0.5) & (top-left-square-o <= 0.5) & (bottom-right-square-o <= 0.5),(middle-middle-square-o <= 0.5) & (top-left-square-o <= 0.5) & (bottom-right-square-o <= 0.5),,
613,6,6,3,5,3,,,(bottom-right-square-o <= 0.5) & (top-right-square-o > 0.5) & (middle-right-square-x > 0.5) & (bottom-middle-square-o > 0.5) & (bottom-right-square-x <= 0.5) & (bottom-left-square-o <= 0.5),(middle-middle-square-o <= 0.5) & (top-right-square-o > 0.5) & (top-left-square-o <= 0.5) & (middle-right-square-o <= 0.5) & (top-middle-square-x <= 0.5) & (middle-left-square-o <= 0.5),(middle-middle-square-o <= 0.5) & (top-left-square-o <= 0.5) & (bottom-right-square-o <= 0.5),(middle-middle-square-o <= 0.5) & (bottom-left-square-o <= 0.5) & (top-right-square-o > 0.5) & (bottom-right-square-o <= 0.5) & (top-left-square-o <= 0.5),(middle-middle-square-o <= 0.5) & (top-left-square-o <= 0.5) & (bottom-right-square-o <= 0.5),,
614,5,6,7,14,7,,,(bottom-right-square-o > 0.5) & (top-right-square-o > 0.5) & (middle-right-square-o <= 0.5) & (bottom-left-square-b > 0.5) & (top-left-square-o <= 0.5),(middle-middle-square-o <= 0.5) & (top-right-square-o > 0.5) & (top-left-square-o <= 0.5) & (middle-right-square-o <= 0.5) & (top-middle-square-x <= 0.5) & (middle-left-square-o <= 0.5),(middle-middle-square-o <= 0.5) & (top-left-square-o <= 0.5) & (bottom-right-square-o > 0.5) & (top-right-square-o > 0.5) & (middle-right-square-o <= 0.5) & (bottom-middle-square-o <= 0.5) & (middle-left-square-o <= 0.5),(middle-middle-square-o <= 0.5) & (bottom-left-square-o <= 0.5) & (top-right-square-o > 0.5) & (bottom-right-square-o > 0.5) & (middle-left-square-b <= 0.5) & (bottom-middle-square-o <= 0.5) & (middle-middle-square-b <= 0.5) & (bottom-left-square-b > 0.5) & (top-left-square-o <= 0.5) & (middle-left-square-o <= 0.5) & (top-middle-square-o <= 0.5) & (bottom-middle-square-x <= 0.5) & (top-middle-square-b > 0.5) & (top-left-square-x <= 0.5),(middle-middle-square-o <= 0.5) & (top-left-square-o <= 0.5) & (bottom-right-square-o > 0.5) & (top-right-square-o > 0.5) & (middle-right-square-o <= 0.5) & (bottom-middle-square-o <= 0.5) & (middle-left-square-o <= 0.5),,
615,6,7,11,7,5,,,(bottom-right-square-o <= 0.5) & (top-right-square-o > 0.5) & (middle-right-square-x <= 0.5) & (bottom-left-square-o <= 0.5) & (top-left-square-o <= 0.5) & (top-middle-square-x <= 0.5),(middle-middle-square-o > 0.5) & (bottom-left-square-x > 0.5) & (top-left-square-x <= 0.5) & (bottom-middle-square-x > 0.5) & (top-middle-square-x <= 0.5) & (top-left-square-b > 0.5) & (top-right-square-x <= 0.5),(middle-middle-square-o > 0.5) & (bottom-right-square-x > 0.5) & (top-right-square-x <= 0.5) & (bottom-middle-square-x > 0.5) & (top-middle-square-x <= 0.5) & (top-right-square-b <= 0.5) & (middle-right-square-x <= 0.5) & (top-left-square-x <= 0.5) & (middle-left-square-x > 0.5) & (top-left-square-b > 0.5) & (middle-right-square-b <= 0.5),(middle-middle-square-o > 0.5) & (top-right-square-x <= 0.5) & (bottom-left-square-x > 0.5) & (top-middle-square-x <= 0.5) & (bottom-middle-square-o <= 0.5) & (top-left-square-o <= 0.5) & (middle-left-square-o <= 0.5),(middle-middle-square-o > 0.5) & (bottom-right-square-x > 0.5) & (top-right-square-x <= 0.5) & (bottom-left-square-x > 0.5) & (bottom-middle-square-x > 0.5),,
616,6,8,3,5,3,,,(bottom-right-square-o <= 0.5) & (top-right-square-o > 0.5) & (middle-right-square-x <= 0.5) & (bottom-left-square-o <= 0.5) & (top-left-square-o <= 0.5) & (top-middle-square-x <= 0.5),(middle-middle-square-o <= 0.5) & (top-right-square-o > 0.5) & (top-left-square-o <= 0.5) & (middle-right-square-o > 0.5) & (top-middle-square-o <= 0.5) & (middle-left-square-o > 0.5) & (bottom-left-square-x > 0.5) & (top-left-square-x <= 0.5),(middle-middle-square-o <= 0.5) & (top-left-square-o <= 0.5) & (bottom-right-square-o <= 0.5),(middle-middle-square-o <= 0.5) & (bottom-left-square-o <= 0.5) & (top-right-square-o > 0.5) & (bottom-right-square-o <= 0.5) & (top-left-square-o <= 0.5),(middle-middle-square-o <= 0.5) & (top-left-square-o <= 0.5) & (bottom-right-square-o <= 0.5),,
617,7,7,11,9,5,,,(bottom-right-square-o <= 0.5) & (top-right-square-o > 0.5) & (middle-right-square-x > 0.5) & (bottom-middle-square-o <= 0.5) & (middle-left-square-b <= 0.5) & (top-left-square-o <= 0.5) & (bottom-left-square-o <= 0.5),(middle-middle-square-o > 0.5) & (bottom-left-square-x > 0.5) & (top-left-square-x <= 0.5) & (bottom-middle-square-x > 0.5) & (top-middle-square-x <= 0.5) & (top-left-square-b > 0.5) & (top-right-square-x <= 0.5),(middle-middle-square-o > 0.5) & (bottom-right-square-x > 0.5) & (top-right-square-x <= 0.5) & (bottom-middle-square-x > 0.5) & (top-middle-square-x <= 0.5) & (top-right-square-b <= 0.5) & (middle-right-square-x > 0.5) & (middle-left-square-x <= 0.5) & (top-left-square-x <= 0.5) & (top-left-square-o <= 0.5) & (middle-left-square-o > 0.5),(middle-middle-square-o > 0.5) & (top-right-square-x <= 0.5) & (bottom-left-square-x > 0.5) & (top-middle-square-x <= 0.5) & (bottom-middle-square-o <= 0.5) & (top-left-square-o <= 0.5) & (middle-left-square-o > 0.5) & (bottom-right-square-b <= 0.5) & (bottom-middle-square-b <= 0.5),(middle-middle-square-o > 0.5) & (bottom-right-square-x > 0.5) & (top-right-square-x <= 0.5) & (bottom-left-square-x > 0.5) & (bottom-middle-square-x > 0.5),,
618,6,7,3,5,3,,,(bottom-right-square-o <= 0.5) & (top-right-square-o > 0.5) & (middle-right-square-x <= 0.5) & (bottom-left-square-o <= 0.5) & (top-left-square-o <= 0.5) & (top-middle-square-x <= 0.5),(middle-middle-square-o <= 0.5) & (top-right-square-o > 0.5) & (top-left-square-o <= 0.5) & (middle-right-square-o <= 0.5) & (top-middle-square-x <= 0.5) & (middle-left-square-o > 0.5) & (middle-right-square-x <= 0.5),(middle-middle-square-o <= 0.5) & (top-left-square-o <= 0.5) & (bottom-right-square-o <= 0.5),(middle-middle-square-o <= 0.5) & (bottom-left-square-o <= 0.5) & (top-right-square-o > 0.5) & (bottom-right-square-o <= 0.5) & (top-left-square-o <= 0.5),(middle-middle-square-o <= 0.5) & (top-left-square-o <= 0.5) & (bottom-right-square-o <= 0.5),,
619,6,7,9,7,5,,,(bottom-right-square-o <= 0.5) & (top-right-square-o > 0.5) & (middle-right-square-x <= 0.5) & (bottom-left-square-o <= 0.5) & (top-left-square-o <= 0.5) & (top-middle-square-x <= 0.5),(middle-middle-square-o > 0.5) & (bottom-left-square-x > 0.5) & (top-left-square-x <= 0.5) & (bottom-middle-square-x > 0.5) & (top-middle-square-x <= 0.5) & (top-left-square-b > 0.5) & (top-right-square-x <= 0.5),(middle-middle-square-o > 0.5) & (bottom-right-square-x > 0.5) & (top-right-square-x <= 0.5) & (bottom-middle-square-x > 0.5) & (top-middle-square-x <= 0.5) & (top-right-square-b <= 0.5) & (middle-right-square-x <= 0.5) & (top-left-square-x <= 0.5) & (middle-left-square-x <= 0.5),(middle-middle-square-o > 0.5) & (top-right-square-x <= 0.5) & (bottom-left-square-x > 0.5) & (top-middle-square-x <= 0.5) & (bottom-middle-square-o <= 0.5) & (top-left-square-o <= 0.5) & (middle-left-square-o <= 0.5),(middle-middle-square-o > 0.5) & (bottom-right-square-x > 0.5) & (top-right-square-x <= 0.5) & (bottom-left-square-x > 0.5) & (bottom-middle-square-x > 0.5),,
620,6,13,3,5,3,,,(bottom-right-square-o <= 0.5) & (top-right-square-o > 0.5) & (middle-right-square-x <= 0.5) & (bottom-left-square-o <= 0.5) & (top-left-square-o <= 0.5) & (top-middle-square-x <= 0.5),(middle-middle-square-o <= 0.5) & (top-right-square-o > 0.5) & (top-left-square-o <= 0.5) & (middle-right-square-o > 0.5) & (top-middle-square-o <= 0.5) & (middle-left-square-o <= 0.5) & (bottom-middle-square-o <= 0.5) & (bottom-left-square-o <= 0.5) & (top-middle-square-b > 0.5) & (middle-middle-square-x <= 0.5) & (bottom-middle-square-b <= 0.5) & (top-left-square-b > 0.5) & (middle-left-square-b > 0.5),(middle-middle-square-o <= 0.5) & (top-left-square-o <= 0.5) & (bottom-right-square-o <= 0.5),(middle-middle-square-o <= 0.5) & (bottom-left-square-o <= 0.5) & (top-right-square-o > 0.5) & (bottom-right-square-o <= 0.5) & (top-left-square-o <= 0.5),(middle-middle-square-o <= 0.5) & (top-left-square-o <= 0.5) & (bottom-right-square-o <= 0.5),,
621,7,11,3,4,3,,,(bottom-right-square-o <= 0.5) & (top-right-square-o <= 0.5) & (middle-left-square-b <= 0.5) & (bottom-middle-square-x <= 0.5) & (top-middle-square-b > 0.5) & (bottom-middle-square-o > 0.5) & (middle-right-square-o <= 0.5),(middle-middle-square-o <= 0.5) & (top-right-square-o <= 0.5) & (bottom-left-square-o > 0.5) & (top-left-square-o <= 0.5) & (bottom-middle-square-o > 0.5) & (top-middle-square-o <= 0.5) & (middle-left-square-o <= 0.5) & (middle-right-square-o <= 0.5) & (top-middle-square-x <= 0.5) & (top-left-square-b > 0.5) & (top-right-square-b > 0.5),(middle-middle-square-o <= 0.5) & (top-left-square-o <= 0.5) & (bottom-right-square-o <= 0.5),(middle-middle-square-o <= 0.5) & (bottom-left-square-o > 0.5) & (top-left-square-o <= 0.5) & (bottom-right-square-o <= 0.5),(middle-middle-square-o <= 0.5) & (top-left-square-o <= 0.5) & (bottom-right-square-o <= 0.5),,
622,8,6,6,6,7,,,(bottom-right-square-o > 0.5) & (top-right-square-o <= 0.5) & (middle-right-square-x > 0.5) & (top-middle-square-o <= 0.5) & (middle-left-square-b <= 0.5) & (bottom-left-square-o > 0.5) & (bottom-middle-square-o <= 0.5) & (top-left-square-o <= 0.5),(middle-middle-square-o <= 0.5) & (top-right-square-o <= 0.5) & (bottom-left-square-o > 0.5) & (top-left-square-o <= 0.5) & (bottom-middle-square-o <= 0.5) & (top-middle-square-o <= 0.5),(middle-middle-square-o <= 0.5) & (top-left-square-o <= 0.5) & (bottom-right-square-o > 0.5) & (top-right-square-o <= 0.5) & (bottom-middle-square-o <= 0.5) & (top-middle-square-o <= 0.5),(middle-middle-square-o <= 0.5) & (bottom-left-square-o > 0.5) & (top-left-square-o <= 0.5) & (bottom-right-square-o > 0.5) & (bottom-middle-square-o <= 0.5) & (top-left-square-b > 0.5),(middle-middle-square-o <= 0.5) & (top-left-square-o <= 0.5) & (bottom-right-square-o > 0.5) & (top-right-square-o <= 0.5) & (bottom-left-square-o > 0.5) & (bottom-middle-square-o <= 0.5) & (top-left-square-b > 0.5),,
623,7,3,11,3,5,,,(bottom-right-square-o > 0.5) & (top-right-square-o <= 0.5) & (middle-right-square-x > 0.5) & (top-middle-square-o <= 0.5) & (middle-left-square-b <= 0.5) & (bottom-left-square-o <= 0.5) & (top-left-square-o <= 0.5),(middle-middle-square-o <= 0.5) & (top-right-square-o <= 0.5) & (bottom-left-square-o <= 0.5),(middle-middle-square-o <= 0.5) & (top-left-square-o <= 0.5) & (bottom-right-square-o > 0.5) & (top-right-square-o <= 0.5) & (bottom-middle-square-o > 0.5) & (top-middle-square-o <= 0.5) & (middle-right-square-o <= 0.5) & (middle-left-square-o <= 0.5) & (top-middle-square-x <= 0.5) & (top-left-square-x <= 0.5) & (top-right-square-b > 0.5),(middle-middle-square-o <= 0.5) & (bottom-left-square-o <= 0.5) & (top-right-square-o <= 0.5),(middle-middle-square-o <= 0.5) & (top-left-square-o <= 0.5) & (bottom-right-square-o > 0.5) & (top-right-square-o <= 0.5) & (bottom-left-square-o <= 0.5),,
624,6,7,7,9,5,,,(bottom-right-square-o <= 0.5) & (top-right-square-o <= 0.5) & (middle-left-square-b <= 0.5) & (bottom-middle-square-x > 0.5) & (bottom-left-square-x > 0.5) & (bottom-right-square-b <= 0.5),(middle-middle-square-o > 0.5) & (bottom-left-square-x > 0.5) & (top-left-square-x <= 0.5) & (bottom-middle-square-x > 0.5) & (top-middle-square-x <= 0.5) & (top-left-square-b > 0.5) & (top-right-square-x <= 0.5),(middle-middle-square-o > 0.5) & (bottom-right-square-x > 0.5) & (top-right-square-x <= 0.5) & (bottom-middle-square-x > 0.5) & (top-middle-square-x <= 0.5) & (top-right-square-b > 0.5) & (top-left-square-x <= 0.5),(middle-middle-square-o > 0.5) & (top-right-square-x <= 0.5) & (bottom-left-square-x > 0.5) & (top-middle-square-x <= 0.5) & (bottom-middle-square-o <= 0.5) & (top-left-square-o <= 0.5) & (middle-left-square-o > 0.5) & (bottom-right-square-b <= 0.5) & (bottom-middle-square-b <= 0.5),(middle-middle-square-o > 0.5) & (bottom-right-square-x > 0.5) & (top-right-square-x <= 0.5) & (bottom-left-square-x > 0.5) & (bottom-middle-square-x > 0.5),,
625,6,3,3,3,3,,,(bottom-right-square-o <= 0.5) & (top-right-square-o <= 0.5) & (middle-left-square-b <= 0.5) & (bottom-middle-square-x > 0.5) & (bottom-left-square-x > 0.5) & (bottom-right-square-b <= 0.5),(middle-middle-square-o <= 0.5) & (top-right-square-o <= 0.5) & (bottom-left-square-o <= 0.5),(middle-middle-square-o <= 0.5) & (top-left-square-o <= 0.5) & (bottom-right-square-o <= 0.5),(middle-middle-square-o <= 0.5) & (bottom-left-square-o <= 0.5) & (top-right-square-o <= 0.5),(middle-middle-square-o <= 0.5) & (top-left-square-o <= 0.5) & (bottom-right-square-o <= 0.5),,
626,4,7,7,7,5,,,(bottom-right-square-o <= 0.5) & (top-right-square-o <= 0.5) & (middle-left-square-b > 0.5) & (bottom-middle-square-o <= 0.5),(middle-middle-square-o > 0.5) & (bottom-left-square-x > 0.5) & (top-left-square-x <= 0.5) & (bottom-middle-square-x > 0.5) & (top-middle-square-x <= 0.5) & (top-left-square-b > 0.5) & (top-right-square-x <= 0.5),(middle-middle-square-o > 0.5) & (bottom-right-square-x > 0.5) & (top-right-square-x <= 0.5) & (bottom-middle-square-x > 0.5) & (top-middle-square-x <= 0.5) & (top-right-square-b > 0.5) & (top-left-square-x <= 0.5),(middle-middle-square-o > 0.5) & (top-right-square-x <= 0.5) & (bottom-left-square-x > 0.5) & (top-middle-square-x <= 0.5) & (bottom-middle-square-o <= 0.5) & (top-left-square-o <= 0.5) & (middle-left-square-o <= 0.5),(middle-middle-square-o > 0.5) & (bottom-right-square-x > 0.5) & (top-right-square-x <= 0.5) & (bottom-left-square-x > 0.5) & (bottom-middle-square-x > 0.5),,
627,3,12,5,10,5,,,(bottom-right-square-o > 0.5) & (top-right-square-o > 0.5) & (middle-right-square-o > 0.5),(middle-middle-square-o <= 0.5) & (top-right-square-o > 0.5) & (top-left-square-o <= 0.5) & (middle-right-square-o > 0.5) & (top-middle-square-o <= 0.5) & (middle-left-square-o <= 0.5) & (bottom-middle-square-o <= 0.5) & (bottom-left-square-o > 0.5) & (middle-left-square-x > 0.5) & (top-left-square-x > 0.5) & (bottom-middle-square-b > 0.5) & (top-middle-square-b <= 0.5),(middle-middle-square-o <= 0.5) & (top-left-square-o <= 0.5) & (bottom-right-square-o > 0.5) & (top-right-square-o > 0.5) & (middle-right-square-o > 0.5),(middle-middle-square-o <= 0.5) & (bottom-left-square-o > 0.5) & (top-left-square-o <= 0.5) & (bottom-right-square-o > 0.5) & (bottom-middle-square-o <= 0.5) & (top-left-square-b <= 0.5) & (middle-left-square-x > 0.5) & (bottom-middle-square-x <= 0.5) & (top-right-square-o > 0.5) & (top-middle-square-x > 0.5),(middle-middle-square-o <= 0.5) & (top-left-square-o <= 0.5) & (bottom-right-square-o > 0.5) & (top-right-square-o > 0.5) & (middle-right-square-o > 0.5),,
628,3,12,5,11,5,,,(bottom-right-square-o > 0.5) & (top-right-square-o > 0.5) & (middle-right-square-o > 0.5),(middle-middle-square-o <= 0.5) & (top-right-square-o > 0.5) & (top-left-square-o <= 0.5) & (middle-right-square-o > 0.5) & (top-middle-square-o <= 0.5) & (middle-left-square-o <= 0.5) & (bottom-middle-square-o > 0.5) & (top-middle-square-x > 0.5) & (middle-middle-square-b <= 0.5) & (bottom-left-square-x <= 0.5) & (bottom-left-square-b > 0.5) & (middle-left-square-b <= 0.5),(middle-middle-square-o <= 0.5) & (top-left-square-o <= 0.5) & (bottom-right-square-o > 0.5) & (top-right-square-o > 0.5) & (middle-right-square-o > 0.5),(middle-middle-square-o <= 0.5) & (bottom-left-square-o <= 0.5) & (top-right-square-o > 0.5) & (bottom-right-square-o > 0.5) & (middle-left-square-b <= 0.5) & (bottom-middle-square-o > 0.5) & (top-middle-square-x > 0.5) & (middle-left-square-x > 0.5) & (top-left-square-o <= 0.5) & (middle-middle-square-x > 0.5) & (top-left-square-x > 0.5),(middle-middle-square-o <= 0.5) & (top-left-square-o <= 0.5) & (bottom-right-square-o > 0.5) & (top-right-square-o > 0.5) & (middle-right-square-o > 0.5),,
629,10,10,9,5,7,,,(bottom-right-square-o > 0.5) & (top-right-square-o > 0.5) & (middle-right-square-o <= 0.5) & (bottom-left-square-b <= 0.5) & (top-left-square-o <= 0.5) & (top-middle-square-x > 0.5) & (top-left-square-x > 0.5) & (middle-right-square-b > 0.5) & (bottom-left-square-o > 0.5) & (middle-left-square-b <= 0.5),(middle-middle-square-o <= 0.5) & (top-right-square-o > 0.5) & (top-left-square-o <= 0.5) & (middle-right-square-o <= 0.5) & (top-middle-square-x > 0.5) & (bottom-middle-square-o > 0.5) & (top-left-square-x > 0.5) & (middle-right-square-x <= 0.5) & (bottom-left-square-o > 0.5) & (middle-left-square-x > 0.5),(middle-middle-square-o <= 0.5) & (top-left-square-o <= 0.5) & (bottom-right-square-o > 0.5) & (top-right-square-o > 0.5) & (middle-right-square-o <= 0.5) & (bottom-middle-square-o > 0.5) & (top-middle-square-x > 0.5) & (top-left-square-x > 0.5) & (middle-middle-square-x > 0.5),(middle-middle-square-o <= 0.5) & (bottom-left-square-o > 0.5) & (top-left-square-o <= 0.5) & (bottom-right-square-o > 0.5) & (bottom-middle-square-o > 0.5),(middle-middle-square-o <= 0.5) & (top-left-square-o <= 0.5) & (bottom-right-square-o > 0.5) & (top-right-square-o > 0.5) & (middle-right-square-o <= 0.5) & (bottom-middle-square-o > 0.5) & (bottom-left-square-o > 0.5),,
630,8,3,10,3,7,,,(bottom-right-square-o <= 0.5) & (top-right-square-o > 0.5) & (middle-right-square-x > 0.5) & (bottom-middle-square-o > 0.5) & (bottom-right-square-x <= 0.5) & (bottom-left-square-o > 0.5) & (top-left-square-b <= 0.5) & (top-middle-square-x > 0.5),(middle-middle-square-o > 0.5) & (bottom-left-square-x <= 0.5) & (top-right-square-x <= 0.5),(middle-middle-square-o > 0.5) & (bottom-right-square-x <= 0.5) & (top-left-square-x > 0.5) & (bottom-middle-square-x <= 0.5) & (top-middle-square-o <= 0.5) & (top-right-square-o > 0.5) & (middle-right-square-x > 0.5) & (top-middle-square-b <= 0.5) & (bottom-middle-square-o > 0.5) & (bottom-right-square-o <= 0.5),(middle-middle-square-o > 0.5) & (top-right-square-x <= 0.5) & (bottom-left-square-x <= 0.5),(middle-middle-square-o > 0.5) & (bottom-right-square-x <= 0.5) & (top-left-square-x > 0.5) & (bottom-middle-square-x <= 0.5) & (middle-right-square-x > 0.5) & (bottom-left-square-x <= 0.5) & (middle-left-square-x > 0.5),,
631,10,3,9,3,7,,,(bottom-right-square-o > 0.5) & (top-right-square-o > 0.5) & (middle-right-square-o <= 0.5) & (bottom-left-square-b <= 0.5) & (top-left-square-o <= 0.5) & (top-middle-square-x > 0.5) & (top-left-square-x > 0.5) & (middle-right-square-b <= 0.5) & (middle-left-square-b <= 0.5) & (bottom-middle-square-b > 0.5),(middle-middle-square-o > 0.5) & (bottom-left-square-x <= 0.5) & (top-right-square-x <= 0.5),(middle-middle-square-o > 0.5) & (bottom-right-square-x <= 0.5) & (top-left-square-x > 0.5) & (bottom-middle-square-x <= 0.5) & (top-middle-square-o <= 0.5) & (top-right-square-o > 0.5) & (middle-right-square-x > 0.5) & (top-middle-square-b <= 0.5) & (bottom-middle-square-o <= 0.5),(middle-middle-square-o > 0.5) & (top-right-square-x <= 0.5) & (bottom-left-square-x <= 0.5),(middle-middle-square-o > 0.5) & (bottom-right-square-x <= 0.5) & (top-left-square-x > 0.5) & (bottom-middle-square-x <= 0.5) & (middle-right-square-x > 0.5) & (bottom-left-square-x <= 0.5) & (middle-left-square-x > 0.5),,
632,11,3,6,3,6,,,(bottom-right-square-o <= 0.5) & (top-right-square-o > 0.5) & (middle-right-square-x <= 0.5) & (bottom-left-square-o > 0.5) & (middle-left-square-x > 0.5) & (middle-right-square-o > 0.5) & (top-left-square-o <= 0.5) & (top-middle-square-o <= 0.5) & (bottom-middle-square-o <= 0.5) & (top-middle-square-x > 0.5) & (top-left-square-x > 0.5),(middle-middle-square-o > 0.5) & (bottom-left-square-x <= 0.5) & (top-right-square-x <= 0.5),(middle-middle-square-o > 0.5) & (bottom-right-square-x <= 0.5) & (top-left-square-x > 0.5) & (bottom-middle-square-x > 0.5) & (top-right-square-o > 0.5) & (top-middle-square-x > 0.5),(middle-middle-square-o > 0.5) & (top-right-square-x <= 0.5) & (bottom-left-square-x <= 0.5),(middle-middle-square-o > 0.5) & (bottom-right-square-x <= 0.5) & (top-left-square-x > 0.5) & (bottom-middle-square-x > 0.5) & (top-right-square-o > 0.5) & (bottom-left-square-x <= 0.5),,
633,11,3,9,3,4,,,(bottom-right-square-o <= 0.5) & (top-right-square-o > 0.5) & (middle-right-square-x <= 0.5) & (bottom-left-square-o > 0.5) & (middle-left-square-x > 0.5) & (middle-right-square-o > 0.5) & (top-left-square-o <= 0.5) & (top-middle-square-o <= 0.5) & (bottom-middle-square-o <= 0.5) & (top-middle-square-x > 0.5) & (top-left-square-x > 0.5),(middle-middle-square-o > 0.5) & (bottom-left-square-x <= 0.5) & (top-right-square-x <= 0.5),(middle-middle-square-o > 0.5) & (bottom-right-square-x > 0.5) & (top-right-square-x <= 0.5) & (bottom-middle-square-x <= 0.5) & (middle-right-square-x <= 0.5) & (middle-left-square-x > 0.5) & (middle-right-square-b <= 0.5) & (top-middle-square-x > 0.5) & (bottom-middle-square-b > 0.5),(middle-middle-square-o > 0.5) & (top-right-square-x <= 0.5) & (bottom-left-square-x <= 0.5),(middle-middle-square-o > 0.5) & (bottom-right-square-x > 0.5) & (top-right-square-x <= 0.5) & (bottom-left-square-x <= 0.5),,
634,3,3,6,3,6,,,(bottom-right-square-o > 0.5) & (top-right-square-o > 0.5) & (middle-right-square-o > 0.5),(middle-middle-square-o > 0.5) & (bottom-left-square-x <= 0.5) & (top-right-square-x <= 0.5),(middle-middle-square-o > 0.5) & (bottom-right-square-x <= 0.5) & (top-left-square-x > 0.5) & (bottom-middle-square-x > 0.5) & (top-right-square-o > 0.5) & (top-middle-square-x > 0.5),(middle-middle-square-o > 0.5) & (top-right-square-x <= 0.5) & (bottom-left-square-x <= 0.5),(middle-middle-square-o > 0.5) & (bottom-right-square-x <= 0.5) & (top-left-square-x > 0.5) & (bottom-middle-square-x > 0.5) & (top-right-square-o > 0.5) & (bottom-left-square-x <= 0.5),,
635,10,3,6,3,6,,,(bottom-right-square-o > 0.5) & (top-right-square-o > 0.5) & (middle-right-square-o <= 0.5) & (bottom-left-square-b <= 0.5) & (top-left-square-o <= 0.5) & (top-middle-square-x > 0.5) & (top-left-square-x > 0.5) & (middle-right-square-b > 0.5) & (bottom-left-square-o > 0.5) & (middle-left-square-b <= 0.5),(middle-middle-square-o > 0.5) & (bottom-left-square-x <= 0.5) & (top-right-square-x <= 0.5),(middle-middle-square-o > 0.5) & (bottom-right-square-x <= 0.5) & (top-left-square-x > 0.5) & (bottom-middle-square-x > 0.5) & (top-right-square-o > 0.5) & (top-middle-square-x > 0.5),(middle-middle-square-o > 0.5) & (top-right-square-x <= 0.5) & (bottom-left-square-x <= 0.5),(middle-middle-square-o > 0.5) & (bottom-right-square-x <= 0.5) & (top-left-square-x > 0.5) & (bottom-middle-square-x > 0.5) & (top-right-square-o > 0.5) & (bottom-left-square-x <= 0.5),,
636,9,3,10,3,4,,,(bottom-right-square-o <= 0.5) & (top-right-square-o > 0.5) & (middle-right-square-x <= 0.5) & (bottom-left-square-o > 0.5) & (middle-left-square-x > 0.5) & (middle-right-square-o <= 0.5) & (top-left-square-b <= 0.5) & (bottom-middle-square-x <= 0.5) & (top-middle-square-x > 0.5),(middle-middle-square-o > 0.5) & (bottom-left-square-x <= 0.5) & (top-right-square-x <= 0.5),(middle-middle-square-o > 0.5) & (bottom-right-square-x > 0.5) & (top-right-square-x <= 0.5) & (bottom-middle-square-x <= 0.5) & (middle-right-square-x <= 0.5) & (middle-left-square-x > 0.5) & (middle-right-square-b > 0.5) & (top-left-square-b <= 0.5) & (top-right-square-o > 0.5) & (top-middle-square-x > 0.5),(middle-middle-square-o > 0.5) & (top-right-square-x <= 0.5) & (bottom-left-square-x <= 0.5),(middle-middle-square-o > 0.5) & (bottom-right-square-x > 0.5) & (top-right-square-x <= 0.5) & (bottom-left-square-x <= 0.5),,
637,9,3,11,3,13,,,(bottom-right-square-o <= 0.5) & (top-right-square-o > 0.5) & (middle-right-square-x <= 0.5) & (bottom-left-square-o > 0.5) & (middle-left-square-x > 0.5) & (middle-right-square-o <= 0.5) & (top-left-square-b <= 0.5) & (bottom-middle-square-x <= 0.5) & (top-middle-square-x > 0.5),(middle-middle-square-o > 0.5) & (bottom-left-square-x <= 0.5) & (top-right-square-x <= 0.5),(middle-middle-square-o > 0.5) & (bottom-right-square-x <= 0.5) & (top-left-square-x > 0.5) & (bottom-middle-square-x <= 0.5) & (top-middle-square-o <= 0.5) & (top-right-square-o > 0.5) & (middle-right-square-x <= 0.5) & (top-middle-square-b <= 0.5) & (bottom-middle-square-o <= 0.5) & (bottom-right-square-o <= 0.5) & (middle-right-square-b > 0.5),(middle-middle-square-o > 0.5) & (top-right-square-x <= 0.5) & (bottom-left-square-x <= 0.5),(middle-middle-square-o > 0.5) & (bottom-right-square-x <= 0.5) & (top-left-square-x > 0.5) & (bottom-middle-square-x <= 0.5) & (middle-right-square-x <= 0.5) & (bottom-right-square-o <= 0.5) & (middle-left-square-o <= 0.5) & (middle-right-square-b > 0.5) & (top-right-square-b <= 0.5) & (bottom-left-square-b <= 0.5) & (middle-left-square-x > 0.5) & (bottom-left-square-x <= 0.5) & (bottom-middle-square-o <= 0.5),,
638,12,9,10,5,7,,,(bottom-right-square-o > 0.5) & (top-right-square-o > 0.5) & (middle-right-square-o <= 0.5) & (bottom-left-square-b <= 0.5) & (top-left-square-o <= 0.5) & (top-middle-square-x > 0.5) & (top-left-square-x > 0.5) & (middle-right-square-b <= 0.5) & (middle-left-square-b <= 0.5) & (bottom-middle-square-b <= 0.5) & (middle-left-square-o <= 0.5) & (bottom-left-square-o > 0.5),(middle-middle-square-o <= 0.5) & (top-right-square-o > 0.5) & (top-left-square-o <= 0.5) & (middle-right-square-o <= 0.5) & (top-middle-square-x > 0.5) & (bottom-middle-square-o > 0.5) & (top-left-square-x > 0.5) & (middle-right-square-x > 0.5) & (middle-left-square-o <= 0.5),(middle-middle-square-o <= 0.5) & (top-left-square-o <= 0.5) & (bottom-right-square-o > 0.5) & (top-right-square-o > 0.5) & (middle-right-square-o <= 0.5) & (bottom-middle-square-o > 0.5) & (top-middle-square-x > 0.5) & (top-left-square-x > 0.5) & (middle-middle-square-x <= 0.5) & (middle-right-square-b <= 0.5),(middle-middle-square-o <= 0.5) & (bottom-left-square-o > 0.5) & (top-left-square-o <= 0.5) & (bottom-right-square-o > 0.5) & (bottom-middle-square-o > 0.5),(middle-middle-square-o <= 0.5) & (top-left-square-o <= 0.5) & (bottom-right-square-o > 0.5) & (top-right-square-o > 0.5) & (middle-right-square-o <= 0.5) & (bottom-middle-square-o > 0.5) & (bottom-left-square-o > 0.5),,
639,3,11,5,9,5,,,(bottom-right-square-o > 0.5) & (top-right-square-o > 0.5) & (middle-right-square-o > 0.5),(middle-middle-square-o <= 0.5) & (top-right-square-o > 0.5) & (top-left-square-o <= 0.5) & (middle-right-square-o > 0.5) & (top-middle-square-o <= 0.5) & (middle-left-square-o <= 0.5) & (bottom-middle-square-o <= 0.5) & (bottom-left-square-o > 0.5) & (middle-left-square-x > 0.5) & (top-left-square-x > 0.5) & (bottom-middle-square-b <= 0.5),(middle-middle-square-o <= 0.5) & (top-left-square-o <= 0.5) & (bottom-right-square-o > 0.5) & (top-right-square-o > 0.5) & (middle-right-square-o > 0.5),(middle-middle-square-o <= 0.5) & (bottom-left-square-o > 0.5) & (top-left-square-o <= 0.5) & (bottom-right-square-o > 0.5) & (bottom-middle-square-o <= 0.5) & (top-left-square-b <= 0.5) & (middle-left-square-x > 0.5) & (bottom-middle-square-x > 0.5) & (top-middle-square-o <= 0.5),(middle-middle-square-o <= 0.5) & (top-left-square-o <= 0.5) & (bottom-right-square-o > 0.5) & (top-right-square-o > 0.5) & (middle-right-square-o > 0.5),,
640,3,10,5,8,5,,,(bottom-right-square-o > 0.5) & (top-right-square-o > 0.5) & (middle-right-square-o > 0.5),(middle-middle-square-o <= 0.5) & (top-right-square-o > 0.5) & (top-left-square-o <= 0.5) & (middle-right-square-o > 0.5) & (top-middle-square-o <= 0.5) & (middle-left-square-o <= 0.5) & (bottom-middle-square-o <= 0.5) & (bottom-left-square-o <= 0.5) & (top-middle-square-b <= 0.5) & (bottom-middle-square-b > 0.5),(middle-middle-square-o <= 0.5) & (top-left-square-o <= 0.5) & (bottom-right-square-o > 0.5) & (top-right-square-o > 0.5) & (middle-right-square-o > 0.5),(middle-middle-square-o <= 0.5) & (bottom-left-square-o <= 0.5) & (top-right-square-o > 0.5) & (bottom-right-square-o > 0.5) & (middle-left-square-b <= 0.5) & (bottom-middle-square-o <= 0.5) & (middle-middle-square-b > 0.5) & (top-middle-square-x > 0.5),(middle-middle-square-o <= 0.5) & (top-left-square-o <= 0.5) & (bottom-right-square-o > 0.5) & (top-right-square-o > 0.5) & (middle-right-square-o > 0.5),,
641,3,10,5,11,5,,,(bottom-right-square-o > 0.5) & (top-right-square-o > 0.5) & (middle-right-square-o > 0.5),(middle-middle-square-o <= 0.5) & (top-right-square-o > 0.5) & (top-left-square-o <= 0.5) & (middle-right-square-o > 0.5) & (top-middle-square-o <= 0.5) & (middle-left-square-o > 0.5) & (bottom-left-square-x > 0.5) & (top-left-square-x > 0.5) & (bottom-middle-square-o <= 0.5) & (top-middle-square-b <= 0.5),(middle-middle-square-o <= 0.5) & (top-left-square-o <= 0.5) & (bottom-right-square-o > 0.5) & (top-right-square-o > 0.5) & (middle-right-square-o > 0.5),(middle-middle-square-o <= 0.5) & (bottom-left-square-o <= 0.5) & (top-right-square-o > 0.5) & (bottom-right-square-o > 0.5) & (middle-left-square-b <= 0.5) & (bottom-middle-square-o <= 0.5) & (middle-middle-square-b <= 0.5) & (bottom-left-square-b <= 0.5) & (bottom-middle-square-x <= 0.5) & (top-middle-square-o <= 0.5) & (top-left-square-o <= 0.5),(middle-middle-square-o <= 0.5) & (top-left-square-o <= 0.5) & (bottom-right-square-o > 0.5) & (top-right-square-o > 0.5) & (middle-right-square-o > 0.5),,
642,12,3,6,3,6,,,(bottom-right-square-o <= 0.5) & (top-right-square-o > 0.5) & (middle-right-square-x > 0.5) & (bottom-middle-square-o <= 0.5) & (middle-left-square-b <= 0.5) & (top-left-square-o <= 0.5) & (bottom-left-square-o > 0.5) & (top-middle-square-o <= 0.5) & (top-middle-square-b <= 0.5) & (bottom-right-square-x <= 0.5) & (middle-left-square-x <= 0.5) & (top-left-square-x > 0.5),(middle-middle-square-o > 0.5) & (bottom-left-square-x <= 0.5) & (top-right-square-x <= 0.5),(middle-middle-square-o > 0.5) & (bottom-right-square-x <= 0.5) & (top-left-square-x > 0.5) & (bottom-middle-square-x > 0.5) & (top-right-square-o > 0.5) & (top-middle-square-x > 0.5),(middle-middle-square-o > 0.5) & (top-right-square-x <= 0.5) & (bottom-left-square-x <= 0.5),(middle-middle-square-o > 0.5) & (bottom-right-square-x <= 0.5) & (top-left-square-x > 0.5) & (bottom-middle-square-x > 0.5) & (top-right-square-o > 0.5) & (bottom-left-square-x <= 0.5),,
643,10,3,5,3,4,,,(bottom-right-square-o <= 0.5) & (top-right-square-o > 0.5) & (middle-right-square-x > 0.5) & (bottom-middle-square-o <= 0.5) & (middle-left-square-b <= 0.5) & (top-left-square-o <= 0.5) & (bottom-left-square-o > 0.5) & (top-middle-square-o <= 0.5) & (top-middle-square-b <= 0.5) & (bottom-right-square-x > 0.5),(middle-middle-square-o > 0.5) & (bottom-left-square-x <= 0.5) & (top-right-square-x <= 0.5),(middle-middle-square-o > 0.5) & (bottom-right-square-x > 0.5) & (top-right-square-x <= 0.5) & (bottom-middle-square-x <= 0.5) & (middle-right-square-x > 0.5),(middle-middle-square-o > 0.5) & (top-right-square-x <= 0.5) & (bottom-left-square-x <= 0.5),(middle-middle-square-o > 0.5) & (bottom-right-square-x > 0.5) & (top-right-square-x <= 0.5) & (bottom-left-square-x <= 0.5),,
644,10,7,6,8,7,,,(bottom-right-square-o <= 0.5) & (top-right-square-o > 0.5) & (middle-right-square-x <= 0.5) & (bottom-left-square-o <= 0.5) & (top-left-square-o <= 0.5) & (top-middle-square-x > 0.5) & (middle-left-square-o > 0.5) & (top-left-square-x > 0.5) & (bottom-middle-square-o <= 0.5) & (bottom-left-square-b <= 0.5),(middle-middle-square-o > 0.5) & (bottom-left-square-x > 0.5) & (top-left-square-x > 0.5) & (middle-left-square-x <= 0.5) & (middle-right-square-b <= 0.5) & (middle-left-square-b <= 0.5) & (middle-right-square-o > 0.5),(middle-middle-square-o > 0.5) & (bottom-right-square-x <= 0.5) & (top-left-square-x > 0.5) & (bottom-middle-square-x > 0.5) & (top-right-square-o > 0.5) & (top-middle-square-x > 0.5),(middle-middle-square-o > 0.5) & (top-right-square-x <= 0.5) & (bottom-left-square-x > 0.5) & (top-middle-square-x > 0.5) & (bottom-right-square-o <= 0.5) & (middle-left-square-o > 0.5) & (top-left-square-o <= 0.5) & (top-left-square-x > 0.5),(middle-middle-square-o > 0.5) & (bottom-right-square-x <= 0.5) & (top-left-square-x > 0.5) & (bottom-middle-square-x > 0.5) & (top-right-square-o > 0.5) & (bottom-left-square-x > 0.5) & (middle-left-square-x <= 0.5),,
645,10,7,6,8,6,,,(bottom-right-square-o <= 0.5) & (top-right-square-o > 0.5) & (middle-right-square-x <= 0.5) & (bottom-left-square-o <= 0.5) & (top-left-square-o <= 0.5) & (top-middle-square-x > 0.5) & (middle-left-square-o > 0.5) & (top-left-square-x > 0.5) & (bottom-middle-square-o <= 0.5) & (bottom-left-square-b <= 0.5),(middle-middle-square-o > 0.5) & (bottom-left-square-x > 0.5) & (top-left-square-x > 0.5) & (middle-left-square-x <= 0.5) & (middle-right-square-b <= 0.5) & (middle-left-square-b <= 0.5) & (middle-right-square-o > 0.5),(middle-middle-square-o > 0.5) & (bottom-right-square-x > 0.5) & (top-right-square-x <= 0.5) & (bottom-middle-square-x <= 0.5) & (middle-right-square-x <= 0.5) & (middle-left-square-x <= 0.5),(middle-middle-square-o > 0.5) & (top-right-square-x <= 0.5) & (bottom-left-square-x > 0.5) & (top-middle-square-x > 0.5) & (bottom-right-square-o <= 0.5) & (middle-left-square-o > 0.5) & (top-left-square-o <= 0.5) & (top-left-square-x > 0.5),(middle-middle-square-o > 0.5) & (bottom-right-square-x > 0.5) & (top-right-square-x <= 0.5) & (bottom-left-square-x > 0.5) & (bottom-middle-square-x <= 0.5) & (middle-left-square-x <= 0.5),,
646,12,3,7,3,4,,,(bottom-right-square-o <= 0.5) & (top-right-square-o > 0.5) & (middle-right-square-x <= 0.5) & (bottom-left-square-o <= 0.5) & (top-left-square-o <= 0.5) & (top-middle-square-x > 0.5) & (middle-left-square-o > 0.5) & (top-left-square-x > 0.5) & (bottom-middle-square-o <= 0.5) & (bottom-left-square-b > 0.5) & (bottom-middle-square-x > 0.5) & (bottom-right-square-x > 0.5),(middle-middle-square-o > 0.5) & (bottom-left-square-x <= 0.5) & (top-right-square-x <= 0.5),(middle-middle-square-o > 0.5) & (bottom-right-square-x > 0.5) & (top-right-square-x <= 0.5) & (bottom-middle-square-x > 0.5) & (top-middle-square-x > 0.5) & (top-left-square-o <= 0.5) & (top-left-square-x > 0.5),(middle-middle-square-o > 0.5) & (top-right-square-x <= 0.5) & (bottom-left-square-x <= 0.5),(middle-middle-square-o > 0.5) & (bottom-right-square-x > 0.5) & (top-right-square-x <= 0.5) & (bottom-left-square-x <= 0.5),,
647,11,3,7,3,4,,,(bottom-right-square-o <= 0.5) & (top-right-square-o > 0.5) & (middle-right-square-x <= 0.5) & (bottom-left-square-o > 0.5) & (middle-left-square-x <= 0.5) & (middle-left-square-b <= 0.5) & (middle-right-square-o <= 0.5) & (bottom-middle-square-x > 0.5) & (top-left-square-x > 0.5) & (top-middle-square-b <= 0.5) & (bottom-right-square-b <= 0.5),(middle-middle-square-o > 0.5) & (bottom-left-square-x <= 0.5) & (top-right-square-x <= 0.5),(middle-middle-square-o > 0.5) & (bottom-right-square-x > 0.5) & (top-right-square-x <= 0.5) & (bottom-middle-square-x > 0.5) & (top-middle-square-x > 0.5) & (top-left-square-o <= 0.5) & (top-left-square-x > 0.5),(middle-middle-square-o > 0.5) & (top-right-square-x <= 0.5) & (bottom-left-square-x <= 0.5),(middle-middle-square-o > 0.5) & (bottom-right-square-x > 0.5) & (top-right-square-x <= 0.5) & (bottom-left-square-x <= 0.5),,
648,3,10,5,8,5,,,(bottom-right-square-o > 0.5) & (top-right-square-o > 0.5) & (middle-right-square-o > 0.5),(middle-middle-square-o <= 0.5) & (top-right-square-o > 0.5) & (top-left-square-o <= 0.5) & (middle-right-square-o > 0.5) & (top-middle-square-o <= 0.5) & (middle-left-square-o > 0.5) & (bottom-left-square-x > 0.5) & (top-left-square-x > 0.5) & (bottom-middle-square-o <= 0.5) & (top-middle-square-b <= 0.5),(middle-middle-square-o <= 0.5) & (top-left-square-o <= 0.5) & (bottom-right-square-o > 0.5) & (top-right-square-o > 0.5) & (middle-right-square-o > 0.5),(middle-middle-square-o <= 0.5) & (bottom-left-square-o <= 0.5) & (top-right-square-o > 0.5) & (bottom-right-square-o > 0.5) & (middle-left-square-b <= 0.5) & (bottom-middle-square-o <= 0.5) & (middle-middle-square-b > 0.5) & (top-middle-square-x > 0.5),(middle-middle-square-o <= 0.5) & (top-left-square-o <= 0.5) & (bottom-right-square-o > 0.5) & (top-right-square-o > 0.5) & (middle-right-square-o > 0.5),,
649,9,9,9,5,7,,,(bottom-right-square-o > 0.5) & (top-right-square-o > 0.5) & (middle-right-square-o <= 0.5) & (bottom-left-square-b <= 0.5) & (top-left-square-o <= 0.5) & (top-middle-square-x > 0.5) & (top-left-square-x > 0.5) & (middle-right-square-b <= 0.5) & (middle-left-square-b > 0.5),(middle-middle-square-o <= 0.5) & (top-right-square-o > 0.5) & (top-left-square-o <= 0.5) & (middle-right-square-o <= 0.5) & (top-middle-square-x > 0.5) & (bottom-middle-square-o > 0.5) & (top-left-square-x > 0.5) & (middle-right-square-x > 0.5) & (middle-left-square-o <= 0.5),(middle-middle-square-o <= 0.5) & (top-left-square-o <= 0.5) & (bottom-right-square-o > 0.5) & (top-right-square-o > 0.5) & (middle-right-square-o <= 0.5) & (bottom-middle-square-o > 0.5) & (top-middle-square-x > 0.5) & (top-left-square-x > 0.5) & (middle-middle-square-x > 0.5),(middle-middle-square-o <= 0.5) & (bottom-left-square-o > 0.5) & (top-left-square-o <= 0.5) & (bottom-right-square-o > 0.5) & (bottom-middle-square-o > 0.5),(middle-middle-square-o <= 0.5) & (top-left-square-o <= 0.5) & (bottom-right-square-o > 0.5) & (top-right-square-o > 0.5) & (middle-right-square-o <= 0.5) & (bottom-middle-square-o > 0.5) & (bottom-left-square-o > 0.5),,
650,3,10,5,7,5,,,(bottom-right-square-o > 0.5) & (top-right-square-o > 0.5) & (middle-right-square-o > 0.5),(middle-middle-square-o <= 0.5) & (top-right-square-o > 0.5) & (top-left-square-o <= 0.5) & (middle-right-square-o > 0.5) & (top-middle-square-o <= 0.5) & (middle-left-square-o <= 0.5) & (bottom-middle-square-o > 0.5) & (top-middle-square-x > 0.5) & (middle-middle-square-b <= 0.5) & (bottom-left-square-x > 0.5),(middle-middle-square-o <= 0.5) & (top-left-square-o <= 0.5) & (bottom-right-square-o > 0.5) & (top-right-square-o > 0.5) & (middle-right-square-o > 0.5),(middle-middle-square-o <= 0.5) & (bottom-left-square-o <= 0.5) & (top-right-square-o > 0.5) & (bottom-right-square-o > 0.5) & (middle-left-square-b > 0.5) & (top-left-square-o <= 0.5) & (bottom-left-square-x > 0.5),(middle-middle-square-o <= 0.5) & (top-left-square-o <= 0.5) & (bottom-right-square-o > 0.5) & (top-right-square-o > 0.5) & (middle-right-square-o > 0.5),,
651,3,10,5,8,5,,,(bottom-right-square-o > 0.5) & (top-right-square-o > 0.5) & (middle-right-square-o > 0.5),(middle-middle-square-o <= 0.5) & (top-right-square-o > 0.5) & (top-left-square-o <= 0.5) & (middle-right-square-o > 0.5) & (top-middle-square-o <= 0.5) & (middle-left-square-o <= 0.5) & (bottom-middle-square-o <= 0.5) & (bottom-left-square-o <= 0.5) & (top-middle-square-b <= 0.5) & (bottom-middle-square-b > 0.5),(middle-middle-square-o <= 0.5) & (top-left-square-o <= 0.5) & (bottom-right-square-o > 0.5) & (top-right-square-o > 0.5) & (middle-right-square-o > 0.5),(middle-middle-square-o <= 0.5) & (bottom-left-square-o <= 0.5) & (top-right-square-o > 0.5) & (bottom-right-square-o > 0.5) & (middle-left-square-b > 0.5) & (top-left-square-o <= 0.5) & (bottom-left-square-x <= 0.5) & (top-left-square-b <= 0.5),(middle-middle-square-o <= 0.5) & (top-left-square-o <= 0.5) & (bottom-right-square-o > 0.5) & (top-right-square-o > 0.5) & (middle-right-square-o > 0.5),,
652,9,3,6,3,6,,,(bottom-right-square-o > 0.5) & (top-right-square-o > 0.5) & (middle-right-square-o <= 0.5) & (bottom-left-square-b <= 0.5) & (top-left-square-o <= 0.5) & (top-middle-square-x > 0.5) & (top-left-square-x > 0.5) & (middle-right-square-b <= 0.5) & (middle-left-square-b > 0.5),(middle-middle-square-o > 0.5) & (bottom-left-square-x <= 0.5) & (top-right-square-x <= 0.5),(middle-middle-square-o > 0.5) & (bottom-right-square-x <= 0.5) & (top-left-square-x > 0.5) & (bottom-middle-square-x > 0.5) & (top-right-square-o > 0.5) & (top-middle-square-x > 0.5),(middle-middle-square-o > 0.5) & (top-right-square-x <= 0.5) & (bottom-left-square-x <= 0.5),(middle-middle-square-o > 0.5) & (bottom-right-square-x <= 0.5) & (top-left-square-x > 0.5) & (bottom-middle-square-x > 0.5) & (top-right-square-o > 0.5) & (bottom-left-square-x <= 0.5),,
653,9,3,5,3,4,,,(bottom-right-square-o <= 0.5) & (top-right-square-o > 0.5) & (middle-right-square-x > 0.5) & (bottom-middle-square-o > 0.5) & (bottom-right-square-x > 0.5) & (bottom-left-square-x <= 0.5) & (top-left-square-o <= 0.5) & (top-middle-square-x > 0.5) & (middle-left-square-o <= 0.5),(middle-middle-square-o > 0.5) & (bottom-left-square-x <= 0.5) & (top-right-square-x <= 0.5),(middle-middle-square-o > 0.5) & (bottom-right-square-x > 0.5) & (top-right-square-x <= 0.5) & (bottom-middle-square-x <= 0.5) & (middle-right-square-x > 0.5),(middle-middle-square-o > 0.5) & (top-right-square-x <= 0.5) & (bottom-left-square-x <= 0.5),(middle-middle-square-o > 0.5) & (bottom-right-square-x > 0.5) & (top-right-square-x <= 0.5) & (bottom-left-square-x <= 0.5),,
654,11,3,9,3,8,,,(bottom-right-square-o <= 0.5) & (top-right-square-o > 0.5) & (middle-right-square-x > 0.5) & (bottom-middle-square-o <= 0.5) & (middle-left-square-b > 0.5) & (bottom-left-square-x <= 0.5) & (bottom-left-square-b <= 0.5) & (top-left-square-b <= 0.5) & (top-middle-square-b <= 0.5) & (bottom-right-square-b > 0.5) & (bottom-middle-square-x <= 0.5),(middle-middle-square-o > 0.5) & (bottom-left-square-x <= 0.5) & (top-right-square-x <= 0.5),(middle-middle-square-o > 0.5) & (bottom-right-square-x <= 0.5) & (top-left-square-x > 0.5) & (bottom-middle-square-x <= 0.5) & (top-middle-square-o <= 0.5) & (top-right-square-o > 0.5) & (middle-right-square-x > 0.5) & (top-middle-square-b <= 0.5) & (bottom-middle-square-o <= 0.5),(middle-middle-square-o > 0.5) & (top-right-square-x <= 0.5) & (bottom-left-square-x <= 0.5),(middle-middle-square-o > 0.5) & (bottom-right-square-x <= 0.5) & (top-left-square-x > 0.5) & (bottom-middle-square-x <= 0.5) & (middle-right-square-x > 0.5) & (bottom-left-square-x <= 0.5) & (middle-left-square-x <= 0.5) & (top-right-square-o > 0.5),,
655,3,9,6,7,7,,,(bottom-right-square-o > 0.5) & (top-right-square-o > 0.5) & (middle-right-square-o > 0.5),(middle-middle-square-o > 0.5) & (bottom-left-square-x > 0.5) & (top-left-square-x > 0.5) & (middle-left-square-x <= 0.5) & (middle-right-square-b <= 0.5) & (middle-left-square-b > 0.5) & (middle-right-square-o > 0.5) & (top-middle-square-b <= 0.5) & (top-right-square-o > 0.5),(middle-middle-square-o > 0.5) & (bottom-right-square-x <= 0.5) & (top-left-square-x > 0.5) & (bottom-middle-square-x > 0.5) & (top-right-square-o > 0.5) & (top-middle-square-x > 0.5),(middle-middle-square-o > 0.5) & (top-right-square-x <= 0.5) & (bottom-left-square-x > 0.5) & (top-middle-square-x > 0.5) & (bottom-right-square-o > 0.5) & (top-left-square-x > 0.5) & (middle-left-square-x <= 0.5),(middle-middle-square-o > 0.5) & (bottom-right-square-x <= 0.5) & (top-left-square-x > 0.5) & (bottom-middle-square-x > 0.5) & (top-right-square-o > 0.5) & (bottom-left-square-x > 0.5) & (middle-left-square-x <= 0.5),,
656,11,3,7,3,4,,,(bottom-right-square-o <= 0.5) & (top-right-square-o > 0.5) & (middle-right-square-x <= 0.5) & (bottom-left-square-o > 0.5) & (middle-left-square-x <= 0.5) & (middle-left-square-b > 0.5) & (middle-right-square-o > 0.5) & (top-middle-square-x > 0.5) & (bottom-middle-square-b <= 0.5) & (bottom-right-square-b <= 0.5) & (top-left-square-x > 0.5),(middle-middle-square-o > 0.5) & (bottom-left-square-x <= 0.5) & (top-right-square-x <= 0.5),(middle-middle-square-o > 0.5) & (bottom-right-square-x > 0.5) & (top-right-square-x <= 0.5) & (bottom-middle-square-x > 0.5) & (top-middle-square-x > 0.5) & (top-left-square-o <= 0.5) & (top-left-square-x > 0.5),(middle-middle-square-o > 0.5) & (top-right-square-x <= 0.5) & (bottom-left-square-x <= 0.5),(middle-middle-square-o > 0.5) & (bottom-right-square-x > 0.5) & (top-right-square-x <= 0.5) & (bottom-left-square-x <= 0.5),,
657,12,3,6,3,6,,,(bottom-right-square-o <= 0.5) & (top-right-square-o > 0.5) & (middle-right-square-x <= 0.5) & (bottom-left-square-o > 0.5) & (middle-left-square-x <= 0.5) & (middle-left-square-b > 0.5) & (middle-right-square-o <= 0.5) & (bottom-middle-square-o <= 0.5) & (top-middle-square-o <= 0.5) & (top-left-square-o <= 0.5) & (bottom-middle-square-b <= 0.5) & (top-left-square-x > 0.5),(middle-middle-square-o > 0.5) & (bottom-left-square-x <= 0.5) & (top-right-square-x <= 0.5),(middle-middle-square-o > 0.5) & (bottom-right-square-x <= 0.5) & (top-left-square-x > 0.5) & (bottom-middle-square-x > 0.5) & (top-right-square-o > 0.5) & (top-middle-square-x > 0.5),(middle-middle-square-o > 0.5) & (top-right-square-x <= 0.5) & (bottom-left-square-x <= 0.5),(middle-middle-square-o > 0.5) & (bottom-right-square-x <= 0.5) & (top-left-square-x > 0.5) & (bottom-middle-square-x > 0.5) & (top-right-square-o > 0.5) & (bottom-left-square-x <= 0.5),,
658,12,3,6,3,4,,,(bottom-right-square-o <= 0.5) & (top-right-square-o > 0.5) & (middle-right-square-x <= 0.5) & (bottom-left-square-o > 0.5) & (middle-left-square-x <= 0.5) & (middle-left-square-b > 0.5) & (middle-right-square-o <= 0.5) & (bottom-middle-square-o <= 0.5) & (top-middle-square-o <= 0.5) & (top-left-square-o <= 0.5) & (bottom-middle-square-b > 0.5) & (top-middle-square-b <= 0.5),(middle-middle-square-o > 0.5) & (bottom-left-square-x <= 0.5) & (top-right-square-x <= 0.5),(middle-middle-square-o > 0.5) & (bottom-right-square-x > 0.5) & (top-right-square-x <= 0.5) & (bottom-middle-square-x <= 0.5) & (middle-right-square-x <= 0.5) & (middle-left-square-x <= 0.5),(middle-middle-square-o > 0.5) & (top-right-square-x <= 0.5) & (bottom-left-square-x <= 0.5),(middle-middle-square-o > 0.5) & (bottom-right-square-x > 0.5) & (top-right-square-x <= 0.5) & (bottom-left-square-x <= 0.5),,
659,3,10,5,7,5,,,(bottom-right-square-o > 0.5) & (top-right-square-o > 0.5) & (middle-right-square-o > 0.5),(middle-middle-square-o <= 0.5) & (top-right-square-o > 0.5) & (top-left-square-o <= 0.5) & (middle-right-square-o > 0.5) & (top-middle-square-o <= 0.5) & (middle-left-square-o <= 0.5) & (bottom-middle-square-o <= 0.5) & (bottom-left-square-o <= 0.5) & (top-middle-square-b <= 0.5) & (bottom-middle-square-b > 0.5),(middle-middle-square-o <= 0.5) & (top-left-square-o <= 0.5) & (bottom-right-square-o > 0.5) & (top-right-square-o > 0.5) & (middle-right-square-o > 0.5),(middle-middle-square-o <= 0.5) & (bottom-left-square-o <= 0.5) & (top-right-square-o > 0.5) & (bottom-right-square-o > 0.5) & (middle-left-square-b > 0.5) & (top-left-square-o <= 0.5) & (bottom-left-square-x > 0.5),(middle-middle-square-o <= 0.5) & (top-left-square-o <= 0.5) & (bottom-right-square-o > 0.5) & (top-right-square-o > 0.5) & (middle-right-square-o > 0.5),,
660,3,11,5,8,5,,,(bottom-right-square-o > 0.5) & (top-right-square-o > 0.5) & (middle-right-square-o > 0.5),(middle-middle-square-o <= 0.5) & (top-right-square-o > 0.5) & (top-left-square-o <= 0.5) & (middle-right-square-o > 0.5) & (top-middle-square-o <= 0.5) & (middle-left-square-o <= 0.5) & (bottom-middle-square-o <= 0.5) & (bottom-left-square-o <= 0.5) & (top-middle-square-b <= 0.5) & (bottom-middle-square-b <= 0.5) & (middle-middle-square-b > 0.5),(middle-middle-square-o <= 0.5) & (top-left-square-o <= 0.5) & (bottom-right-square-o > 0.5) & (top-right-square-o > 0.5) & (middle-right-square-o > 0.5),(middle-middle-square-o <= 0.5) & (bottom-left-square-o <= 0.5) & (top-right-square-o > 0.5) & (bottom-right-square-o > 0.5) & (middle-left-square-b > 0.5) & (top-left-square-o <= 0.5) & (bottom-left-square-x <= 0.5) & (top-left-square-b <= 0.5),(middle-middle-square-o <= 0.5) & (top-left-square-o <= 0.5) & (bottom-right-square-o > 0.5) & (top-right-square-o > 0.5) & (middle-right-square-o > 0.5),,
661,6,12,10,5,6,,,(bottom-right-square-o > 0.5) & (top-right-square-o <= 0.5) & (middle-right-square-x <= 0.5) & (top-left-square-o <= 0.5) & (bottom-left-square-o > 0.5) & (bottom-middle-square-o > 0.5),(middle-middle-square-o <= 0.5) & (top-right-square-o <= 0.5) & (bottom-left-square-o > 0.5) & (top-left-square-o <= 0.5) & (bottom-middle-square-o > 0.5) & (top-middle-square-o <= 0.5) & (middle-left-square-o <= 0.5) & (middle-right-square-o > 0.5) & (middle-left-square-b <= 0.5) & (middle-middle-square-x > 0.5) & (top-right-square-x <= 0.5) & (top-middle-square-b <= 0.5),(middle-middle-square-o <= 0.5) & (top-left-square-o <= 0.5) & (bottom-right-square-o > 0.5) & (top-right-square-o <= 0.5) & (bottom-middle-square-o > 0.5) & (top-middle-square-o <= 0.5) & (middle-right-square-o > 0.5) & (middle-left-square-x > 0.5) & (middle-middle-square-b <= 0.5) & (top-middle-square-x > 0.5),(middle-middle-square-o <= 0.5) & (bottom-left-square-o > 0.5) & (top-left-square-o <= 0.5) & (bottom-right-square-o > 0.5) & (bottom-middle-square-o > 0.5),(middle-middle-square-o <= 0.5) & (top-left-square-o <= 0.5) & (bottom-right-square-o > 0.5) & (top-right-square-o <= 0.5) & (bottom-left-square-o > 0.5) & (bottom-middle-square-o > 0.5),,
662,7,3,11,3,7,,,(bottom-right-square-o > 0.5) & (top-right-square-o <= 0.5) & (middle-right-square-x > 0.5) & (top-middle-square-o <= 0.5) & (middle-left-square-b <= 0.5) & (bottom-left-square-o > 0.5) & (bottom-middle-square-o > 0.5),(middle-middle-square-o > 0.5) & (bottom-left-square-x <= 0.5) & (top-right-square-x <= 0.5),(middle-middle-square-o > 0.5) & (bottom-right-square-x <= 0.5) & (top-left-square-x > 0.5) & (bottom-middle-square-x <= 0.5) & (top-middle-square-o <= 0.5) & (top-right-square-o <= 0.5) & (middle-right-square-b <= 0.5) & (top-middle-square-x > 0.5) & (top-right-square-b > 0.5) & (middle-left-square-x > 0.5) & (middle-right-square-o <= 0.5),(middle-middle-square-o > 0.5) & (top-right-square-x <= 0.5) & (bottom-left-square-x <= 0.5),(middle-middle-square-o > 0.5) & (bottom-right-square-x <= 0.5) & (top-left-square-x > 0.5) & (bottom-middle-square-x <= 0.5) & (middle-right-square-x > 0.5) & (bottom-left-square-x <= 0.5) & (middle-left-square-x > 0.5),,
663,6,10,10,5,6,,,(bottom-right-square-o > 0.5) & (top-right-square-o <= 0.5) & (middle-right-square-x <= 0.5) & (top-left-square-o <= 0.5) & (bottom-left-square-o > 0.5) & (bottom-middle-square-o > 0.5),(middle-middle-square-o <= 0.5) & (top-right-square-o <= 0.5) & (bottom-left-square-o > 0.5) & (top-left-square-o <= 0.5) & (bottom-middle-square-o > 0.5) & (top-middle-square-o <= 0.5) & (middle-left-square-o <= 0.5) & (middle-right-square-o <= 0.5) & (top-middle-square-x > 0.5) & (top-right-square-x <= 0.5),(middle-middle-square-o <= 0.5) & (top-left-square-o <= 0.5) & (bottom-right-square-o > 0.5) & (top-right-square-o <= 0.5) & (bottom-middle-square-o > 0.5) & (top-middle-square-o <= 0.5) & (middle-right-square-o <= 0.5) & (middle-left-square-o <= 0.5) & (top-middle-square-x > 0.5) & (top-right-square-b > 0.5),(middle-middle-square-o <= 0.5) & (bottom-left-square-o > 0.5) & (top-left-square-o <= 0.5) & (bottom-right-square-o > 0.5) & (bottom-middle-square-o > 0.5),(middle-middle-square-o <= 0.5) & (top-left-square-o <= 0.5) & (bottom-right-square-o > 0.5) & (top-right-square-o <= 0.5) & (bottom-left-square-o > 0.5) & (bottom-middle-square-o > 0.5),,
664,7,10,11,5,6,,,(bottom-right-square-o > 0.5) & (top-right-square-o <= 0.5) & (middle-right-square-x > 0.5) & (top-middle-square-o <= 0.5) & (middle-left-square-b <= 0.5) & (bottom-left-square-o > 0.5) & (bottom-middle-square-o > 0.5),(middle-middle-square-o <= 0.5) & (top-right-square-o <= 0.5) & (bottom-left-square-o > 0.5) & (top-left-square-o <= 0.5) & (bottom-middle-square-o > 0.5) & (top-middle-square-o <= 0.5) & (middle-left-square-o > 0.5) & (middle-right-square-x > 0.5) & (middle-middle-square-b <= 0.5) & (top-middle-square-x > 0.5),(middle-middle-square-o <= 0.5) & (top-left-square-o <= 0.5) & (bottom-right-square-o > 0.5) & (top-right-square-o <= 0.5) & (bottom-middle-square-o > 0.5) & (top-middle-square-o <= 0.5) & (middle-right-square-o <= 0.5) & (middle-left-square-o > 0.5) & (middle-right-square-b <= 0.5) & (middle-middle-square-x > 0.5) & (top-left-square-x > 0.5),(middle-middle-square-o <= 0.5) & (bottom-left-square-o > 0.5) & (top-left-square-o <= 0.5) & (bottom-right-square-o > 0.5) & (bottom-middle-square-o > 0.5),(middle-middle-square-o <= 0.5) & (top-left-square-o <= 0.5) & (bottom-right-square-o > 0.5) & (top-right-square-o <= 0.5) & (bottom-left-square-o > 0.5) & (bottom-middle-square-o > 0.5),,
665,10,7,7,7,7,,,(bottom-right-square-o > 0.5) & (top-right-square-o <= 0.5) & (middle-right-square-x <= 0.5) & (top-left-square-o <= 0.5) & (bottom-left-square-o <= 0.5) & (bottom-middle-square-x > 0.5) & (middle-left-square-o > 0.5) & (bottom-left-square-b <= 0.5) & (top-middle-square-o <= 0.5) & (top-left-square-b <= 0.5),(middle-middle-square-o > 0.5) & (bottom-left-square-x > 0.5) & (top-left-square-x > 0.5) & (middle-left-square-x <= 0.5) & (middle-right-square-b <= 0.5) & (middle-left-square-b <= 0.5) & (middle-right-square-o > 0.5),(middle-middle-square-o > 0.5) & (bottom-right-square-x <= 0.5) & (top-left-square-x > 0.5) & (bottom-middle-square-x > 0.5) & (top-right-square-o <= 0.5) & (middle-left-square-o > 0.5) & (middle-right-square-o > 0.5),(middle-middle-square-o > 0.5) & (top-right-square-x <= 0.5) & (bottom-left-square-x > 0.5) & (top-middle-square-x > 0.5) & (bottom-right-square-o > 0.5) & (top-left-square-x > 0.5) & (middle-left-square-x <= 0.5),(middle-middle-square-o > 0.5) & (bottom-right-square-x <= 0.5) & (top-left-square-x > 0.5) & (bottom-middle-square-x > 0.5) & (top-right-square-o <= 0.5) & (middle-left-square-o > 0.5) & (middle-right-square-o > 0.5),,
666,12,7,6,8,6,,,(bottom-right-square-o <= 0.5) & (top-right-square-o <= 0.5) & (middle-left-square-b <= 0.5) & (bottom-middle-square-x <= 0.5) & (top-middle-square-b <= 0.5) & (top-left-square-x > 0.5) & (top-middle-square-x > 0.5) & (top-right-square-x <= 0.5) & (bottom-left-square-o <= 0.5) & (bottom-middle-square-o > 0.5) & (middle-left-square-x <= 0.5) & (bottom-left-square-b <= 0.5),(middle-middle-square-o > 0.5) & (bottom-left-square-x > 0.5) & (top-left-square-x > 0.5) & (middle-left-square-x <= 0.5) & (middle-right-square-b <= 0.5) & (middle-left-square-b <= 0.5) & (middle-right-square-o > 0.5),(middle-middle-square-o > 0.5) & (bottom-right-square-x > 0.5) & (top-right-square-x <= 0.5) & (bottom-middle-square-x <= 0.5) & (middle-right-square-x <= 0.5) & (middle-left-square-x <= 0.5),(middle-middle-square-o > 0.5) & (top-right-square-x <= 0.5) & (bottom-left-square-x > 0.5) & (top-middle-square-x > 0.5) & (bottom-right-square-o <= 0.5) & (middle-left-square-o > 0.5) & (top-left-square-o <= 0.5) & (top-left-square-x > 0.5),(middle-middle-square-o > 0.5) & (bottom-right-square-x > 0.5) & (top-right-square-x <= 0.5) & (bottom-left-square-x > 0.5) & (bottom-middle-square-x <= 0.5) & (middle-left-square-x <= 0.5),,
667,10,7,10,8,8,,,(bottom-right-square-o <= 0.5) & (top-right-square-o <= 0.5) & (middle-left-square-b <= 0.5) & (bottom-middle-square-x <= 0.5) & (top-middle-square-b <= 0.5) & (top-left-square-x > 0.5) & (top-middle-square-x > 0.5) & (top-right-square-x <= 0.5) & (bottom-left-square-o <= 0.5) & (bottom-middle-square-o <= 0.5),(middle-middle-square-o > 0.5) & (bottom-left-square-x > 0.5) & (top-left-square-x > 0.5) & (middle-left-square-x <= 0.5) & (middle-right-square-b <= 0.5) & (middle-left-square-b <= 0.5) & (middle-right-square-o > 0.5),(middle-middle-square-o > 0.5) & (bottom-right-square-x <= 0.5) & (top-left-square-x > 0.5) & (bottom-middle-square-x <= 0.5) & (top-middle-square-o <= 0.5) & (top-right-square-o <= 0.5) & (middle-right-square-b <= 0.5) & (top-middle-square-x > 0.5) & (top-right-square-b > 0.5) & (middle-left-square-x <= 0.5),(middle-middle-square-o > 0.5) & (top-right-square-x <= 0.5) & (bottom-left-square-x > 0.5) & (top-middle-square-x > 0.5) & (bottom-right-square-o <= 0.5) & (middle-left-square-o > 0.5) & (top-left-square-o <= 0.5) & (top-left-square-x > 0.5),(middle-middle-square-o > 0.5) & (bottom-right-square-x <= 0.5) & (top-left-square-x > 0.5) & (bottom-middle-square-x <= 0.5) & (middle-right-square-x <= 0.5) & (bottom-right-square-o <= 0.5) & (middle-left-square-o > 0.5) & (middle-right-square-o > 0.5),,
668,12,3,7,3,4,,,(bottom-right-square-o <= 0.5) & (top-right-square-o <= 0.5) & (middle-left-square-b <= 0.5) & (bottom-middle-square-x > 0.5) & (bottom-left-square-x <= 0.5) & (top-left-square-o <= 0.5) & (middle-right-square-o > 0.5) & (bottom-left-square-o > 0.5) & (bottom-right-square-x > 0.5) & (top-right-square-b > 0.5) & (top-left-square-x > 0.5) & (top-middle-square-b <= 0.5),(middle-middle-square-o > 0.5) & (bottom-left-square-x <= 0.5) & (top-right-square-x <= 0.5),(middle-middle-square-o > 0.5) & (bottom-right-square-x > 0.5) & (top-right-square-x <= 0.5) & (bottom-middle-square-x > 0.5) & (top-middle-square-x > 0.5) & (top-left-square-o <= 0.5) & (top-left-square-x > 0.5),(middle-middle-square-o > 0.5) & (top-right-square-x <= 0.5) & (bottom-left-square-x <= 0.5),(middle-middle-square-o > 0.5) & (bottom-right-square-x > 0.5) & (top-right-square-x <= 0.5) & (bottom-left-square-x <= 0.5),,
669,11,3,7,3,7,,,(bottom-right-square-o <= 0.5) & (top-right-square-o <= 0.5) & (middle-left-square-b <= 0.5) & (bottom-middle-square-x > 0.5) & (bottom-left-square-x <= 0.5) & (top-left-square-o <= 0.5) & (middle-right-square-o > 0.5) & (bottom-left-square-o <= 0.5) & (top-right-square-x <= 0.5) & (top-middle-square-o <= 0.5) & (top-left-square-x > 0.5),(middle-middle-square-o > 0.5) & (bottom-left-square-x <= 0.5) & (top-right-square-x <= 0.5),(middle-middle-square-o > 0.5) & (bottom-right-square-x <= 0.5) & (top-left-square-x > 0.5) & (bottom-middle-square-x > 0.5) & (top-right-square-o <= 0.5) & (middle-left-square-o > 0.5) & (middle-right-square-o > 0.5),(middle-middle-square-o > 0.5) & (top-right-square-x <= 0.5) & (bottom-left-square-x <= 0.5),(middle-middle-square-o > 0.5) & (bottom-right-square-x <= 0.5) & (top-left-square-x > 0.5) & (bottom-middle-square-x > 0.5) & (top-right-square-o <= 0.5) & (middle-left-square-o > 0.5) & (middle-right-square-o > 0.5),,
670,10,3,6,3,4,,,(bottom-right-square-o <= 0.5) & (top-right-square-o <= 0.5) & (middle-left-square-b <= 0.5) & (bottom-middle-square-x <= 0.5) & (top-middle-square-b <= 0.5) & (top-left-square-x > 0.5) & (top-middle-square-x > 0.5) & (top-right-square-x <= 0.5) & (bottom-left-square-o <= 0.5) & (bottom-middle-square-o <= 0.5),(middle-middle-square-o > 0.5) & (bottom-left-square-x <= 0.5) & (top-right-square-x <= 0.5),(middle-middle-square-o > 0.5) & (bottom-right-square-x > 0.5) & (top-right-square-x <= 0.5) & (bottom-middle-square-x <= 0.5) & (middle-right-square-x <= 0.5) & (middle-left-square-x <= 0.5),(middle-middle-square-o > 0.5) & (top-right-square-x <= 0.5) & (bottom-left-square-x <= 0.5),(middle-middle-square-o > 0.5) & (bottom-right-square-x > 0.5) & (top-right-square-x <= 0.5) & (bottom-left-square-x <= 0.5),,
671,6,10,10,5,6,,,(bottom-right-square-o > 0.5) & (top-right-square-o <= 0.5) & (middle-right-square-x <= 0.5) & (top-left-square-o <= 0.5) & (bottom-left-square-o > 0.5) & (bottom-middle-square-o > 0.5),(middle-middle-square-o <= 0.5) & (top-right-square-o <= 0.5) & (bottom-left-square-o > 0.5) & (top-left-square-o <= 0.5) & (bottom-middle-square-o > 0.5) & (top-middle-square-o <= 0.5) & (middle-left-square-o <= 0.5) & (middle-right-square-o <= 0.5) & (top-middle-square-x > 0.5) & (top-right-square-x <= 0.5),(middle-middle-square-o <= 0.5) & (top-left-square-o <= 0.5) & (bottom-right-square-o > 0.5) & (top-right-square-o <= 0.5) & (bottom-middle-square-o > 0.5) & (top-middle-square-o <= 0.5) & (middle-right-square-o <= 0.5) & (middle-left-square-o <= 0.5) & (top-middle-square-x > 0.5) & (top-right-square-b > 0.5),(middle-middle-square-o <= 0.5) & (bottom-left-square-o > 0.5) & (top-left-square-o <= 0.5) & (bottom-right-square-o > 0.5) & (bottom-middle-square-o > 0.5),(middle-middle-square-o <= 0.5) & (top-left-square-o <= 0.5) & (bottom-right-square-o > 0.5) & (top-right-square-o <= 0.5) & (bottom-left-square-o > 0.5) & (bottom-middle-square-o > 0.5),,
672,8,10,10,5,6,,,(bottom-right-square-o > 0.5) & (top-right-square-o <= 0.5) & (middle-right-square-x > 0.5) & (top-middle-square-o <= 0.5) & (middle-left-square-b > 0.5) & (top-left-square-x > 0.5) & (top-middle-square-x > 0.5) & (top-right-square-x <= 0.5),(middle-middle-square-o <= 0.5) & (top-right-square-o <= 0.5) & (bottom-left-square-o > 0.5) & (top-left-square-o <= 0.5) & (bottom-middle-square-o > 0.5) & (top-middle-square-o <= 0.5) & (middle-left-square-o <= 0.5) & (middle-right-square-o <= 0.5) & (top-middle-square-x > 0.5) & (top-right-square-x <= 0.5),(middle-middle-square-o <= 0.5) & (top-left-square-o <= 0.5) & (bottom-right-square-o > 0.5) & (top-right-square-o <= 0.5) & (bottom-middle-square-o > 0.5) & (top-middle-square-o <= 0.5) & (middle-right-square-o <= 0.5) & (middle-left-square-o <= 0.5) & (top-middle-square-x > 0.5) & (top-right-square-b > 0.5),(middle-middle-square-o <= 0.5) & (bottom-left-square-o > 0.5) & (top-left-square-o <= 0.5) & (bottom-right-square-o > 0.5) & (bottom-middle-square-o > 0.5),(middle-middle-square-o <= 0.5) & (top-left-square-o <= 0.5) & (bottom-right-square-o > 0.5) & (top-right-square-o <= 0.5) & (bottom-left-square-o > 0.5) & (bottom-middle-square-o > 0.5),,
673,6,10,12,5,6,,,(bottom-right-square-o > 0.5) & (top-right-square-o <= 0.5) & (middle-right-square-x <= 0.5) & (top-left-square-o <= 0.5) & (bottom-left-square-o > 0.5) & (bottom-middle-square-o > 0.5),(middle-middle-square-o <= 0.5) & (top-right-square-o <= 0.5) & (bottom-left-square-o > 0.5) & (top-left-square-o <= 0.5) & (bottom-middle-square-o > 0.5) & (top-middle-square-o > 0.5) & (top-left-square-b <= 0.5) & (top-right-square-x > 0.5) & (middle-left-square-x > 0.5) & (middle-right-square-o <= 0.5),(middle-middle-square-o <= 0.5) & (top-left-square-o <= 0.5) & (bottom-right-square-o > 0.5) & (top-right-square-o <= 0.5) & (bottom-middle-square-o > 0.5) & (top-middle-square-o > 0.5) & (top-left-square-x > 0.5) & (top-right-square-b <= 0.5) & (middle-right-square-x <= 0.5) & (middle-middle-square-x > 0.5) & (middle-left-square-b <= 0.5) & (middle-right-square-o <= 0.5),(middle-middle-square-o <= 0.5) & (bottom-left-square-o > 0.5) & (top-left-square-o <= 0.5) & (bottom-right-square-o > 0.5) & (bottom-middle-square-o > 0.5),(middle-middle-square-o <= 0.5) & (top-left-square-o <= 0.5) & (bottom-right-square-o > 0.5) & (top-right-square-o <= 0.5) & (bottom-left-square-o > 0.5) & (bottom-middle-square-o > 0.5),,
674,11,6,6,7,7,,,(bottom-right-square-o <= 0.5) & (top-right-square-o <= 0.5) & (middle-left-square-b <= 0.5) & (bottom-middle-square-x <= 0.5) & (top-middle-square-b <= 0.5) & (top-left-square-x > 0.5) & (top-middle-square-x <= 0.5) & (bottom-middle-square-b <= 0.5) & (middle-right-square-o <= 0.5) & (middle-left-square-x > 0.5) & (top-right-square-b <= 0.5),(middle-middle-square-o > 0.5) & (bottom-left-square-x <= 0.5) & (top-right-square-x > 0.5) & (bottom-middle-square-x <= 0.5) & (top-middle-square-o > 0.5) & (bottom-middle-square-o > 0.5),(middle-middle-square-o > 0.5) & (bottom-right-square-x <= 0.5) & (top-left-square-x > 0.5) & (bottom-middle-square-x <= 0.5) & (top-middle-square-o > 0.5) & (bottom-middle-square-o > 0.5),(middle-middle-square-o > 0.5) & (top-right-square-x > 0.5) & (top-left-square-x > 0.5) & (top-middle-square-x <= 0.5) & (bottom-middle-square-b <= 0.5) & (top-middle-square-b <= 0.5) & (bottom-middle-square-o > 0.5),(middle-middle-square-o > 0.5) & (bottom-right-square-x <= 0.5) & (top-left-square-x > 0.5) & (bottom-middle-square-x <= 0.5) & (middle-right-square-x > 0.5) & (bottom-left-square-x <= 0.5) & (middle-left-square-x > 0.5),,
675,7,6,6,7,7,,,(bottom-right-square-o > 0.5) & (top-right-square-o <= 0.5) & (middle-right-square-x > 0.5) & (top-middle-square-o > 0.5) & (top-right-square-b <= 0.5) & (top-left-square-x > 0.5) & (bottom-left-square-x <= 0.5),(middle-middle-square-o > 0.5) & (bottom-left-square-x <= 0.5) & (top-right-square-x > 0.5) & (bottom-middle-square-x <= 0.5) & (top-middle-square-o > 0.5) & (bottom-middle-square-o > 0.5),(middle-middle-square-o > 0.5) & (bottom-right-square-x <= 0.5) & (top-left-square-x > 0.5) & (bottom-middle-square-x <= 0.5) & (top-middle-square-o > 0.5) & (bottom-middle-square-o > 0.5),(middle-middle-square-o > 0.5) & (top-right-square-x > 0.5) & (top-left-square-x > 0.5) & (top-middle-square-x <= 0.5) & (bottom-middle-square-b <= 0.5) & (top-middle-square-b <= 0.5) & (bottom-middle-square-o > 0.5),(middle-middle-square-o > 0.5) & (bottom-right-square-x <= 0.5) & (top-left-square-x > 0.5) & (bottom-middle-square-x <= 0.5) & (middle-right-square-x > 0.5) & (bottom-left-square-x <= 0.5) & (middle-left-square-x > 0.5),,
676,11,6,11,7,9,,,(bottom-right-square-o <= 0.5) & (top-right-square-o <= 0.5) & (middle-left-square-b <= 0.5) & (bottom-middle-square-x <= 0.5) & (top-middle-square-b <= 0.5) & (top-left-square-x > 0.5) & (top-middle-square-x <= 0.5) & (bottom-middle-square-b <= 0.5) & (middle-right-square-o > 0.5) & (bottom-left-square-b > 0.5) & (top-right-square-b <= 0.5),(middle-middle-square-o > 0.5) & (bottom-left-square-x <= 0.5) & (top-right-square-x > 0.5) & (bottom-middle-square-x <= 0.5) & (top-middle-square-o > 0.5) & (bottom-middle-square-o > 0.5),(middle-middle-square-o > 0.5) & (bottom-right-square-x > 0.5) & (top-right-square-x > 0.5) & (middle-right-square-x <= 0.5) & (middle-left-square-b <= 0.5) & (middle-right-square-b <= 0.5) & (middle-left-square-o <= 0.5) & (top-left-square-b <= 0.5) & (bottom-middle-square-o > 0.5) & (top-left-square-x > 0.5) & (top-middle-square-x <= 0.5),(middle-middle-square-o > 0.5) & (top-right-square-x > 0.5) & (top-left-square-x > 0.5) & (top-middle-square-x <= 0.5) & (bottom-middle-square-b <= 0.5) & (top-middle-square-b <= 0.5) & (bottom-middle-square-o > 0.5),(middle-middle-square-o > 0.5) & (bottom-right-square-x > 0.5) & (top-right-square-x > 0.5) & (middle-right-square-x <= 0.5) & (middle-left-square-b <= 0.5) & (middle-right-square-b <= 0.5) & (middle-left-square-o <= 0.5) & (top-left-square-b <= 0.5) & (bottom-left-square-b > 0.5),,
677,11,6,7,7,7,,,(bottom-right-square-o <= 0.5) & (top-right-square-o <= 0.5) & (middle-left-square-b <= 0.5) & (bottom-middle-square-x <= 0.5) & (top-middle-square-b <= 0.5) & (top-left-square-x > 0.5) & (top-middle-square-x <= 0.5) & (bottom-middle-square-b <= 0.5) & (middle-right-square-o <= 0.5) & (middle-left-square-x > 0.5) & (top-right-square-b <= 0.5),(middle-middle-square-o > 0.5) & (bottom-left-square-x <= 0.5) & (top-right-square-x > 0.5) & (bottom-middle-square-x <= 0.5) & (top-middle-square-o > 0.5) & (bottom-middle-square-o > 0.5),(middle-middle-square-o > 0.5) & (bottom-right-square-x > 0.5) & (top-right-square-x > 0.5) & (middle-right-square-x <= 0.5) & (middle-left-square-b <= 0.5) & (middle-right-square-b > 0.5) & (middle-left-square-x > 0.5),(middle-middle-square-o > 0.5) & (top-right-square-x > 0.5) & (top-left-square-x > 0.5) & (top-middle-square-x <= 0.5) & (bottom-middle-square-b <= 0.5) & (top-middle-square-b <= 0.5) & (bottom-middle-square-o > 0.5),(middle-middle-square-o > 0.5) & (bottom-right-square-x > 0.5) & (top-right-square-x > 0.5) & (middle-right-square-x <= 0.5) & (middle-left-square-b <= 0.5) & (middle-right-square-b > 0.5) & (middle-left-square-x > 0.5),,
678,11,6,6,7,11,,,(bottom-right-square-o <= 0.5) & (top-right-square-o <= 0.5) & (middle-left-square-b <= 0.5) & (bottom-middle-square-x <= 0.5) & (top-middle-square-b <= 0.5) & (top-left-square-x > 0.5) & (top-middle-square-x <= 0.5) & (bottom-middle-square-b <= 0.5) & (middle-right-square-o <= 0.5) & (middle-left-square-x > 0.5) & (top-right-square-b <= 0.5),(middle-middle-square-o > 0.5) & (bottom-left-square-x <= 0.5) & (top-right-square-x > 0.5) & (bottom-middle-square-x <= 0.5) & (top-middle-square-o > 0.5) & (bottom-middle-square-o > 0.5),(middle-middle-square-o > 0.5) & (bottom-right-square-x <= 0.5) & (top-left-square-x > 0.5) & (bottom-middle-square-x <= 0.5) & (top-middle-square-o > 0.5) & (bottom-middle-square-o > 0.5),(middle-middle-square-o > 0.5) & (top-right-square-x > 0.5) & (top-left-square-x > 0.5) & (top-middle-square-x <= 0.5) & (bottom-middle-square-b <= 0.5) & (top-middle-square-b <= 0.5) & (bottom-middle-square-o > 0.5),(middle-middle-square-o > 0.5) & (bottom-right-square-x <= 0.5) & (top-left-square-x > 0.5) & (bottom-middle-square-x <= 0.5) & (middle-right-square-x <= 0.5) & (bottom-right-square-o <= 0.5) & (middle-left-square-o <= 0.5) & (middle-right-square-b > 0.5) & (top-right-square-b <= 0.5) & (bottom-left-square-b > 0.5) & (middle-left-square-x > 0.5),,
679,7,10,10,5,6,,,(bottom-right-square-o > 0.5) & (top-right-square-o <= 0.5) & (middle-right-square-x > 0.5) & (top-middle-square-o > 0.5) & (top-right-square-b <= 0.5) & (top-left-square-x > 0.5) & (bottom-left-square-x <= 0.5),(middle-middle-square-o <= 0.5) & (top-right-square-o <= 0.5) & (bottom-left-square-o > 0.5) & (top-left-square-o <= 0.5) & (bottom-middle-square-o > 0.5) & (top-middle-square-o > 0.5) & (top-left-square-b <= 0.5) & (top-right-square-x > 0.5) & (middle-left-square-x > 0.5) & (middle-right-square-o <= 0.5),(middle-middle-square-o <= 0.5) & (top-left-square-o <= 0.5) & (bottom-right-square-o > 0.5) & (top-right-square-o <= 0.5) & (bottom-middle-square-o > 0.5) & (top-middle-square-o > 0.5) & (top-left-square-x > 0.5) & (top-right-square-b <= 0.5) & (middle-right-square-x > 0.5) & (middle-left-square-o <= 0.5),(middle-middle-square-o <= 0.5) & (bottom-left-square-o > 0.5) & (top-left-square-o <= 0.5) & (bottom-right-square-o > 0.5) & (bottom-middle-square-o > 0.5),(middle-middle-square-o <= 0.5) & (top-left-square-o <= 0.5) & (bottom-right-square-o > 0.5) & (top-right-square-o <= 0.5) & (bottom-left-square-o > 0.5) & (bottom-middle-square-o > 0.5),,
680,12,10,6,7,8,,,(bottom-right-square-o <= 0.5) & (top-right-square-o <= 0.5) & (middle-left-square-b <= 0.5) & (bottom-middle-square-x <= 0.5) & (top-middle-square-b <= 0.5) & (top-left-square-x > 0.5) & (top-middle-square-x <= 0.5) & (bottom-middle-square-b <= 0.5) & (middle-right-square-o <= 0.5) & (middle-left-square-x <= 0.5) & (bottom-left-square-x > 0.5) & (middle-right-square-b <= 0.5),(middle-middle-square-o > 0.5) & (bottom-left-square-x > 0.5) & (top-left-square-x > 0.5) & (middle-left-square-x <= 0.5) & (middle-right-square-b <= 0.5) & (middle-left-square-b <= 0.5) & (middle-right-square-o <= 0.5) & (top-right-square-b <= 0.5) & (top-right-square-o <= 0.5) & (top-middle-square-x <= 0.5),(middle-middle-square-o > 0.5) & (bottom-right-square-x <= 0.5) & (top-left-square-x > 0.5) & (bottom-middle-square-x <= 0.5) & (top-middle-square-o > 0.5) & (bottom-middle-square-o > 0.5),(middle-middle-square-o > 0.5) & (top-right-square-x > 0.5) & (top-left-square-x > 0.5) & (top-middle-square-x <= 0.5) & (bottom-middle-square-b <= 0.5) & (top-middle-square-b <= 0.5) & (bottom-middle-square-o > 0.5),(middle-middle-square-o > 0.5) & (bottom-right-square-x <= 0.5) & (top-left-square-x > 0.5) & (bottom-middle-square-x <= 0.5) & (middle-right-square-x > 0.5) & (bottom-left-square-x > 0.5) & (middle-left-square-x <= 0.5) & (bottom-right-square-o <= 0.5),,
681,9,7,7,9,7,,,(bottom-right-square-o <= 0.5) & (top-right-square-o <= 0.5) & (middle-left-square-b <= 0.5) & (bottom-middle-square-x > 0.5) & (bottom-left-square-x > 0.5) & (bottom-right-square-b > 0.5) & (top-middle-square-o > 0.5) & (top-left-square-x > 0.5) & (top-right-square-x > 0.5),(middle-middle-square-o > 0.5) & (bottom-left-square-x > 0.5) & (top-left-square-x > 0.5) & (middle-left-square-x <= 0.5) & (middle-right-square-b <= 0.5) & (middle-left-square-b <= 0.5) & (middle-right-square-o > 0.5),(middle-middle-square-o > 0.5) & (bottom-right-square-x <= 0.5) & (top-left-square-x > 0.5) & (bottom-middle-square-x > 0.5) & (top-right-square-o <= 0.5) & (middle-left-square-o > 0.5) & (middle-right-square-o > 0.5),(middle-middle-square-o > 0.5) & (top-right-square-x > 0.5) & (top-left-square-x > 0.5) & (top-middle-square-x <= 0.5) & (bottom-middle-square-b <= 0.5) & (top-middle-square-b <= 0.5) & (bottom-middle-square-o <= 0.5) & (bottom-left-square-b <= 0.5) & (bottom-right-square-b > 0.5),(middle-middle-square-o > 0.5) & (bottom-right-square-x <= 0.5) & (top-left-square-x > 0.5) & (bottom-middle-square-x > 0.5) & (top-right-square-o <= 0.5) & (middle-left-square-o > 0.5) & (middle-right-square-o > 0.5),,
682,12,7,7,7,7,7,,(bottom-right-square-o <= 0.5) & (top-right-square-o <= 0.5) & (middle-left-square-b <= 0.5) & (bottom-middle-square-x <= 0.5) & (top-middle-square-b <= 0.5) & (top-left-square-x > 0.5) & (top-middle-square-x <= 0.5) & (bottom-middle-square-b > 0.5) & (bottom-left-square-x > 0.5) & (middle-left-square-o > 0.5) & (bottom-right-square-b <= 0.5) & (top-right-square-b <= 0.5),(middle-middle-square-o > 0.5) & (bottom-left-square-x > 0.5) & (top-left-square-x > 0.5) & (middle-left-square-x <= 0.5) & (middle-right-square-b <= 0.5) & (middle-left-square-b <= 0.5) & (middle-right-square-o > 0.5),(middle-middle-square-o > 0.5) & (top-left-square-x > 0.5) & (top-right-square-x > 0.5) & (top-middle-square-x <= 0.5) & (bottom-middle-square-b > 0.5) & (middle-right-square-o > 0.5) & (middle-left-square-o > 0.5),(middle-middle-square-o > 0.5) & (bottom-right-square-x > 0.5) & (top-right-square-x > 0.5) & (middle-right-square-x <= 0.5) & (middle-left-square-b <= 0.5) & (middle-right-square-b <= 0.5) & (middle-left-square-o > 0.5),(middle-middle-square-o > 0.5) & (top-right-square-x > 0.5) & (top-left-square-x > 0.5) & (top-middle-square-x <= 0.5) & (bottom-middle-square-b > 0.5) & (middle-left-square-o > 0.5) & (bottom-left-square-x > 0.5),(middle-middle-square-o > 0.5) & (bottom-right-square-x > 0.5) & (top-right-square-x > 0.5) & (middle-right-square-x <= 0.5) & (middle-left-square-b <= 0.5) & (middle-right-square-b <= 0.5) & (middle-left-square-o > 0.5),
683,9,7,7,8,7,,,(bottom-right-square-o <= 0.5) & (top-right-square-o <= 0.5) & (middle-left-square-b <= 0.5) & (bottom-middle-square-x > 0.5) & (bottom-left-square-x <= 0.5) & (top-left-square-o <= 0.5) & (middle-right-square-o > 0.5) & (bottom-left-square-o <= 0.5) & (top-right-square-x > 0.5),(middle-middle-square-o > 0.5) & (bottom-left-square-x <= 0.5) & (top-right-square-x > 0.5) & (bottom-middle-square-x > 0.5) & (top-left-square-o <= 0.5) & (middle-right-square-o > 0.5) & (middle-left-square-o > 0.5),(middle-middle-square-o > 0.5) & (bottom-right-square-x > 0.5) & (top-right-square-x > 0.5) & (middle-right-square-x <= 0.5) & (middle-left-square-b <= 0.5) & (middle-right-square-b <= 0.5) & (middle-left-square-o > 0.5),(middle-middle-square-o > 0.5) & (top-right-square-x > 0.5) & (top-left-square-x > 0.5) & (top-middle-square-x <= 0.5) & (bottom-middle-square-b <= 0.5) & (top-middle-square-b <= 0.5) & (bottom-middle-square-o <= 0.5) & (bottom-left-square-b > 0.5),(middle-middle-square-o > 0.5) & (bottom-right-square-x > 0.5) & (top-right-square-x > 0.5) & (middle-right-square-x <= 0.5) & (middle-left-square-b <= 0.5) & (middle-right-square-b <= 0.5) & (middle-left-square-o > 0.5),,
684,14,7,9,7,11,,,(bottom-right-square-o <= 0.5) & (top-right-square-o <= 0.5) & (middle-left-square-b <= 0.5) & (bottom-middle-square-x <= 0.5) & (top-middle-square-b <= 0.5) & (top-left-square-x > 0.5) & (top-middle-square-x <= 0.5) & (bottom-middle-square-b <= 0.5) & (middle-right-square-o <= 0.5) & (middle-left-square-x <= 0.5) & (bottom-left-square-x > 0.5) & (middle-right-square-b > 0.5) & (bottom-right-square-x > 0.5) & (top-right-square-b <= 0.5),(middle-middle-square-o > 0.5) & (bottom-left-square-x > 0.5) & (top-left-square-x > 0.5) & (middle-left-square-x <= 0.5) & (middle-right-square-b > 0.5) & (bottom-middle-square-o > 0.5) & (top-middle-square-x <= 0.5),(middle-middle-square-o > 0.5) & (bottom-right-square-x > 0.5) & (top-right-square-x > 0.5) & (middle-right-square-x <= 0.5) & (middle-left-square-b <= 0.5) & (middle-right-square-b > 0.5) & (middle-left-square-x <= 0.5) & (top-left-square-b <= 0.5) & (top-middle-square-o > 0.5),(middle-middle-square-o > 0.5) & (top-right-square-x > 0.5) & (top-left-square-x > 0.5) & (top-middle-square-x <= 0.5) & (bottom-middle-square-b <= 0.5) & (top-middle-square-b <= 0.5) & (bottom-middle-square-o > 0.5),(middle-middle-square-o > 0.5) & (bottom-right-square-x > 0.5) & (top-right-square-x > 0.5) & (middle-right-square-x <= 0.5) & (middle-left-square-b <= 0.5) & (middle-right-square-b > 0.5) & (middle-left-square-x <= 0.5) & (bottom-middle-square-b <= 0.5) & (bottom-left-square-o <= 0.5) & (bottom-middle-square-x <= 0.5) & (bottom-left-square-b <= 0.5),,
685,7,12,10,5,6,,,(bottom-right-square-o > 0.5) & (top-right-square-o <= 0.5) & (middle-right-square-x > 0.5) & (top-middle-square-o > 0.5) & (top-right-square-b <= 0.5) & (top-left-square-x > 0.5) & (bottom-left-square-x <= 0.5),(middle-middle-square-o <= 0.5) & (top-right-square-o <= 0.5) & (bottom-left-square-o > 0.5) & (top-left-square-o <= 0.5) & (bottom-middle-square-o > 0.5) & (top-middle-square-o > 0.5) & (top-left-square-b <= 0.5) & (top-right-square-x > 0.5) & (middle-left-square-x <= 0.5) & (middle-middle-square-x > 0.5) & (middle-left-square-o <= 0.5) & (middle-right-square-b <= 0.5),(middle-middle-square-o <= 0.5) & (top-left-square-o <= 0.5) & (bottom-right-square-o > 0.5) & (top-right-square-o <= 0.5) & (bottom-middle-square-o > 0.5) & (top-middle-square-o > 0.5) & (top-left-square-x > 0.5) & (top-right-square-b <= 0.5) & (middle-right-square-x > 0.5) & (middle-left-square-o <= 0.5),(middle-middle-square-o <= 0.5) & (bottom-left-square-o > 0.5) & (top-left-square-o <= 0.5) & (bottom-right-square-o > 0.5) & (bottom-middle-square-o > 0.5),(middle-middle-square-o <= 0.5) & (top-left-square-o <= 0.5) & (bottom-right-square-o > 0.5) & (top-right-square-o <= 0.5) & (bottom-left-square-o > 0.5) & (bottom-middle-square-o > 0.5),,
686,8,7,6,7,9,,,(bottom-right-square-o > 0.5) & (top-right-square-o <= 0.5) & (middle-right-square-x > 0.5) & (top-middle-square-o > 0.5) & (top-right-square-b <= 0.5) & (top-left-square-x > 0.5) & (bottom-left-square-x > 0.5) & (middle-left-square-o <= 0.5),(middle-middle-square-o > 0.5) & (bottom-left-square-x > 0.5) & (top-left-square-x > 0.5) & (middle-left-square-x <= 0.5) & (middle-right-square-b <= 0.5) & (middle-left-square-b > 0.5) & (middle-right-square-o <= 0.5),(middle-middle-square-o > 0.5) & (bottom-right-square-x <= 0.5) & (top-left-square-x > 0.5) & (bottom-middle-square-x <= 0.5) & (top-middle-square-o > 0.5) & (bottom-middle-square-o > 0.5),(middle-middle-square-o > 0.5) & (top-right-square-x > 0.5) & (top-left-square-x > 0.5) & (top-middle-square-x <= 0.5) & (bottom-middle-square-b <= 0.5) & (top-middle-square-b <= 0.5) & (bottom-middle-square-o > 0.5),(middle-middle-square-o > 0.5) & (bottom-right-square-x <= 0.5) & (top-left-square-x > 0.5) & (bottom-middle-square-x <= 0.5) & (middle-right-square-x > 0.5) & (bottom-left-square-x > 0.5) & (middle-left-square-x <= 0.5) & (bottom-right-square-o > 0.5) & (middle-left-square-o <= 0.5),,
687,10,6,6,7,12,,,(bottom-right-square-o <= 0.5) & (top-right-square-o <= 0.5) & (middle-left-square-b > 0.5) & (bottom-middle-square-o > 0.5) & (top-middle-square-o > 0.5) & (bottom-left-square-o <= 0.5) & (top-left-square-o <= 0.5) & (middle-right-square-o <= 0.5) & (top-left-square-x > 0.5) & (top-right-square-x > 0.5),(middle-middle-square-o > 0.5) & (bottom-left-square-x <= 0.5) & (top-right-square-x > 0.5) & (bottom-middle-square-x <= 0.5) & (top-middle-square-o > 0.5) & (bottom-middle-square-o > 0.5),(middle-middle-square-o > 0.5) & (bottom-right-square-x <= 0.5) & (top-left-square-x > 0.5) & (bottom-middle-square-x <= 0.5) & (top-middle-square-o > 0.5) & (bottom-middle-square-o > 0.5),(middle-middle-square-o > 0.5) & (top-right-square-x > 0.5) & (top-left-square-x > 0.5) & (top-middle-square-x <= 0.5) & (bottom-middle-square-b <= 0.5) & (top-middle-square-b <= 0.5) & (bottom-middle-square-o > 0.5),(middle-middle-square-o > 0.5) & (bottom-right-square-x <= 0.5) & (top-left-square-x > 0.5) & (bottom-middle-square-x <= 0.5) & (middle-right-square-x > 0.5) & (bottom-left-square-x <= 0.5) & (middle-left-square-x <= 0.5) & (top-right-square-o <= 0.5) & (bottom-middle-square-o > 0.5) & (bottom-right-square-o <= 0.5) & (bottom-left-square-b > 0.5) & (middle-left-square-o <= 0.5),,
688,12,11,7,7,7,,,(bottom-right-square-o <= 0.5) & (top-right-square-o <= 0.5) & (middle-left-square-b > 0.5) & (bottom-middle-square-o > 0.5) & (top-middle-square-o > 0.5) & (bottom-left-square-o <= 0.5) & (top-left-square-o <= 0.5) & (middle-right-square-o > 0.5) & (top-left-square-x > 0.5) & (bottom-right-square-b <= 0.5) & (top-right-square-x > 0.5) & (bottom-left-square-b <= 0.5),(middle-middle-square-o > 0.5) & (bottom-left-square-x > 0.5) & (top-left-square-x > 0.5) & (middle-left-square-x <= 0.5) & (middle-right-square-b <= 0.5) & (middle-left-square-b > 0.5) & (middle-right-square-o > 0.5) & (top-middle-square-b <= 0.5) & (top-right-square-o <= 0.5) & (top-middle-square-o > 0.5) & (top-right-square-x > 0.5),(middle-middle-square-o > 0.5) & (bottom-right-square-x > 0.5) & (top-right-square-x > 0.5) & (middle-right-square-x <= 0.5) & (middle-left-square-b > 0.5) & (top-middle-square-o > 0.5) & (bottom-middle-square-o > 0.5),(middle-middle-square-o > 0.5) & (top-right-square-x > 0.5) & (top-left-square-x > 0.5) & (top-middle-square-x <= 0.5) & (bottom-middle-square-b <= 0.5) & (top-middle-square-b <= 0.5) & (bottom-middle-square-o > 0.5),(middle-middle-square-o > 0.5) & (bottom-right-square-x > 0.5) & (top-right-square-x > 0.5) & (middle-right-square-x <= 0.5) & (middle-left-square-b > 0.5) & (bottom-middle-square-o > 0.5) & (bottom-left-square-x > 0.5),,
689,10,7,6,7,12,,,(bottom-right-square-o <= 0.5) & (top-right-square-o <= 0.5) & (middle-left-square-b > 0.5) & (bottom-middle-square-o > 0.5) & (top-middle-square-o > 0.5) & (bottom-left-square-o <= 0.5) & (top-left-square-o <= 0.5) & (middle-right-square-o <= 0.5) & (top-left-square-x > 0.5) & (top-right-square-x > 0.5),(middle-middle-square-o > 0.5) & (bottom-left-square-x > 0.5) & (top-left-square-x > 0.5) & (middle-left-square-x <= 0.5) & (middle-right-square-b > 0.5) & (bottom-middle-square-o > 0.5) & (top-middle-square-x <= 0.5),(middle-middle-square-o > 0.5) & (bottom-right-square-x <= 0.5) & (top-left-square-x > 0.5) & (bottom-middle-square-x <= 0.5) & (top-middle-square-o > 0.5) & (bottom-middle-square-o > 0.5),(middle-middle-square-o > 0.5) & (top-right-square-x > 0.5) & (top-left-square-x > 0.5) & (top-middle-square-x <= 0.5) & (bottom-middle-square-b <= 0.5) & (top-middle-square-b <= 0.5) & (bottom-middle-square-o > 0.5),(middle-middle-square-o > 0.5) & (bottom-right-square-x <= 0.5) & (top-left-square-x > 0.5) & (bottom-middle-square-x <= 0.5) & (middle-right-square-x <= 0.5) & (bottom-right-square-o <= 0.5) & (middle-left-square-o <= 0.5) & (middle-right-square-b > 0.5) & (top-right-square-b <= 0.5) & (bottom-left-square-b <= 0.5) & (middle-left-square-x <= 0.5) & (bottom-middle-square-o > 0.5),,
690,10,6,7,7,9,,,(bottom-right-square-o <= 0.5) & (top-right-square-o <= 0.5) & (middle-left-square-b > 0.5) & (bottom-middle-square-o > 0.5) & (top-middle-square-o > 0.5) & (bottom-left-square-o <= 0.5) & (top-left-square-o <= 0.5) & (middle-right-square-o <= 0.5) & (top-left-square-x > 0.5) & (top-right-square-x > 0.5),(middle-middle-square-o > 0.5) & (bottom-left-square-x <= 0.5) & (top-right-square-x > 0.5) & (bottom-middle-square-x <= 0.5) & (top-middle-square-o > 0.5) & (bottom-middle-square-o > 0.5),(middle-middle-square-o > 0.5) & (bottom-right-square-x > 0.5) & (top-right-square-x > 0.5) & (middle-right-square-x <= 0.5) & (middle-left-square-b > 0.5) & (top-middle-square-o > 0.5) & (bottom-middle-square-o > 0.5),(middle-middle-square-o > 0.5) & (top-right-square-x > 0.5) & (top-left-square-x > 0.5) & (top-middle-square-x <= 0.5) & (bottom-middle-square-b <= 0.5) & (top-middle-square-b <= 0.5) & (bottom-middle-square-o > 0.5),(middle-middle-square-o > 0.5) & (bottom-right-square-x > 0.5) & (top-right-square-x > 0.5) & (middle-right-square-x <= 0.5) & (middle-left-square-b > 0.5) & (bottom-middle-square-o > 0.5) & (bottom-left-square-x <= 0.5) & (middle-right-square-b > 0.5) & (bottom-left-square-b > 0.5),,
691,3,9,5,13,5,,,(bottom-right-square-o > 0.5) & (top-right-square-o > 0.5) & (middle-right-square-o > 0.5),(middle-middle-square-o <= 0.5) & (top-right-square-o > 0.5) & (top-left-square-o <= 0.5) & (middle-right-square-o > 0.5) & (top-middle-square-o > 0.5) & (bottom-middle-square-x > 0.5) & (middle-middle-square-b <= 0.5) & (middle-left-square-x > 0.5) & (bottom-left-square-o <= 0.5),(middle-middle-square-o <= 0.5) & (top-left-square-o <= 0.5) & (bottom-right-square-o > 0.5) & (top-right-square-o > 0.5) & (middle-right-square-o > 0.5),(middle-middle-square-o <= 0.5) & (bottom-left-square-o <= 0.5) & (top-right-square-o > 0.5) & (bottom-right-square-o > 0.5) & (middle-left-square-b <= 0.5) & (bottom-middle-square-o <= 0.5) & (middle-middle-square-b <= 0.5) & (bottom-left-square-b > 0.5) & (top-left-square-o <= 0.5) & (middle-left-square-o <= 0.5) & (top-middle-square-o > 0.5) & (bottom-middle-square-x > 0.5) & (top-left-square-x > 0.5),(middle-middle-square-o <= 0.5) & (top-left-square-o <= 0.5) & (bottom-right-square-o > 0.5) & (top-right-square-o > 0.5) & (middle-right-square-o > 0.5),,
692,11,3,8,3,6,,,(bottom-right-square-o <= 0.5) & (top-right-square-o > 0.5) & (middle-right-square-x > 0.5) & (bottom-middle-square-o <= 0.5) & (middle-left-square-b <= 0.5) & (top-left-square-o <= 0.5) & (bottom-left-square-o > 0.5) & (top-middle-square-o > 0.5) & (middle-left-square-x > 0.5) & (top-left-square-x > 0.5) & (bottom-middle-square-x > 0.5),(middle-middle-square-o > 0.5) & (bottom-left-square-x <= 0.5) & (top-right-square-x <= 0.5),(middle-middle-square-o > 0.5) & (bottom-right-square-x <= 0.5) & (top-left-square-x > 0.5) & (bottom-middle-square-x > 0.5) & (top-right-square-o > 0.5) & (top-middle-square-x <= 0.5) & (middle-right-square-x > 0.5) & (bottom-right-square-b > 0.5),(middle-middle-square-o > 0.5) & (top-right-square-x <= 0.5) & (bottom-left-square-x <= 0.5),(middle-middle-square-o > 0.5) & (bottom-right-square-x <= 0.5) & (top-left-square-x > 0.5) & (bottom-middle-square-x > 0.5) & (top-right-square-o > 0.5) & (bottom-left-square-x <= 0.5),,
693,12,3,5,3,4,,,(bottom-right-square-o <= 0.5) & (top-right-square-o > 0.5) & (middle-right-square-x > 0.5) & (bottom-middle-square-o <= 0.5) & (middle-left-square-b <= 0.5) & (top-left-square-o <= 0.5) & (bottom-left-square-o > 0.5) & (top-middle-square-o > 0.5) & (middle-left-square-x > 0.5) & (top-left-square-x > 0.5) & (bottom-middle-square-x <= 0.5) & (bottom-right-square-b <= 0.5),(middle-middle-square-o > 0.5) & (bottom-left-square-x <= 0.5) & (top-right-square-x <= 0.5),(middle-middle-square-o > 0.5) & (bottom-right-square-x > 0.5) & (top-right-square-x <= 0.5) & (bottom-middle-square-x <= 0.5) & (middle-right-square-x > 0.5),(middle-middle-square-o > 0.5) & (top-right-square-x <= 0.5) & (bottom-left-square-x <= 0.5),(middle-middle-square-o > 0.5) & (bottom-right-square-x > 0.5) & (top-right-square-x <= 0.5) & (bottom-left-square-x <= 0.5),,
694,12,3,5,3,4,,,(bottom-right-square-o <= 0.5) & (top-right-square-o > 0.5) & (middle-right-square-x > 0.5) & (bottom-middle-square-o > 0.5) & (bottom-right-square-x > 0.5) & (bottom-left-square-x <= 0.5) & (top-left-square-o <= 0.5) & (top-middle-square-x <= 0.5) & (middle-left-square-x > 0.5) & (top-left-square-b <= 0.5) & (top-middle-square-b <= 0.5) & (bottom-left-square-o <= 0.5),(middle-middle-square-o > 0.5) & (bottom-left-square-x <= 0.5) & (top-right-square-x <= 0.5),(middle-middle-square-o > 0.5) & (bottom-right-square-x > 0.5) & (top-right-square-x <= 0.5) & (bottom-middle-square-x <= 0.5) & (middle-right-square-x > 0.5),(middle-middle-square-o > 0.5) & (top-right-square-x <= 0.5) & (bottom-left-square-x <= 0.5),(middle-middle-square-o > 0.5) & (bottom-right-square-x > 0.5) & (top-right-square-x <= 0.5) & (bottom-left-square-x <= 0.5),,
695,9,3,11,3,4,,,(bottom-right-square-o <= 0.5) & (top-right-square-o > 0.5) & (middle-right-square-x <= 0.5) & (bottom-left-square-o > 0.5) & (middle-left-square-x > 0.5) & (middle-right-square-o <= 0.5) & (top-left-square-b <= 0.5) & (bottom-middle-square-x > 0.5) & (bottom-right-square-b <= 0.5),(middle-middle-square-o > 0.5) & (bottom-left-square-x <= 0.5) & (top-right-square-x <= 0.5),(middle-middle-square-o > 0.5) & (bottom-right-square-x > 0.5) & (top-right-square-x <= 0.5) & (bottom-middle-square-x > 0.5) & (top-middle-square-x <= 0.5) & (top-right-square-b <= 0.5) & (middle-right-square-x <= 0.5) & (top-left-square-x > 0.5) & (middle-left-square-x > 0.5) & (top-middle-square-o > 0.5) & (middle-right-square-o <= 0.5),(middle-middle-square-o > 0.5) & (top-right-square-x <= 0.5) & (bottom-left-square-x <= 0.5),(middle-middle-square-o > 0.5) & (bottom-right-square-x > 0.5) & (top-right-square-x <= 0.5) & (bottom-left-square-x <= 0.5),,
696,3,11,5,7,5,,,(bottom-right-square-o > 0.5) & (top-right-square-o > 0.5) & (middle-right-square-o > 0.5),(middle-middle-square-o <= 0.5) & (top-right-square-o > 0.5) & (top-left-square-o <= 0.5) & (middle-right-square-o > 0.5) & (top-middle-square-o > 0.5) & (bottom-middle-square-x > 0.5) & (middle-middle-square-b <= 0.5) & (middle-left-square-x <= 0.5) & (bottom-left-square-x > 0.5) & (top-left-square-x > 0.5) & (middle-left-square-o <= 0.5),(middle-middle-square-o <= 0.5) & (top-left-square-o <= 0.5) & (bottom-right-square-o > 0.5) & (top-right-square-o > 0.5) & (middle-right-square-o > 0.5),(middle-middle-square-o <= 0.5) & (bottom-left-square-o <= 0.5) & (top-right-square-o > 0.5) & (bottom-right-square-o > 0.5) & (middle-left-square-b > 0.5) & (top-left-square-o <= 0.5) & (bottom-left-square-x > 0.5),(middle-middle-square-o <= 0.5) & (top-left-square-o <= 0.5) & (bottom-right-square-o > 0.5) & (top-right-square-o > 0.5) & (middle-right-square-o > 0.5),,
697,9,7,5,6,6,,,(bottom-right-square-o <= 0.5) & (top-right-square-o > 0.5) & (middle-right-square-x > 0.5) & (bottom-middle-square-o > 0.5) & (bottom-right-square-x > 0.5) & (bottom-left-square-x > 0.5) & (top-left-square-x > 0.5) & (top-middle-square-x <= 0.5) & (middle-left-square-o <= 0.5),(middle-middle-square-o > 0.5) & (bottom-left-square-x > 0.5) & (top-left-square-x > 0.5) & (middle-left-square-x <= 0.5) & (middle-right-square-b <= 0.5) & (middle-left-square-b > 0.5) & (middle-right-square-o <= 0.5),(middle-middle-square-o > 0.5) & (bottom-right-square-x > 0.5) & (top-right-square-x <= 0.5) & (bottom-middle-square-x <= 0.5) & (middle-right-square-x > 0.5),(middle-middle-square-o > 0.5) & (top-right-square-x <= 0.5) & (bottom-left-square-x > 0.5) & (top-middle-square-x <= 0.5) & (bottom-middle-square-o > 0.5) & (top-middle-square-b <= 0.5),(middle-middle-square-o > 0.5) & (bottom-right-square-x > 0.5) & (top-right-square-x <= 0.5) & (bottom-left-square-x > 0.5) & (bottom-middle-square-x <= 0.5) & (middle-left-square-x <= 0.5),,
698,11,3,10,3,4,,,(bottom-right-square-o <= 0.5) & (top-right-square-o > 0.5) & (middle-right-square-x > 0.5) & (bottom-middle-square-o <= 0.5) & (middle-left-square-b > 0.5) & (bottom-left-square-x <= 0.5) & (bottom-left-square-b <= 0.5) & (top-left-square-b <= 0.5) & (top-middle-square-b <= 0.5) & (bottom-right-square-b <= 0.5) & (bottom-middle-square-x > 0.5),(middle-middle-square-o > 0.5) & (bottom-left-square-x <= 0.5) & (top-right-square-x <= 0.5),(middle-middle-square-o > 0.5) & (bottom-right-square-x > 0.5) & (top-right-square-x <= 0.5) & (bottom-middle-square-x > 0.5) & (top-middle-square-x <= 0.5) & (top-right-square-b <= 0.5) & (middle-right-square-x > 0.5) & (middle-left-square-x <= 0.5) & (top-left-square-x > 0.5) & (middle-left-square-b > 0.5),(middle-middle-square-o > 0.5) & (top-right-square-x <= 0.5) & (bottom-left-square-x <= 0.5),(middle-middle-square-o > 0.5) & (bottom-right-square-x > 0.5) & (top-right-square-x <= 0.5) & (bottom-left-square-x <= 0.5),,
699,14,3,5,3,4,,,(bottom-right-square-o <= 0.5) & (top-right-square-o <= 0.5) & (middle-left-square-b <= 0.5) & (bottom-middle-square-x <= 0.5) & (top-middle-square-b <= 0.5) & (top-left-square-x > 0.5) & (top-middle-square-x <= 0.5) & (bottom-middle-square-b <= 0.5) & (middle-right-square-o <= 0.5) & (middle-left-square-x > 0.5) & (top-right-square-b > 0.5) & (bottom-left-square-b <= 0.5) & (middle-right-square-x > 0.5) & (bottom-right-square-b <= 0.5),(middle-middle-square-o > 0.5) & (bottom-left-square-x <= 0.5) & (top-right-square-x <= 0.5),(middle-middle-square-o > 0.5) & (bottom-right-square-x > 0.5) & (top-right-square-x <= 0.5) & (bottom-middle-square-x <= 0.5) & (middle-right-square-x > 0.5),(middle-middle-square-o > 0.5) & (top-right-square-x <= 0.5) & (bottom-left-square-x <= 0.5),(middle-middle-square-o > 0.5) & (bottom-right-square-x > 0.5) & (top-right-square-x <= 0.5) & (bottom-left-square-x <= 0.5),,
700,12,3,6,3,7,,,(bottom-right-square-o <= 0.5) & (top-right-square-o <= 0.5) & (middle-left-square-b <= 0.5) & (bottom-middle-square-x <= 0.5) & (top-middle-square-b <= 0.5) & (top-left-square-x > 0.5) & (top-middle-square-x <= 0.5) & (bottom-middle-square-b <= 0.5) & (middle-right-square-o <= 0.5) & (middle-left-square-x > 0.5) & (top-right-square-b > 0.5) & (bottom-left-square-b > 0.5),(middle-middle-square-o > 0.5) & (bottom-left-square-x <= 0.5) & (top-right-square-x <= 0.5),(middle-middle-square-o > 0.5) & (bottom-right-square-x <= 0.5) & (top-left-square-x > 0.5) & (bottom-middle-square-x <= 0.5) & (top-middle-square-o > 0.5) & (bottom-middle-square-o > 0.5),(middle-middle-square-o > 0.5) & (top-right-square-x <= 0.5) & (bottom-left-square-x <= 0.5),(middle-middle-square-o > 0.5) & (bottom-right-square-x <= 0.5) & (top-left-square-x > 0.5) & (bottom-middle-square-x <= 0.5) & (middle-right-square-x > 0.5) & (bottom-left-square-x <= 0.5) & (middle-left-square-x > 0.5),,
701,12,3,9,3,4,,,(bottom-right-square-o <= 0.5) & (top-right-square-o <= 0.5) & (middle-left-square-b <= 0.5) & (bottom-middle-square-x <= 0.5) & (top-middle-square-b <= 0.5) & (top-left-square-x > 0.5) & (top-middle-square-x <= 0.5) & (bottom-middle-square-b <= 0.5) & (middle-right-square-o <= 0.5) & (middle-left-square-x > 0.5) & (top-right-square-b > 0.5) & (bottom-left-square-b > 0.5),(middle-middle-square-o > 0.5) & (bottom-left-square-x <= 0.5) & (top-right-square-x <= 0.5),(middle-middle-square-o > 0.5) & (bottom-right-square-x > 0.5) & (top-right-square-x <= 0.5) & (bottom-middle-square-x <= 0.5) & (middle-right-square-x <= 0.5) & (middle-left-square-x > 0.5) & (middle-right-square-b > 0.5) & (top-left-square-b <= 0.5) & (top-right-square-o <= 0.5),(middle-middle-square-o > 0.5) & (top-right-square-x <= 0.5) & (bottom-left-square-x <= 0.5),(middle-middle-square-o > 0.5) & (bottom-right-square-x > 0.5) & (top-right-square-x <= 0.5) & (bottom-left-square-x <= 0.5),,
702,12,8,5,6,6,,,(bottom-right-square-o <= 0.5) & (top-right-square-o <= 0.5) & (middle-left-square-b <= 0.5) & (bottom-middle-square-x <= 0.5) & (top-middle-square-b <= 0.5) & (top-left-square-x > 0.5) & (top-middle-square-x <= 0.5) & (bottom-middle-square-b <= 0.5) & (middle-right-square-o <= 0.5) & (middle-left-square-x <= 0.5) & (bottom-left-square-x > 0.5) & (middle-right-square-b <= 0.5),(middle-middle-square-o > 0.5) & (bottom-left-square-x > 0.5) & (top-left-square-x > 0.5) & (middle-left-square-x <= 0.5) & (middle-right-square-b <= 0.5) & (middle-left-square-b <= 0.5) & (middle-right-square-o <= 0.5) & (top-right-square-b > 0.5),(middle-middle-square-o > 0.5) & (bottom-right-square-x > 0.5) & (top-right-square-x <= 0.5) & (bottom-middle-square-x <= 0.5) & (middle-right-square-x > 0.5),(middle-middle-square-o > 0.5) & (top-right-square-x <= 0.5) & (bottom-left-square-x > 0.5) & (top-middle-square-x <= 0.5) & (bottom-middle-square-o > 0.5) & (top-middle-square-b <= 0.5),(middle-middle-square-o > 0.5) & (bottom-right-square-x > 0.5) & (top-right-square-x <= 0.5) & (bottom-left-square-x > 0.5) & (bottom-middle-square-x <= 0.5) & (middle-left-square-x <= 0.5),,
703,11,7,6,6,8,,,(bottom-right-square-o <= 0.5) & (top-right-square-o <= 0.5) & (middle-left-square-b > 0.5) & (bottom-middle-square-o > 0.5) & (top-middle-square-o > 0.5) & (bottom-left-square-o <= 0.5) & (top-left-square-o <= 0.5) & (middle-right-square-o <= 0.5) & (top-left-square-x > 0.5) & (top-right-square-x <= 0.5) & (bottom-left-square-b <= 0.5),(middle-middle-square-o > 0.5) & (bottom-left-square-x > 0.5) & (top-left-square-x > 0.5) & (middle-left-square-x <= 0.5) & (middle-right-square-b <= 0.5) & (middle-left-square-b > 0.5) & (middle-right-square-o <= 0.5),(middle-middle-square-o > 0.5) & (bottom-right-square-x <= 0.5) & (top-left-square-x > 0.5) & (bottom-middle-square-x <= 0.5) & (top-middle-square-o > 0.5) & (bottom-middle-square-o > 0.5),(middle-middle-square-o > 0.5) & (top-right-square-x <= 0.5) & (bottom-left-square-x > 0.5) & (top-middle-square-x <= 0.5) & (bottom-middle-square-o > 0.5) & (top-middle-square-b <= 0.5),(middle-middle-square-o > 0.5) & (bottom-right-square-x <= 0.5) & (top-left-square-x > 0.5) & (bottom-middle-square-x <= 0.5) & (middle-right-square-x > 0.5) & (bottom-left-square-x > 0.5) & (middle-left-square-x <= 0.5) & (bottom-right-square-o <= 0.5),,
704,12,3,5,3,4,,,(bottom-right-square-o <= 0.5) & (top-right-square-o <= 0.5) & (middle-left-square-b > 0.5) & (bottom-middle-square-o > 0.5) & (top-middle-square-o > 0.5) & (bottom-left-square-o <= 0.5) & (top-left-square-o <= 0.5) & (middle-right-square-o <= 0.5) & (top-left-square-x > 0.5) & (top-right-square-x <= 0.5) & (bottom-left-square-b > 0.5) & (middle-right-square-b <= 0.5),(middle-middle-square-o > 0.5) & (bottom-left-square-x <= 0.5) & (top-right-square-x <= 0.5),(middle-middle-square-o > 0.5) & (bottom-right-square-x > 0.5) & (top-right-square-x <= 0.5) & (bottom-middle-square-x <= 0.5) & (middle-right-square-x > 0.5),(middle-middle-square-o > 0.5) & (top-right-square-x <= 0.5) & (bottom-left-square-x <= 0.5),(middle-middle-square-o > 0.5) & (bottom-right-square-x > 0.5) & (top-right-square-x <= 0.5) & (bottom-left-square-x <= 0.5),,
705,11,7,6,6,6,,,(bottom-right-square-o <= 0.5) & (top-right-square-o <= 0.5) & (middle-left-square-b > 0.5) & (bottom-middle-square-o > 0.5) & (top-middle-square-o > 0.5) & (bottom-left-square-o <= 0.5) & (top-left-square-o <= 0.5) & (middle-right-square-o <= 0.5) & (top-left-square-x > 0.5) & (top-right-square-x <= 0.5) & (bottom-left-square-b <= 0.5),(middle-middle-square-o > 0.5) & (bottom-left-square-x > 0.5) & (top-left-square-x > 0.5) & (middle-left-square-x <= 0.5) & (middle-right-square-b > 0.5) & (bottom-middle-square-o > 0.5) & (top-middle-square-x <= 0.5),(middle-middle-square-o > 0.5) & (bottom-right-square-x > 0.5) & (top-right-square-x <= 0.5) & (bottom-middle-square-x <= 0.5) & (middle-right-square-x <= 0.5) & (middle-left-square-x <= 0.5),(middle-middle-square-o > 0.5) & (top-right-square-x <= 0.5) & (bottom-left-square-x > 0.5) & (top-middle-square-x <= 0.5) & (bottom-middle-square-o > 0.5) & (top-middle-square-b <= 0.5),(middle-middle-square-o > 0.5) & (bottom-right-square-x > 0.5) & (top-right-square-x <= 0.5) & (bottom-left-square-x > 0.5) & (bottom-middle-square-x <= 0.5) & (middle-left-square-x <= 0.5),,
706,6,11,12,5,6,,,(bottom-right-square-o > 0.5) & (top-right-square-o <= 0.5) & (middle-right-square-x <= 0.5) & (top-left-square-o <= 0.5) & (bottom-left-square-o > 0.5) & (bottom-middle-square-o > 0.5),(middle-middle-square-o <= 0.5) & (top-right-square-o <= 0.5) & (bottom-left-square-o > 0.5) & (top-left-square-o <= 0.5) & (bottom-middle-square-o > 0.5) & (top-middle-square-o <= 0.5) & (middle-left-square-o <= 0.5) & (middle-right-square-o > 0.5) & (middle-left-square-b <= 0.5) & (middle-middle-square-x > 0.5) & (top-right-square-x > 0.5),(middle-middle-square-o <= 0.5) & (top-left-square-o <= 0.5) & (bottom-right-square-o > 0.5) & (top-right-square-o <= 0.5) & (bottom-middle-square-o > 0.5) & (top-middle-square-o <= 0.5) & (middle-right-square-o > 0.5) & (middle-left-square-x > 0.5) & (middle-middle-square-b <= 0.5) & (top-middle-square-x <= 0.5) & (top-right-square-x > 0.5) & (top-left-square-x > 0.5),(middle-middle-square-o <= 0.5) & (bottom-left-square-o > 0.5) & (top-left-square-o <= 0.5) & (bottom-right-square-o > 0.5) & (bottom-middle-square-o > 0.5),(middle-middle-square-o <= 0.5) & (top-left-square-o <= 0.5) & (bottom-right-square-o > 0.5) & (top-right-square-o <= 0.5) & (bottom-left-square-o > 0.5) & (bottom-middle-square-o > 0.5),,
707,7,11,11,11,7,,,(bottom-right-square-o > 0.5) & (top-right-square-o <= 0.5) & (middle-right-square-x > 0.5) & (top-middle-square-o <= 0.5) & (middle-left-square-b <= 0.5) & (bottom-left-square-o > 0.5) & (bottom-middle-square-o > 0.5),(middle-middle-square-o > 0.5) & (bottom-left-square-x <= 0.5) & (top-right-square-x > 0.5) & (bottom-middle-square-x <= 0.5) & (top-middle-square-o <= 0.5) & (top-left-square-o <= 0.5) & (middle-left-square-b <= 0.5) & (middle-right-square-b <= 0.5) & (middle-right-square-x > 0.5) & (middle-left-square-x > 0.5) & (top-left-square-b <= 0.5),(middle-middle-square-o > 0.5) & (bottom-right-square-x <= 0.5) & (top-left-square-x > 0.5) & (bottom-middle-square-x <= 0.5) & (top-middle-square-o <= 0.5) & (top-right-square-o <= 0.5) & (middle-right-square-b <= 0.5) & (top-middle-square-x <= 0.5) & (middle-left-square-x > 0.5) & (middle-right-square-x > 0.5) & (top-right-square-x > 0.5),(middle-middle-square-o > 0.5) & (top-right-square-x > 0.5) & (top-left-square-x > 0.5) & (top-middle-square-x <= 0.5) & (bottom-middle-square-b <= 0.5) & (top-middle-square-b > 0.5) & (bottom-middle-square-o > 0.5) & (bottom-left-square-b <= 0.5) & (middle-left-square-o <= 0.5) & (bottom-left-square-o > 0.5) & (bottom-right-square-o > 0.5),(middle-middle-square-o > 0.5) & (bottom-right-square-x <= 0.5) & (top-left-square-x > 0.5) & (bottom-middle-square-x <= 0.5) & (middle-right-square-x > 0.5) & (bottom-left-square-x <= 0.5) & (middle-left-square-x > 0.5),,
708,6,11,13,5,6,,,(bottom-right-square-o > 0.5) & (top-right-square-o <= 0.5) & (middle-right-square-x <= 0.5) & (top-left-square-o <= 0.5) & (bottom-left-square-o > 0.5) & (bottom-middle-square-o > 0.5),(middle-middle-square-o <= 0.5) & (top-right-square-o <= 0.5) & (bottom-left-square-o > 0.5) & (top-left-square-o <= 0.5) & (bottom-middle-square-o > 0.5) & (top-middle-square-o <= 0.5) & (middle-left-square-o <= 0.5) & (middle-right-square-o <= 0.5) & (top-middle-square-x <= 0.5) & (top-left-square-b <= 0.5) & (middle-left-square-x > 0.5),(middle-middle-square-o <= 0.5) & (top-left-square-o <= 0.5) & (bottom-right-square-o > 0.5) & (top-right-square-o <= 0.5) & (bottom-middle-square-o > 0.5) & (top-middle-square-o <= 0.5) & (middle-right-square-o <= 0.5) & (middle-left-square-o <= 0.5) & (top-middle-square-x <= 0.5) & (top-left-square-x > 0.5) & (middle-middle-square-x <= 0.5) & (middle-right-square-x <= 0.5) & (top-right-square-x > 0.5),(middle-middle-square-o <= 0.5) & (bottom-left-square-o > 0.5) & (top-left-square-o <= 0.5) & (bottom-right-square-o > 0.5) & (bottom-middle-square-o > 0.5),(middle-middle-square-o <= 0.5) & (top-left-square-o <= 0.5) & (bottom-right-square-o > 0.5) & (top-right-square-o <= 0.5) & (bottom-left-square-o > 0.5) & (bottom-middle-square-o > 0.5),,
709,7,12,11,5,6,,,(bottom-right-square-o > 0.5) & (top-right-square-o <= 0.5) & (middle-right-square-x > 0.5) & (top-middle-square-o <= 0.5) & (middle-left-square-b <= 0.5) & (bottom-left-square-o > 0.5) & (bottom-middle-square-o > 0.5),(middle-middle-square-o <= 0.5) & (top-right-square-o <= 0.5) & (bottom-left-square-o > 0.5) & (top-left-square-o <= 0.5) & (bottom-middle-square-o > 0.5) & (top-middle-square-o <= 0.5) & (middle-left-square-o > 0.5) & (middle-right-square-x > 0.5) & (middle-middle-square-b <= 0.5) & (top-middle-square-x <= 0.5) & (top-right-square-b <= 0.5) & (top-left-square-b <= 0.5),(middle-middle-square-o <= 0.5) & (top-left-square-o <= 0.5) & (bottom-right-square-o > 0.5) & (top-right-square-o <= 0.5) & (bottom-middle-square-o > 0.5) & (top-middle-square-o <= 0.5) & (middle-right-square-o <= 0.5) & (middle-left-square-o > 0.5) & (middle-right-square-b <= 0.5) & (middle-middle-square-x > 0.5) & (top-left-square-x > 0.5),(middle-middle-square-o <= 0.5) & (bottom-left-square-o > 0.5) & (top-left-square-o <= 0.5) & (bottom-right-square-o > 0.5) & (bottom-middle-square-o > 0.5),(middle-middle-square-o <= 0.5) & (top-left-square-o <= 0.5) & (bottom-right-square-o > 0.5) & (top-right-square-o <= 0.5) & (bottom-left-square-o > 0.5) & (bottom-middle-square-o > 0.5),,
710,10,7,7,7,7,7,,(bottom-right-square-o > 0.5) & (top-right-square-o <= 0.5) & (middle-right-square-x <= 0.5) & (top-left-square-o <= 0.5) & (bottom-left-square-o <= 0.5) & (bottom-middle-square-x > 0.5) & (middle-left-square-o > 0.5) & (bottom-left-square-b <= 0.5) & (top-middle-square-o <= 0.5) & (top-left-square-b <= 0.5),(middle-middle-square-o > 0.5) & (bottom-left-square-x > 0.5) & (top-left-square-x > 0.5) & (middle-left-square-x <= 0.5) & (middle-right-square-b <= 0.5) & (middle-left-square-b <= 0.5) & (middle-right-square-o > 0.5),(middle-middle-square-o > 0.5) & (top-left-square-x > 0.5) & (top-right-square-x > 0.5) & (top-middle-square-x <= 0.5) & (bottom-middle-square-b <= 0.5) & (top-middle-square-b > 0.5) & (bottom-middle-square-x > 0.5),(middle-middle-square-o > 0.5) & (bottom-right-square-x <= 0.5) & (top-left-square-x > 0.5) & (bottom-middle-square-x > 0.5) & (top-right-square-o <= 0.5) & (middle-left-square-o > 0.5) & (middle-right-square-o > 0.5),(middle-middle-square-o > 0.5) & (top-right-square-x > 0.5) & (top-left-square-x > 0.5) & (top-middle-square-x <= 0.5) & (bottom-middle-square-b <= 0.5) & (top-middle-square-b > 0.5) & (bottom-middle-square-o <= 0.5),(middle-middle-square-o > 0.5) & (bottom-right-square-x <= 0.5) & (top-left-square-x > 0.5) & (bottom-middle-square-x > 0.5) & (top-right-square-o <= 0.5) & (middle-left-square-o > 0.5) & (middle-right-square-o > 0.5),
711,12,7,7,9,7,,,(bottom-right-square-o <= 0.5) & (top-right-square-o <= 0.5) & (middle-left-square-b <= 0.5) & (bottom-middle-square-x <= 0.5) & (top-middle-square-b > 0.5) & (bottom-middle-square-o > 0.5) & (middle-right-square-o > 0.5) & (middle-left-square-o > 0.5) & (top-left-square-b <= 0.5) & (top-right-square-x > 0.5) & (bottom-left-square-b <= 0.5) & (bottom-right-square-b <= 0.5),(middle-middle-square-o > 0.5) & (bottom-left-square-x > 0.5) & (top-left-square-x > 0.5) & (middle-left-square-x <= 0.5) & (middle-right-square-b <= 0.5) & (middle-left-square-b <= 0.5) & (middle-right-square-o > 0.5),(middle-middle-square-o > 0.5) & (bottom-right-square-x > 0.5) & (top-right-square-x > 0.5) & (middle-right-square-x <= 0.5) & (middle-left-square-b <= 0.5) & (middle-right-square-b <= 0.5) & (middle-left-square-o > 0.5),(middle-middle-square-o > 0.5) & (top-right-square-x > 0.5) & (top-left-square-x > 0.5) & (top-middle-square-x <= 0.5) & (bottom-middle-square-b <= 0.5) & (top-middle-square-b > 0.5) & (bottom-middle-square-o > 0.5) & (bottom-left-square-b <= 0.5) & (middle-left-square-o > 0.5),(middle-middle-square-o > 0.5) & (bottom-right-square-x > 0.5) & (top-right-square-x > 0.5) & (middle-right-square-x <= 0.5) & (middle-left-square-b <= 0.5) & (middle-right-square-b <= 0.5) & (middle-left-square-o > 0.5),,
712,12,7,7,9,7,8,,(bottom-right-square-o <= 0.5) & (top-right-square-o <= 0.5) & (middle-left-square-b <= 0.5) & (bottom-middle-square-x <= 0.5) & (top-middle-square-b > 0.5) & (bottom-middle-square-o <= 0.5) & (middle-left-square-x <= 0.5) & (middle-right-square-o > 0.5) & (top-left-square-o <= 0.5) & (bottom-left-square-o <= 0.5) & (bottom-left-square-x > 0.5) & (top-left-square-x > 0.5),(middle-middle-square-o > 0.5) & (bottom-left-square-x > 0.5) & (top-left-square-x > 0.5) & (middle-left-square-x <= 0.5) & (middle-right-square-b <= 0.5) & (middle-left-square-b <= 0.5) & (middle-right-square-o > 0.5),(middle-middle-square-o > 0.5) & (top-left-square-x > 0.5) & (top-right-square-x > 0.5) & (top-middle-square-x <= 0.5) & (bottom-middle-square-b > 0.5) & (middle-right-square-o > 0.5) & (middle-left-square-o > 0.5),(middle-middle-square-o > 0.5) & (bottom-right-square-x <= 0.5) & (top-left-square-x > 0.5) & (bottom-middle-square-x <= 0.5) & (top-middle-square-o <= 0.5) & (top-right-square-o <= 0.5) & (middle-right-square-b <= 0.5) & (top-middle-square-x <= 0.5) & (middle-left-square-x <= 0.5),(middle-middle-square-o > 0.5) & (top-right-square-x > 0.5) & (top-left-square-x > 0.5) & (top-middle-square-x <= 0.5) & (bottom-middle-square-b > 0.5) & (middle-left-square-o > 0.5) & (bottom-left-square-x > 0.5),(middle-middle-square-o > 0.5) & (bottom-right-square-x <= 0.5) & (top-left-square-x > 0.5) & (bottom-middle-square-x <= 0.5) & (middle-right-square-x <= 0.5) & (bottom-right-square-o <= 0.5) & (middle-left-square-o > 0.5) & (middle-right-square-o > 0.5),
713,11,7,7,7,7,7,,(bottom-right-square-o <= 0.5) & (top-right-square-o <= 0.5) & (middle-left-square-b <= 0.5) & (bottom-middle-square-x > 0.5) & (bottom-left-square-x <= 0.5) & (top-left-square-o <= 0.5) & (middle-right-square-o > 0.5) & (bottom-left-square-o > 0.5) & (bottom-right-square-x > 0.5) & (top-right-square-b <= 0.5) & (top-middle-square-o <= 0.5),(middle-middle-square-o > 0.5) & (bottom-left-square-x <= 0.5) & (top-right-square-x > 0.5) & (bottom-middle-square-x > 0.5) & (top-left-square-o <= 0.5) & (middle-right-square-o > 0.5) & (middle-left-square-o > 0.5),(middle-middle-square-o > 0.5) & (top-left-square-x > 0.5) & (top-right-square-x > 0.5) & (top-middle-square-x <= 0.5) & (bottom-middle-square-b <= 0.5) & (top-middle-square-b > 0.5) & (bottom-middle-square-x > 0.5),(middle-middle-square-o > 0.5) & (bottom-right-square-x > 0.5) & (top-right-square-x > 0.5) & (middle-right-square-x <= 0.5) & (middle-left-square-b <= 0.5) & (middle-right-square-b <= 0.5) & (middle-left-square-o > 0.5),(middle-middle-square-o > 0.5) & (top-right-square-x > 0.5) & (top-left-square-x > 0.5) & (top-middle-square-x <= 0.5) & (bottom-middle-square-b <= 0.5) & (top-middle-square-b > 0.5) & (bottom-middle-square-o <= 0.5),(middle-middle-square-o > 0.5) & (bottom-right-square-x > 0.5) & (top-right-square-x > 0.5) & (middle-right-square-x <= 0.5) & (middle-left-square-b <= 0.5) & (middle-right-square-b <= 0.5) & (middle-left-square-o > 0.5),
714,9,7,7,7,7,7,,(bottom-right-square-o <= 0.5) & (top-right-square-o <= 0.5) & (middle-left-square-b <= 0.5) & (bottom-middle-square-x > 0.5) & (bottom-left-square-x <= 0.5) & (top-left-square-o <= 0.5) & (middle-right-square-o > 0.5) & (bottom-left-square-o <= 0.5) & (top-right-square-x > 0.5),(middle-middle-square-o > 0.5) & (bottom-left-square-x <= 0.5) & (top-right-square-x > 0.5) & (bottom-middle-square-x > 0.5) & (top-left-square-o <= 0.5) & (middle-right-square-o > 0.5) & (middle-left-square-o > 0.5),(middle-middle-square-o > 0.5) & (top-left-square-x > 0.5) & (top-right-square-x > 0.5) & (top-middle-square-x <= 0.5) & (bottom-middle-square-b <= 0.5) & (top-middle-square-b > 0.5) & (bottom-middle-square-x > 0.5),(middle-middle-square-o > 0.5) & (bottom-right-square-x <= 0.5) & (top-left-square-x > 0.5) & (bottom-middle-square-x > 0.5) & (top-right-square-o <= 0.5) & (middle-left-square-o > 0.5) & (middle-right-square-o > 0.5),(middle-middle-square-o > 0.5) & (top-right-square-x > 0.5) & (top-left-square-x > 0.5) & (top-middle-square-x <= 0.5) & (bottom-middle-square-b <= 0.5) & (top-middle-square-b > 0.5) & (bottom-middle-square-o <= 0.5),(middle-middle-square-o > 0.5) & (bottom-right-square-x <= 0.5) & (top-left-square-x > 0.5) & (bottom-middle-square-x > 0.5) & (top-right-square-o <= 0.5) & (middle-left-square-o > 0.5) & (middle-right-square-o > 0.5),
715,12,10,7,7,9,7,,(bottom-right-square-o <= 0.5) & (top-right-square-o <= 0.5) & (middle-left-square-b <= 0.5) & (bottom-middle-square-x <= 0.5) & (top-middle-square-b > 0.5) & (bottom-middle-square-o <= 0.5) & (middle-left-square-x <= 0.5) & (middle-right-square-o > 0.5) & (top-left-square-o <= 0.5) & (bottom-left-square-o <= 0.5) & (bottom-left-square-x <= 0.5) & (top-right-square-x > 0.5),(middle-middle-square-o > 0.5) & (bottom-left-square-x <= 0.5) & (top-right-square-x > 0.5) & (bottom-middle-square-x <= 0.5) & (top-middle-square-o <= 0.5) & (top-left-square-o <= 0.5) & (middle-left-square-b <= 0.5) & (middle-right-square-b <= 0.5) & (middle-right-square-x <= 0.5) & (middle-left-square-o > 0.5),(middle-middle-square-o > 0.5) & (top-left-square-x > 0.5) & (top-right-square-x > 0.5) & (top-middle-square-x <= 0.5) & (bottom-middle-square-b > 0.5) & (middle-right-square-o > 0.5) & (middle-left-square-o > 0.5),(middle-middle-square-o > 0.5) & (bottom-right-square-x > 0.5) & (top-right-square-x > 0.5) & (middle-right-square-x <= 0.5) & (middle-left-square-b <= 0.5) & (middle-right-square-b <= 0.5) & (middle-left-square-o > 0.5),(middle-middle-square-o > 0.5) & (top-right-square-x > 0.5) & (top-left-square-x > 0.5) & (top-middle-square-x <= 0.5) & (bottom-middle-square-b > 0.5) & (middle-left-square-o > 0.5) & (bottom-left-square-x <= 0.5) & (bottom-left-square-b > 0.5) & (top-middle-square-o <= 0.5),(middle-middle-square-o > 0.5) & (bottom-right-square-x > 0.5) & (top-right-square-x > 0.5) & (middle-right-square-x <= 0.5) & (middle-left-square-b <= 0.5) & (middle-right-square-b <= 0.5) & (middle-left-square-o > 0.5),
716,6,12,11,5,6,,,(bottom-right-square-o > 0.5) & (top-right-square-o <= 0.5) & (middle-right-square-x <= 0.5) & (top-left-square-o <= 0.5) & (bottom-left-square-o > 0.5) & (bottom-middle-square-o > 0.5),(middle-middle-square-o <= 0.5) & (top-right-square-o <= 0.5) & (bottom-left-square-o > 0.5) & (top-left-square-o <= 0.5) & (bottom-middle-square-o > 0.5) & (top-middle-square-o <= 0.5) & (middle-left-square-o <= 0.5) & (middle-right-square-o <= 0.5) & (top-middle-square-x <= 0.5) & (top-left-square-b <= 0.5) & (middle-left-square-x <= 0.5) & (top-right-square-b <= 0.5),(middle-middle-square-o <= 0.5) & (top-left-square-o <= 0.5) & (bottom-right-square-o > 0.5) & (top-right-square-o <= 0.5) & (bottom-middle-square-o > 0.5) & (top-middle-square-o <= 0.5) & (middle-right-square-o <= 0.5) & (middle-left-square-o <= 0.5) & (top-middle-square-x <= 0.5) & (top-left-square-x > 0.5) & (middle-middle-square-x > 0.5),(middle-middle-square-o <= 0.5) & (bottom-left-square-o > 0.5) & (top-left-square-o <= 0.5) & (bottom-right-square-o > 0.5) & (bottom-middle-square-o > 0.5),(middle-middle-square-o <= 0.5) & (top-left-square-o <= 0.5) & (bottom-right-square-o > 0.5) & (top-right-square-o <= 0.5) & (bottom-left-square-o > 0.5) & (bottom-middle-square-o > 0.5),,
717,7,12,12,5,6,,,(bottom-right-square-o > 0.5) & (top-right-square-o <= 0.5) & (middle-right-square-x > 0.5) & (top-middle-square-o <= 0.5) & (middle-left-square-b > 0.5) & (top-left-square-x > 0.5) & (top-middle-square-x <= 0.5),(middle-middle-square-o <= 0.5) & (top-right-square-o <= 0.5) & (bottom-left-square-o > 0.5) & (top-left-square-o <= 0.5) & (bottom-middle-square-o > 0.5) & (top-middle-square-o <= 0.5) & (middle-left-square-o <= 0.5) & (middle-right-square-o <= 0.5) & (top-middle-square-x <= 0.5) & (top-left-square-b <= 0.5) & (middle-left-square-x <= 0.5) & (top-right-square-b <= 0.5),(middle-middle-square-o <= 0.5) & (top-left-square-o <= 0.5) & (bottom-right-square-o > 0.5) & (top-right-square-o <= 0.5) & (bottom-middle-square-o > 0.5) & (top-middle-square-o <= 0.5) & (middle-right-square-o <= 0.5) & (middle-left-square-o <= 0.5) & (top-middle-square-x <= 0.5) & (top-left-square-x > 0.5) & (middle-middle-square-x <= 0.5) & (middle-right-square-x > 0.5),(middle-middle-square-o <= 0.5) & (bottom-left-square-o > 0.5) & (top-left-square-o <= 0.5) & (bottom-right-square-o > 0.5) & (bottom-middle-square-o > 0.5),(middle-middle-square-o <= 0.5) & (top-left-square-o <= 0.5) & (bottom-right-square-o > 0.5) & (top-right-square-o <= 0.5) & (bottom-left-square-o > 0.5) & (bottom-middle-square-o > 0.5),,
718,3,11,5,9,5,,,(bottom-right-square-o > 0.5) & (top-right-square-o > 0.5) & (middle-right-square-o > 0.5),(middle-middle-square-o <= 0.5) & (top-right-square-o > 0.5) & (top-left-square-o <= 0.5) & (middle-right-square-o > 0.5) & (top-middle-square-o <= 0.5) & (middle-left-square-o <= 0.5) & (bottom-middle-square-o <= 0.5) & (bottom-left-square-o > 0.5) & (middle-left-square-x > 0.5) & (top-left-square-x > 0.5) & (bottom-middle-square-b <= 0.5),(middle-middle-square-o <= 0.5) & (top-left-square-o <= 0.5) & (bottom-right-square-o > 0.5) & (top-right-square-o > 0.5) & (middle-right-square-o > 0.5),(middle-middle-square-o <= 0.5) & (bottom-left-square-o > 0.5) & (top-left-square-o <= 0.5) & (bottom-right-square-o > 0.5) & (bottom-middle-square-o <= 0.5) & (top-left-square-b <= 0.5) & (middle-left-square-x > 0.5) & (bottom-middle-square-x > 0.5) & (top-middle-square-o <= 0.5),(middle-middle-square-o <= 0.5) & (top-left-square-o <= 0.5) & (bottom-right-square-o > 0.5) & (top-right-square-o > 0.5) & (middle-right-square-o > 0.5),,
719,3,14,5,14,5,,,(bottom-right-square-o > 0.5) & (top-right-square-o > 0.5) & (middle-right-square-o > 0.5),(middle-middle-square-o <= 0.5) & (top-right-square-o > 0.5) & (top-left-square-o <= 0.5) & (middle-right-square-o > 0.5) & (top-middle-square-o <= 0.5) & (middle-left-square-o <= 0.5) & (bottom-middle-square-o <= 0.5) & (bottom-left-square-o <= 0.5) & (top-middle-square-b > 0.5) & (middle-middle-square-x > 0.5) & (top-left-square-b <= 0.5) & (bottom-left-square-x <= 0.5) & (bottom-middle-square-x <= 0.5) & (middle-left-square-b <= 0.5),(middle-middle-square-o <= 0.5) & (top-left-square-o <= 0.5) & (bottom-right-square-o > 0.5) & (top-right-square-o > 0.5) & (middle-right-square-o > 0.5),(middle-middle-square-o <= 0.5) & (bottom-left-square-o <= 0.5) & (top-right-square-o > 0.5) & (bottom-right-square-o > 0.5) & (middle-left-square-b <= 0.5) & (bottom-middle-square-o <= 0.5) & (middle-middle-square-b <= 0.5) & (bottom-left-square-b > 0.5) & (top-left-square-o <= 0.5) & (middle-left-square-o <= 0.5) & (top-middle-square-o <= 0.5) & (bottom-middle-square-x <= 0.5) & (top-middle-square-b > 0.5) & (top-left-square-x > 0.5),(middle-middle-square-o <= 0.5) & (top-left-square-o <= 0.5) & (bottom-right-square-o > 0.5) & (top-right-square-o > 0.5) & (middle-right-square-o > 0.5),,
720,11,3,9,3,6,,,(bottom-right-square-o > 0.5) & (top-right-square-o > 0.5) & (middle-right-square-o <= 0.5) & (bottom-left-square-b <= 0.5) & (top-left-square-o <= 0.5) & (top-middle-square-x <= 0.5) & (middle-left-square-o <= 0.5) & (bottom-left-square-o > 0.5) & (bottom-middle-square-x > 0.5) & (top-middle-square-b > 0.5) & (top-left-square-b <= 0.5),(middle-middle-square-o > 0.5) & (bottom-left-square-x <= 0.5) & (top-right-square-x <= 0.5),(middle-middle-square-o > 0.5) & (bottom-right-square-x <= 0.5) & (top-left-square-x > 0.5) & (bottom-middle-square-x > 0.5) & (top-right-square-o > 0.5) & (top-middle-square-x <= 0.5) & (middle-right-square-x > 0.5) & (bottom-right-square-b <= 0.5) & (top-middle-square-o <= 0.5),(middle-middle-square-o > 0.5) & (top-right-square-x <= 0.5) & (bottom-left-square-x <= 0.5),(middle-middle-square-o > 0.5) & (bottom-right-square-x <= 0.5) & (top-left-square-x > 0.5) & (bottom-middle-square-x > 0.5) & (top-right-square-o > 0.5) & (bottom-left-square-x <= 0.5),,
721,11,3,5,3,4,,,(bottom-right-square-o <= 0.5) & (top-right-square-o > 0.5) & (middle-right-square-x > 0.5) & (bottom-middle-square-o > 0.5) & (bottom-right-square-x > 0.5) & (bottom-left-square-x <= 0.5) & (top-left-square-o <= 0.5) & (top-middle-square-x <= 0.5) & (middle-left-square-x > 0.5) & (top-left-square-b <= 0.5) & (top-middle-square-b > 0.5),(middle-middle-square-o > 0.5) & (bottom-left-square-x <= 0.5) & (top-right-square-x <= 0.5),(middle-middle-square-o > 0.5) & (bottom-right-square-x > 0.5) & (top-right-square-x <= 0.5) & (bottom-middle-square-x <= 0.5) & (middle-right-square-x > 0.5),(middle-middle-square-o > 0.5) & (top-right-square-x <= 0.5) & (bottom-left-square-x <= 0.5),(middle-middle-square-o > 0.5) & (bottom-right-square-x > 0.5) & (top-right-square-x <= 0.5) & (bottom-left-square-x <= 0.5),,
722,12,3,10,3,7,,,(bottom-right-square-o <= 0.5) & (top-right-square-o > 0.5) & (middle-right-square-x > 0.5) & (bottom-middle-square-o <= 0.5) & (middle-left-square-b <= 0.5) & (top-left-square-o <= 0.5) & (bottom-left-square-o > 0.5) & (top-middle-square-o <= 0.5) & (top-middle-square-b > 0.5) & (bottom-middle-square-x <= 0.5) & (middle-left-square-x > 0.5) & (top-left-square-b <= 0.5),(middle-middle-square-o > 0.5) & (bottom-left-square-x <= 0.5) & (top-right-square-x <= 0.5),(middle-middle-square-o > 0.5) & (bottom-right-square-x <= 0.5) & (top-left-square-x > 0.5) & (bottom-middle-square-x <= 0.5) & (top-middle-square-o <= 0.5) & (top-right-square-o > 0.5) & (middle-right-square-x > 0.5) & (top-middle-square-b > 0.5) & (bottom-middle-square-o <= 0.5) & (bottom-right-square-o <= 0.5),(middle-middle-square-o > 0.5) & (top-right-square-x <= 0.5) & (bottom-left-square-x <= 0.5),(middle-middle-square-o > 0.5) & (bottom-right-square-x <= 0.5) & (top-left-square-x > 0.5) & (bottom-middle-square-x <= 0.5) & (middle-right-square-x > 0.5) & (bottom-left-square-x <= 0.5) & (middle-left-square-x > 0.5),,
723,11,3,10,3,4,,,(bottom-right-square-o <= 0.5) & (top-right-square-o > 0.5) & (middle-right-square-x <= 0.5) & (bottom-left-square-o > 0.5) & (middle-left-square-x > 0.5) & (middle-right-square-o > 0.5) & (top-left-square-o <= 0.5) & (top-middle-square-o <= 0.5) & (bottom-middle-square-o <= 0.5) & (top-middle-square-x <= 0.5) & (bottom-middle-square-b <= 0.5),(middle-middle-square-o > 0.5) & (bottom-left-square-x <= 0.5) & (top-right-square-x <= 0.5),(middle-middle-square-o > 0.5) & (bottom-right-square-x > 0.5) & (top-right-square-x <= 0.5) & (bottom-middle-square-x > 0.5) & (top-middle-square-x <= 0.5) & (top-right-square-b <= 0.5) & (middle-right-square-x <= 0.5) & (top-left-square-x > 0.5) & (middle-left-square-x > 0.5) & (top-middle-square-o <= 0.5),(middle-middle-square-o > 0.5) & (top-right-square-x <= 0.5) & (bottom-left-square-x <= 0.5),(middle-middle-square-o > 0.5) & (bottom-right-square-x > 0.5) & (top-right-square-x <= 0.5) & (bottom-left-square-x <= 0.5),,
724,10,3,10,3,6,,,(bottom-right-square-o <= 0.5) & (top-right-square-o > 0.5) & (middle-right-square-x <= 0.5) & (bottom-left-square-o > 0.5) & (middle-left-square-x > 0.5) & (middle-right-square-o <= 0.5) & (top-left-square-b <= 0.5) & (bottom-middle-square-x > 0.5) & (bottom-right-square-b > 0.5) & (top-middle-square-b > 0.5),(middle-middle-square-o > 0.5) & (bottom-left-square-x <= 0.5) & (top-right-square-x <= 0.5),(middle-middle-square-o > 0.5) & (bottom-right-square-x <= 0.5) & (top-left-square-x > 0.5) & (bottom-middle-square-x > 0.5) & (top-right-square-o > 0.5) & (top-middle-square-x <= 0.5) & (middle-right-square-x <= 0.5) & (top-middle-square-o <= 0.5) & (middle-right-square-b > 0.5) & (bottom-right-square-b > 0.5),(middle-middle-square-o > 0.5) & (top-right-square-x <= 0.5) & (bottom-left-square-x <= 0.5),(middle-middle-square-o > 0.5) & (bottom-right-square-x <= 0.5) & (top-left-square-x > 0.5) & (bottom-middle-square-x > 0.5) & (top-right-square-o > 0.5) & (bottom-left-square-x <= 0.5),,
725,11,3,12,3,4,,,(bottom-right-square-o <= 0.5) & (top-right-square-o > 0.5) & (middle-right-square-x <= 0.5) & (bottom-left-square-o > 0.5) & (middle-left-square-x > 0.5) & (middle-right-square-o <= 0.5) & (top-left-square-b <= 0.5) & (bottom-middle-square-x <= 0.5) & (top-middle-square-x <= 0.5) & (top-middle-square-o <= 0.5) & (bottom-middle-square-b > 0.5),(middle-middle-square-o > 0.5) & (bottom-left-square-x <= 0.5) & (top-right-square-x <= 0.5),(middle-middle-square-o > 0.5) & (bottom-right-square-x > 0.5) & (top-right-square-x <= 0.5) & (bottom-middle-square-x <= 0.5) & (middle-right-square-x <= 0.5) & (middle-left-square-x > 0.5) & (middle-right-square-b > 0.5) & (top-left-square-b <= 0.5) & (top-right-square-o > 0.5) & (top-middle-square-x <= 0.5) & (top-middle-square-o <= 0.5) & (bottom-middle-square-b > 0.5),(middle-middle-square-o > 0.5) & (top-right-square-x <= 0.5) & (bottom-left-square-x <= 0.5),(middle-middle-square-o > 0.5) & (bottom-right-square-x > 0.5) & (top-right-square-x <= 0.5) & (bottom-left-square-x <= 0.5),,
726,3,12,5,11,5,,,(bottom-right-square-o > 0.5) & (top-right-square-o > 0.5) & (middle-right-square-o > 0.5),(middle-middle-square-o <= 0.5) & (top-right-square-o > 0.5) & (top-left-square-o <= 0.5) & (middle-right-square-o > 0.5) & (top-middle-square-o <= 0.5) & (middle-left-square-o <= 0.5) & (bottom-middle-square-o <= 0.5) & (bottom-left-square-o <= 0.5) & (top-middle-square-b > 0.5) & (middle-middle-square-x <= 0.5) & (bottom-middle-square-b <= 0.5) & (top-left-square-b <= 0.5),(middle-middle-square-o <= 0.5) & (top-left-square-o <= 0.5) & (bottom-right-square-o > 0.5) & (top-right-square-o > 0.5) & (middle-right-square-o > 0.5),(middle-middle-square-o <= 0.5) & (bottom-left-square-o <= 0.5) & (top-right-square-o > 0.5) & (bottom-right-square-o > 0.5) & (middle-left-square-b <= 0.5) & (bottom-middle-square-o <= 0.5) & (middle-middle-square-b > 0.5) & (top-middle-square-x <= 0.5) & (bottom-middle-square-x > 0.5) & (top-left-square-x > 0.5) & (bottom-left-square-b > 0.5),(middle-middle-square-o <= 0.5) & (top-left-square-o <= 0.5) & (bottom-right-square-o > 0.5) & (top-right-square-o > 0.5) & (middle-right-square-o > 0.5),,
727,3,12,5,10,5,,,(bottom-right-square-o > 0.5) & (top-right-square-o > 0.5) & (middle-right-square-o > 0.5),(middle-middle-square-o <= 0.5) & (top-right-square-o > 0.5) & (top-left-square-o <= 0.5) & (middle-right-square-o > 0.5) & (top-middle-square-o <= 0.5) & (middle-left-square-o > 0.5) & (bottom-left-square-x > 0.5) & (top-left-square-x > 0.5) & (bottom-middle-square-o <= 0.5) & (top-middle-square-b > 0.5) & (bottom-middle-square-b <= 0.5) & (middle-middle-square-x > 0.5),(middle-middle-square-o <= 0.5) & (top-left-square-o <= 0.5) & (bottom-right-square-o > 0.5) & (top-right-square-o > 0.5) & (middle-right-square-o > 0.5),(middle-middle-square-o <= 0.5) & (bottom-left-square-o <= 0.5) & (top-right-square-o > 0.5) & (bottom-right-square-o > 0.5) & (middle-left-square-b <= 0.5) & (bottom-middle-square-o <= 0.5) & (middle-middle-square-b <= 0.5) & (bottom-left-square-b <= 0.5) & (bottom-middle-square-x > 0.5) & (top-middle-square-x <= 0.5),(middle-middle-square-o <= 0.5) & (top-left-square-o <= 0.5) & (bottom-right-square-o > 0.5) & (top-right-square-o > 0.5) & (middle-right-square-o > 0.5),,
728,10,3,11,3,4,,,(bottom-right-square-o <= 0.5) & (top-right-square-o > 0.5) & (middle-right-square-x > 0.5) & (bottom-middle-square-o <= 0.5) & (middle-left-square-b <= 0.5) & (top-left-square-o <= 0.5) & (bottom-left-square-o > 0.5) & (top-middle-square-o <= 0.5) & (top-middle-square-b > 0.5) & (bottom-middle-square-x > 0.5),(middle-middle-square-o > 0.5) & (bottom-left-square-x <= 0.5) & (top-right-square-x <= 0.5),(middle-middle-square-o > 0.5) & (bottom-right-square-x > 0.5) & (top-right-square-x <= 0.5) & (bottom-middle-square-x > 0.5) & (top-middle-square-x <= 0.5) & (top-right-square-b <= 0.5) & (middle-right-square-x > 0.5) & (middle-left-square-x <= 0.5) & (top-left-square-x > 0.5) & (middle-left-square-b <= 0.5) & (top-middle-square-b > 0.5),(middle-middle-square-o > 0.5) & (top-right-square-x <= 0.5) & (bottom-left-square-x <= 0.5),(middle-middle-square-o > 0.5) & (bottom-right-square-x > 0.5) & (top-right-square-x <= 0.5) & (bottom-left-square-x <= 0.5),,
729,3,12,5,7,5,,,(bottom-right-square-o > 0.5) & (top-right-square-o > 0.5) & (middle-right-square-o > 0.5),(middle-middle-square-o <= 0.5) & (top-right-square-o > 0.5) & (top-left-square-o <= 0.5) & (middle-right-square-o > 0.5) & (top-middle-square-o <= 0.5) & (middle-left-square-o <= 0.5) & (bottom-middle-square-o <= 0.5) & (bottom-left-square-o <= 0.5) & (top-middle-square-b > 0.5) & (middle-middle-square-x > 0.5) & (top-left-square-b <= 0.5) & (bottom-left-square-x > 0.5),(middle-middle-square-o <= 0.5) & (top-left-square-o <= 0.5) & (bottom-right-square-o > 0.5) & (top-right-square-o > 0.5) & (middle-right-square-o > 0.5),(middle-middle-square-o <= 0.5) & (bottom-left-square-o <= 0.5) & (top-right-square-o > 0.5) & (bottom-right-square-o > 0.5) & (middle-left-square-b > 0.5) & (top-left-square-o <= 0.5) & (bottom-left-square-x > 0.5),(middle-middle-square-o <= 0.5) & (top-left-square-o <= 0.5) & (bottom-right-square-o > 0.5) & (top-right-square-o > 0.5) & (middle-right-square-o > 0.5),,
730,3,13,5,8,5,,,(bottom-right-square-o > 0.5) & (top-right-square-o > 0.5) & (middle-right-square-o > 0.5),(middle-middle-square-o <= 0.5) & (top-right-square-o > 0.5) & (top-left-square-o <= 0.5) & (middle-right-square-o > 0.5) & (top-middle-square-o <= 0.5) & (middle-left-square-o <= 0.5) & (bottom-middle-square-o <= 0.5) & (bottom-left-square-o <= 0.5) & (top-middle-square-b > 0.5) & (middle-middle-square-x > 0.5) & (top-left-square-b <= 0.5) & (bottom-left-square-x <= 0.5) & (bottom-middle-square-x > 0.5),(middle-middle-square-o <= 0.5) & (top-left-square-o <= 0.5) & (bottom-right-square-o > 0.5) & (top-right-square-o > 0.5) & (middle-right-square-o > 0.5),(middle-middle-square-o <= 0.5) & (bottom-left-square-o <= 0.5) & (top-right-square-o > 0.5) & (bottom-right-square-o > 0.5) & (middle-left-square-b > 0.5) & (top-left-square-o <= 0.5) & (bottom-left-square-x <= 0.5) & (top-left-square-b <= 0.5),(middle-middle-square-o <= 0.5) & (top-left-square-o <= 0.5) & (bottom-right-square-o > 0.5) & (top-right-square-o > 0.5) & (middle-right-square-o > 0.5),,
731,9,3,8,3,6,,,(bottom-right-square-o <= 0.5) & (top-right-square-o > 0.5) & (middle-right-square-x > 0.5) & (bottom-middle-square-o <= 0.5) & (middle-left-square-b > 0.5) & (bottom-left-square-x <= 0.5) & (bottom-left-square-b <= 0.5) & (top-left-square-b <= 0.5) & (top-middle-square-b > 0.5),(middle-middle-square-o > 0.5) & (bottom-left-square-x <= 0.5) & (top-right-square-x <= 0.5),(middle-middle-square-o > 0.5) & (bottom-right-square-x <= 0.5) & (top-left-square-x > 0.5) & (bottom-middle-square-x > 0.5) & (top-right-square-o > 0.5) & (top-middle-square-x <= 0.5) & (middle-right-square-x > 0.5) & (bottom-right-square-b > 0.5),(middle-middle-square-o > 0.5) & (top-right-square-x <= 0.5) & (bottom-left-square-x <= 0.5),(middle-middle-square-o > 0.5) & (bottom-right-square-x <= 0.5) & (top-left-square-x > 0.5) & (bottom-middle-square-x > 0.5) & (top-right-square-o > 0.5) & (bottom-left-square-x <= 0.5),,
732,9,3,5,3,4,,,(bottom-right-square-o <= 0.5) & (top-right-square-o > 0.5) & (middle-right-square-x > 0.5) & (bottom-middle-square-o <= 0.5) & (middle-left-square-b > 0.5) & (bottom-left-square-x <= 0.5) & (bottom-left-square-b <= 0.5) & (top-left-square-b <= 0.5) & (top-middle-square-b > 0.5),(middle-middle-square-o > 0.5) & (bottom-left-square-x <= 0.5) & (top-right-square-x <= 0.5),(middle-middle-square-o > 0.5) & (bottom-right-square-x > 0.5) & (top-right-square-x <= 0.5) & (bottom-middle-square-x <= 0.5) & (middle-right-square-x > 0.5),(middle-middle-square-o > 0.5) & (top-right-square-x <= 0.5) & (bottom-left-square-x <= 0.5),(middle-middle-square-o > 0.5) & (bottom-right-square-x > 0.5) & (top-right-square-x <= 0.5) & (bottom-left-square-x <= 0.5),,
733,12,3,12,3,4,,,(bottom-right-square-o <= 0.5) & (top-right-square-o > 0.5) & (middle-right-square-x <= 0.5) & (bottom-left-square-o > 0.5) & (middle-left-square-x <= 0.5) & (middle-left-square-b > 0.5) & (middle-right-square-o <= 0.5) & (bottom-middle-square-o <= 0.5) & (top-middle-square-o <= 0.5) & (top-left-square-o <= 0.5) & (bottom-middle-square-b <= 0.5) & (top-left-square-x > 0.5),(middle-middle-square-o > 0.5) & (bottom-left-square-x <= 0.5) & (top-right-square-x <= 0.5),(middle-middle-square-o > 0.5) & (bottom-right-square-x > 0.5) & (top-right-square-x <= 0.5) & (bottom-middle-square-x > 0.5) & (top-middle-square-x <= 0.5) & (top-right-square-b <= 0.5) & (middle-right-square-x <= 0.5) & (top-left-square-x > 0.5) & (middle-left-square-x <= 0.5) & (top-middle-square-o <= 0.5) & (middle-left-square-b > 0.5) & (middle-right-square-b > 0.5),(middle-middle-square-o > 0.5) & (top-right-square-x <= 0.5) & (bottom-left-square-x <= 0.5),(middle-middle-square-o > 0.5) & (bottom-right-square-x > 0.5) & (top-right-square-x <= 0.5) & (bottom-left-square-x <= 0.5),,
734,3,12,5,7,5,,,(bottom-right-square-o > 0.5) & (top-right-square-o > 0.5) & (middle-right-square-o > 0.5),(middle-middle-square-o <= 0.5) & (top-right-square-o > 0.5) & (top-left-square-o <= 0.5) & (middle-right-square-o > 0.5) & (top-middle-square-o <= 0.5) & (middle-left-square-o <= 0.5) & (bottom-middle-square-o <= 0.5) & (bottom-left-square-o <= 0.5) & (top-middle-square-b > 0.5) & (middle-middle-square-x <= 0.5) & (bottom-middle-square-b <= 0.5) & (top-left-square-b <= 0.5),(middle-middle-square-o <= 0.5) & (top-left-square-o <= 0.5) & (bottom-right-square-o > 0.5) & (top-right-square-o > 0.5) & (middle-right-square-o > 0.5),(middle-middle-square-o <= 0.5) & (bottom-left-square-o <= 0.5) & (top-right-square-o > 0.5) & (bottom-right-square-o > 0.5) & (middle-left-square-b > 0.5) & (top-left-square-o <= 0.5) & (bottom-left-square-x > 0.5),(middle-middle-square-o <= 0.5) & (top-left-square-o <= 0.5) & (bottom-right-square-o > 0.5) & (top-right-square-o > 0.5) & (middle-right-square-o > 0.5),,
735,6,11,11,5,6,,,(bottom-right-square-o > 0.5) & (top-right-square-o <= 0.5) & (middle-right-square-x <= 0.5) & (top-left-square-o <= 0.5) & (bottom-left-square-o > 0.5) & (bottom-middle-square-o > 0.5),(middle-middle-square-o <= 0.5) & (top-right-square-o <= 0.5) & (bottom-left-square-o > 0.5) & (top-left-square-o <= 0.5) & (bottom-middle-square-o > 0.5) & (top-middle-square-o <= 0.5) & (middle-left-square-o <= 0.5) & (middle-right-square-o <= 0.5) & (top-middle-square-x <= 0.5) & (top-left-square-b <= 0.5) & (middle-left-square-x > 0.5),(middle-middle-square-o <= 0.5) & (top-left-square-o <= 0.5) & (bottom-right-square-o > 0.5) & (top-right-square-o <= 0.5) & (bottom-middle-square-o > 0.5) & (top-middle-square-o <= 0.5) & (middle-right-square-o <= 0.5) & (middle-left-square-o <= 0.5) & (top-middle-square-x <= 0.5) & (top-left-square-x > 0.5) & (middle-middle-square-x > 0.5),(middle-middle-square-o <= 0.5) & (bottom-left-square-o > 0.5) & (top-left-square-o <= 0.5) & (bottom-right-square-o > 0.5) & (bottom-middle-square-o > 0.5),(middle-middle-square-o <= 0.5) & (top-left-square-o <= 0.5) & (bottom-right-square-o > 0.5) & (top-right-square-o <= 0.5) & (bottom-left-square-o > 0.5) & (bottom-middle-square-o > 0.5),,
736,7,11,12,5,6,,,(bottom-right-square-o > 0.5) & (top-right-square-o <= 0.5) & (middle-right-square-x > 0.5) & (top-middle-square-o <= 0.5) & (middle-left-square-b <= 0.5) & (bottom-left-square-o > 0.5) & (bottom-middle-square-o > 0.5),(middle-middle-square-o <= 0.5) & (top-right-square-o <= 0.5) & (bottom-left-square-o > 0.5) & (top-left-square-o <= 0.5) & (bottom-middle-square-o > 0.5) & (top-middle-square-o <= 0.5) & (middle-left-square-o <= 0.5) & (middle-right-square-o <= 0.5) & (top-middle-square-x <= 0.5) & (top-left-square-b <= 0.5) & (middle-left-square-x > 0.5),(middle-middle-square-o <= 0.5) & (top-left-square-o <= 0.5) & (bottom-right-square-o > 0.5) & (top-right-square-o <= 0.5) & (bottom-middle-square-o > 0.5) & (top-middle-square-o <= 0.5) & (middle-right-square-o <= 0.5) & (middle-left-square-o <= 0.5) & (top-middle-square-x <= 0.5) & (top-left-square-x > 0.5) & (middle-middle-square-x <= 0.5) & (middle-right-square-x > 0.5),(middle-middle-square-o <= 0.5) & (bottom-left-square-o > 0.5) & (top-left-square-o <= 0.5) & (bottom-right-square-o > 0.5) & (bottom-middle-square-o > 0.5),(middle-middle-square-o <= 0.5) & (top-left-square-o <= 0.5) & (bottom-right-square-o > 0.5) & (top-right-square-o <= 0.5) & (bottom-left-square-o > 0.5) & (bottom-middle-square-o > 0.5),,
737,8,7,7,8,7,,,(bottom-right-square-o <= 0.5) & (top-right-square-o <= 0.5) & (middle-left-square-b <= 0.5) & (bottom-middle-square-x > 0.5) & (bottom-left-square-x > 0.5) & (bottom-right-square-b > 0.5) & (top-middle-square-o <= 0.5) & (top-left-square-o <= 0.5),(middle-middle-square-o > 0.5) & (bottom-left-square-x > 0.5) & (top-left-square-x > 0.5) & (middle-left-square-x <= 0.5) & (middle-right-square-b <= 0.5) & (middle-left-square-b <= 0.5) & (middle-right-square-o > 0.5),(middle-middle-square-o > 0.5) & (bottom-right-square-x <= 0.5) & (top-left-square-x > 0.5) & (bottom-middle-square-x > 0.5) & (top-right-square-o <= 0.5) & (middle-left-square-o > 0.5) & (middle-right-square-o > 0.5),(middle-middle-square-o > 0.5) & (top-right-square-x <= 0.5) & (bottom-left-square-x > 0.5) & (top-middle-square-x <= 0.5) & (bottom-middle-square-o <= 0.5) & (top-left-square-o <= 0.5) & (middle-left-square-o > 0.5) & (bottom-right-square-b > 0.5),(middle-middle-square-o > 0.5) & (bottom-right-square-x <= 0.5) & (top-left-square-x > 0.5) & (bottom-middle-square-x > 0.5) & (top-right-square-o <= 0.5) & (middle-left-square-o > 0.5) & (middle-right-square-o > 0.5),,
738,12,7,6,9,6,,,(bottom-right-square-o <= 0.5) & (top-right-square-o <= 0.5) & (middle-left-square-b <= 0.5) & (bottom-middle-square-x <= 0.5) & (top-middle-square-b > 0.5) & (bottom-middle-square-o <= 0.5) & (middle-left-square-x <= 0.5) & (middle-right-square-o > 0.5) & (top-left-square-o <= 0.5) & (bottom-left-square-o <= 0.5) & (bottom-left-square-x > 0.5) & (top-left-square-x > 0.5),(middle-middle-square-o > 0.5) & (bottom-left-square-x > 0.5) & (top-left-square-x > 0.5) & (middle-left-square-x <= 0.5) & (middle-right-square-b <= 0.5) & (middle-left-square-b <= 0.5) & (middle-right-square-o > 0.5),(middle-middle-square-o > 0.5) & (bottom-right-square-x > 0.5) & (top-right-square-x <= 0.5) & (bottom-middle-square-x <= 0.5) & (middle-right-square-x <= 0.5) & (middle-left-square-x <= 0.5),(middle-middle-square-o > 0.5) & (top-right-square-x <= 0.5) & (bottom-left-square-x > 0.5) & (top-middle-square-x <= 0.5) & (bottom-middle-square-o <= 0.5) & (top-left-square-o <= 0.5) & (middle-left-square-o > 0.5) & (bottom-right-square-b <= 0.5) & (bottom-middle-square-b > 0.5),(middle-middle-square-o > 0.5) & (bottom-right-square-x > 0.5) & (top-right-square-x <= 0.5) & (bottom-left-square-x > 0.5) & (bottom-middle-square-x <= 0.5) & (middle-left-square-x <= 0.5),,
739,11,3,8,3,4,,,(bottom-right-square-o <= 0.5) & (top-right-square-o <= 0.5) & (middle-left-square-b <= 0.5) & (bottom-middle-square-x > 0.5) & (bottom-left-square-x <= 0.5) & (top-left-square-o <= 0.5) & (middle-right-square-o > 0.5) & (bottom-left-square-o <= 0.5) & (top-right-square-x <= 0.5) & (top-middle-square-o <= 0.5) & (top-left-square-x > 0.5),(middle-middle-square-o > 0.5) & (bottom-left-square-x <= 0.5) & (top-right-square-x <= 0.5),(middle-middle-square-o > 0.5) & (bottom-right-square-x > 0.5) & (top-right-square-x <= 0.5) & (bottom-middle-square-x > 0.5) & (top-middle-square-x <= 0.5) & (top-right-square-b > 0.5) & (top-left-square-x > 0.5) & (top-middle-square-b > 0.5),(middle-middle-square-o > 0.5) & (top-right-square-x <= 0.5) & (bottom-left-square-x <= 0.5),(middle-middle-square-o > 0.5) & (bottom-right-square-x > 0.5) & (top-right-square-x <= 0.5) & (bottom-left-square-x <= 0.5),,
740,7,13,11,5,6,,,(bottom-right-square-o > 0.5) & (top-right-square-o <= 0.5) & (middle-right-square-x > 0.5) & (top-middle-square-o <= 0.5) & (middle-left-square-b > 0.5) & (top-left-square-x > 0.5) & (top-middle-square-x <= 0.5),(middle-middle-square-o <= 0.5) & (top-right-square-o <= 0.5) & (bottom-left-square-o > 0.5) & (top-left-square-o <= 0.5) & (bottom-middle-square-o > 0.5) & (top-middle-square-o <= 0.5) & (middle-left-square-o <= 0.5) & (middle-right-square-o <= 0.5) & (top-middle-square-x <= 0.5) & (top-left-square-b <= 0.5) & (middle-left-square-x <= 0.5) & (top-right-square-b > 0.5) & (middle-right-square-x > 0.5),(middle-middle-square-o <= 0.5) & (top-left-square-o <= 0.5) & (bottom-right-square-o > 0.5) & (top-right-square-o <= 0.5) & (bottom-middle-square-o > 0.5) & (top-middle-square-o <= 0.5) & (middle-right-square-o <= 0.5) & (middle-left-square-o <= 0.5) & (top-middle-square-x <= 0.5) & (top-left-square-x > 0.5) & (middle-middle-square-x > 0.5),(middle-middle-square-o <= 0.5) & (bottom-left-square-o > 0.5) & (top-left-square-o <= 0.5) & (bottom-right-square-o > 0.5) & (bottom-middle-square-o > 0.5),(middle-middle-square-o <= 0.5) & (top-left-square-o <= 0.5) & (bottom-right-square-o > 0.5) & (top-right-square-o <= 0.5) & (bottom-left-square-o > 0.5) & (bottom-middle-square-o > 0.5),,
741,9,9,10,10,9,,,(bottom-right-square-o > 0.5) & (top-right-square-o <= 0.5) & (middle-right-square-x <= 0.5) & (top-left-square-o > 0.5) & (middle-left-square-x > 0.5) & (middle-right-square-o <= 0.5) & (bottom-left-square-b <= 0.5) & (top-middle-square-x > 0.5) & (top-right-square-b <= 0.5),(middle-middle-square-o <= 0.5) & (top-right-square-o <= 0.5) & (bottom-left-square-o > 0.5) & (top-left-square-o > 0.5) & (middle-left-square-o <= 0.5) & (bottom-middle-square-o > 0.5) & (top-middle-square-x > 0.5) & (top-right-square-x > 0.5) & (middle-middle-square-b <= 0.5),(middle-middle-square-o <= 0.5) & (top-left-square-o > 0.5) & (top-right-square-o <= 0.5) & (middle-left-square-o <= 0.5) & (top-middle-square-x > 0.5) & (bottom-middle-square-o > 0.5) & (bottom-right-square-b <= 0.5) & (top-right-square-b <= 0.5) & (middle-left-square-x > 0.5) & (middle-right-square-o <= 0.5),(middle-middle-square-o <= 0.5) & (bottom-left-square-o > 0.5) & (top-left-square-o > 0.5) & (middle-left-square-o <= 0.5) & (top-right-square-b <= 0.5) & (top-middle-square-b <= 0.5) & (bottom-right-square-b <= 0.5) & (bottom-middle-square-b <= 0.5) & (bottom-middle-square-x <= 0.5) & (bottom-right-square-o > 0.5),(middle-middle-square-o <= 0.5) & (top-left-square-o > 0.5) & (bottom-left-square-o > 0.5) & (middle-left-square-o <= 0.5) & (top-right-square-b <= 0.5) & (bottom-right-square-b <= 0.5) & (bottom-middle-square-b <= 0.5) & (middle-left-square-b <= 0.5) & (middle-right-square-b > 0.5),,
742,12,9,3,4,3,,,(bottom-right-square-o > 0.5) & (top-right-square-o <= 0.5) & (middle-right-square-x > 0.5) & (top-middle-square-o <= 0.5) & (middle-left-square-b <= 0.5) & (bottom-left-square-o > 0.5) & (bottom-middle-square-o <= 0.5) & (top-left-square-o > 0.5) & (middle-left-square-o <= 0.5) & (top-right-square-b <= 0.5) & (bottom-middle-square-x <= 0.5) & (top-middle-square-x > 0.5),(middle-middle-square-o > 0.5) & (bottom-left-square-x <= 0.5) & (top-right-square-x > 0.5) & (bottom-middle-square-x <= 0.5) & (top-middle-square-o <= 0.5) & (top-left-square-o > 0.5) & (middle-left-square-x > 0.5) & (top-middle-square-b <= 0.5) & (bottom-middle-square-b > 0.5),(middle-middle-square-o > 0.5) & (bottom-right-square-x <= 0.5) & (top-left-square-x <= 0.5),(middle-middle-square-o > 0.5) & (top-right-square-x > 0.5) & (top-left-square-x <= 0.5) & (bottom-right-square-x <= 0.5),(middle-middle-square-o > 0.5) & (bottom-right-square-x <= 0.5) & (top-left-square-x <= 0.5),,
743,12,10,3,4,3,,,(bottom-right-square-o > 0.5) & (top-right-square-o <= 0.5) & (middle-right-square-x > 0.5) & (top-middle-square-o <= 0.5) & (middle-left-square-b <= 0.5) & (bottom-left-square-o <= 0.5) & (top-left-square-o > 0.5) & (bottom-middle-square-o > 0.5) & (middle-left-square-o <= 0.5) & (bottom-left-square-x <= 0.5) & (top-middle-square-b <= 0.5) & (top-right-square-x > 0.5),(middle-middle-square-o > 0.5) & (bottom-left-square-x <= 0.5) & (top-right-square-x > 0.5) & (bottom-middle-square-x <= 0.5) & (top-middle-square-o <= 0.5) & (top-left-square-o > 0.5) & (middle-left-square-x > 0.5) & (top-middle-square-b <= 0.5) & (bottom-middle-square-b <= 0.5) & (bottom-left-square-b > 0.5),(middle-middle-square-o > 0.5) & (bottom-right-square-x <= 0.5) & (top-left-square-x <= 0.5),(middle-middle-square-o > 0.5) & (top-right-square-x > 0.5) & (top-left-square-x <= 0.5) & (bottom-right-square-x <= 0.5),(middle-middle-square-o > 0.5) & (bottom-right-square-x <= 0.5) & (top-left-square-x <= 0.5),,
744,11,5,3,4,3,,,(bottom-right-square-o > 0.5) & (top-right-square-o <= 0.5) & (middle-right-square-x <= 0.5) & (top-left-square-o > 0.5) & (middle-left-square-x > 0.5) & (middle-right-square-o > 0.5) & (top-middle-square-o <= 0.5) & (bottom-left-square-o <= 0.5) & (bottom-middle-square-o <= 0.5) & (bottom-middle-square-x <= 0.5) & (top-middle-square-x > 0.5),(middle-middle-square-o > 0.5) & (bottom-left-square-x > 0.5) & (top-left-square-x <= 0.5) & (bottom-middle-square-x <= 0.5) & (middle-left-square-x > 0.5),(middle-middle-square-o > 0.5) & (bottom-right-square-x <= 0.5) & (top-left-square-x <= 0.5),(middle-middle-square-o > 0.5) & (top-right-square-x > 0.5) & (top-left-square-x <= 0.5) & (bottom-right-square-x <= 0.5),(middle-middle-square-o > 0.5) & (bottom-right-square-x <= 0.5) & (top-left-square-x <= 0.5),,
745,11,6,3,4,3,,,(bottom-right-square-o > 0.5) & (top-right-square-o <= 0.5) & (middle-right-square-x <= 0.5) & (top-left-square-o > 0.5) & (middle-left-square-x > 0.5) & (middle-right-square-o > 0.5) & (top-middle-square-o <= 0.5) & (bottom-left-square-o <= 0.5) & (bottom-middle-square-o <= 0.5) & (bottom-middle-square-x > 0.5) & (top-right-square-x > 0.5),(middle-middle-square-o > 0.5) & (bottom-left-square-x <= 0.5) & (top-right-square-x > 0.5) & (bottom-middle-square-x > 0.5) & (top-left-square-o > 0.5) & (top-middle-square-x > 0.5),(middle-middle-square-o > 0.5) & (bottom-right-square-x <= 0.5) & (top-left-square-x <= 0.5),(middle-middle-square-o > 0.5) & (top-right-square-x > 0.5) & (top-left-square-x <= 0.5) & (bottom-right-square-x <= 0.5),(middle-middle-square-o > 0.5) & (bottom-right-square-x <= 0.5) & (top-left-square-x <= 0.5),,
746,9,5,3,4,3,,,(bottom-right-square-o > 0.5) & (top-right-square-o <= 0.5) & (middle-right-square-x <= 0.5) & (top-left-square-o > 0.5) & (middle-left-square-x > 0.5) & (middle-right-square-o <= 0.5) & (bottom-left-square-b <= 0.5) & (top-middle-square-x > 0.5) & (top-right-square-b <= 0.5),(middle-middle-square-o > 0.5) & (bottom-left-square-x > 0.5) & (top-left-square-x <= 0.5) & (bottom-middle-square-x <= 0.5) & (middle-left-square-x > 0.5),(middle-middle-square-o > 0.5) & (bottom-right-square-x <= 0.5) & (top-left-square-x <= 0.5),(middle-middle-square-o > 0.5) & (top-right-square-x > 0.5) & (top-left-square-x <= 0.5) & (bottom-right-square-x <= 0.5),(middle-middle-square-o > 0.5) & (bottom-right-square-x <= 0.5) & (top-left-square-x <= 0.5),,
747,9,6,3,4,3,,,(bottom-right-square-o > 0.5) & (top-right-square-o <= 0.5) & (middle-right-square-x <= 0.5) & (top-left-square-o > 0.5) & (middle-left-square-x > 0.5) & (middle-right-square-o <= 0.5) & (bottom-left-square-b <= 0.5) & (top-middle-square-x > 0.5) & (top-right-square-b <= 0.5),(middle-middle-square-o > 0.5) & (bottom-left-square-x <= 0.5) & (top-right-square-x > 0.5) & (bottom-middle-square-x > 0.5) & (top-left-square-o > 0.5) & (top-middle-square-x > 0.5),(middle-middle-square-o > 0.5) & (bottom-right-square-x <= 0.5) & (top-left-square-x <= 0.5),(middle-middle-square-o > 0.5) & (top-right-square-x > 0.5) & (top-left-square-x <= 0.5) & (bottom-right-square-x <= 0.5),(middle-middle-square-o > 0.5) & (bottom-right-square-x <= 0.5) & (top-left-square-x <= 0.5),,
748,7,9,3,4,3,,,(bottom-right-square-o > 0.5) & (top-right-square-o <= 0.5) & (middle-right-square-x <= 0.5) & (top-left-square-o > 0.5) & (middle-left-square-x > 0.5) & (middle-right-square-o <= 0.5) & (bottom-left-square-b > 0.5),(middle-middle-square-o > 0.5) & (bottom-left-square-x <= 0.5) & (top-right-square-x > 0.5) & (bottom-middle-square-x <= 0.5) & (top-middle-square-o <= 0.5) & (top-left-square-o > 0.5) & (middle-left-square-x > 0.5) & (top-middle-square-b <= 0.5) & (bottom-middle-square-b > 0.5),(middle-middle-square-o > 0.5) & (bottom-right-square-x <= 0.5) & (top-left-square-x <= 0.5),(middle-middle-square-o > 0.5) & (top-right-square-x > 0.5) & (top-left-square-x <= 0.5) & (bottom-right-square-x <= 0.5),(middle-middle-square-o > 0.5) & (bottom-right-square-x <= 0.5) & (top-left-square-x <= 0.5),,
749,7,10,10,10,12,,,(bottom-right-square-o > 0.5) & (top-right-square-o <= 0.5) & (middle-right-square-x > 0.5) & (top-middle-square-o <= 0.5) & (middle-left-square-b <= 0.5) & (bottom-left-square-o > 0.5) & (bottom-middle-square-o > 0.5),(middle-middle-square-o <= 0.5) & (top-right-square-o <= 0.5) & (bottom-left-square-o > 0.5) & (top-left-square-o > 0.5) & (middle-left-square-o <= 0.5) & (bottom-middle-square-o > 0.5) & (top-middle-square-x > 0.5) & (top-right-square-x > 0.5) & (middle-middle-square-b > 0.5) & (middle-left-square-b <= 0.5),(middle-middle-square-o <= 0.5) & (top-left-square-o > 0.5) & (top-right-square-o <= 0.5) & (middle-left-square-o <= 0.5) & (top-middle-square-x > 0.5) & (bottom-middle-square-o > 0.5) & (bottom-right-square-b <= 0.5) & (top-right-square-b <= 0.5) & (middle-left-square-x > 0.5) & (middle-right-square-o <= 0.5),(middle-middle-square-o <= 0.5) & (bottom-left-square-o > 0.5) & (top-left-square-o > 0.5) & (middle-left-square-o <= 0.5) & (top-right-square-b <= 0.5) & (top-middle-square-b <= 0.5) & (bottom-right-square-b <= 0.5) & (bottom-middle-square-b <= 0.5) & (bottom-middle-square-x <= 0.5) & (bottom-right-square-o > 0.5),(middle-middle-square-o <= 0.5) & (top-left-square-o > 0.5) & (bottom-left-square-o > 0.5) & (middle-left-square-o <= 0.5) & (top-right-square-b <= 0.5) & (bottom-right-square-b <= 0.5) & (bottom-middle-square-b <= 0.5) & (middle-left-square-b <= 0.5) & (middle-right-square-b <= 0.5) & (middle-middle-square-x <= 0.5) & (bottom-middle-square-x <= 0.5) & (bottom-right-square-x <= 0.5),,
750,10,5,12,4,4,,,(bottom-right-square-o <= 0.5) & (top-right-square-o <= 0.5) & (middle-left-square-b <= 0.5) & (bottom-middle-square-x <= 0.5) & (top-middle-square-b <= 0.5) & (top-left-square-x <= 0.5) & (middle-right-square-x > 0.5) & (top-right-square-x > 0.5) & (bottom-right-square-b > 0.5) & (top-middle-square-o <= 0.5),(middle-middle-square-o <= 0.5) & (top-right-square-o <= 0.5) & (bottom-left-square-o > 0.5) & (top-left-square-o > 0.5) & (middle-left-square-o > 0.5),(middle-middle-square-o <= 0.5) & (top-left-square-o > 0.5) & (top-right-square-o <= 0.5) & (middle-left-square-o > 0.5) & (top-middle-square-o <= 0.5) & (middle-right-square-o <= 0.5) & (bottom-middle-square-o > 0.5) & (top-middle-square-x > 0.5) & (bottom-right-square-o <= 0.5) & (middle-middle-square-b <= 0.5) & (bottom-right-square-b > 0.5) & (middle-right-square-x > 0.5),(middle-middle-square-o <= 0.5) & (bottom-left-square-o > 0.5) & (top-left-square-o > 0.5) & (middle-left-square-o > 0.5),(middle-middle-square-o <= 0.5) & (top-left-square-o > 0.5) & (bottom-left-square-o > 0.5) & (middle-left-square-o > 0.5),,
751,9,5,12,4,4,,,(bottom-right-square-o > 0.5) & (top-right-square-o <= 0.5) & (middle-right-square-x > 0.5) & (top-middle-square-o <= 0.5) & (middle-left-square-b <= 0.5) & (bottom-left-square-o > 0.5) & (bottom-middle-square-o <= 0.5) & (top-left-square-o > 0.5) & (middle-left-square-o > 0.5),(middle-middle-square-o <= 0.5) & (top-right-square-o <= 0.5) & (bottom-left-square-o > 0.5) & (top-left-square-o > 0.5) & (middle-left-square-o > 0.5),(middle-middle-square-o <= 0.5) & (top-left-square-o > 0.5) & (top-right-square-o <= 0.5) & (middle-left-square-o > 0.5) & (top-middle-square-o <= 0.5) & (middle-right-square-o <= 0.5) & (bottom-middle-square-o <= 0.5) & (bottom-right-square-o > 0.5) & (middle-right-square-x > 0.5) & (top-right-square-b <= 0.5) & (bottom-middle-square-b > 0.5) & (top-middle-square-b <= 0.5),(middle-middle-square-o <= 0.5) & (bottom-left-square-o > 0.5) & (top-left-square-o > 0.5) & (middle-left-square-o > 0.5),(middle-middle-square-o <= 0.5) & (top-left-square-o > 0.5) & (bottom-left-square-o > 0.5) & (middle-left-square-o > 0.5),,
752,8,5,10,4,4,,,(bottom-right-square-o <= 0.5) & (top-right-square-o <= 0.5) & (middle-left-square-b <= 0.5) & (bottom-middle-square-x <= 0.5) & (top-middle-square-b <= 0.5) & (top-left-square-x <= 0.5) & (middle-right-square-x <= 0.5) & (bottom-left-square-x <= 0.5),(middle-middle-square-o <= 0.5) & (top-right-square-o <= 0.5) & (bottom-left-square-o > 0.5) & (top-left-square-o > 0.5) & (middle-left-square-o > 0.5),(middle-middle-square-o <= 0.5) & (top-left-square-o > 0.5) & (top-right-square-o <= 0.5) & (middle-left-square-o > 0.5) & (top-middle-square-o <= 0.5) & (middle-right-square-o > 0.5) & (bottom-right-square-x > 0.5) & (top-right-square-b <= 0.5) & (bottom-middle-square-o <= 0.5) & (top-middle-square-x > 0.5),(middle-middle-square-o <= 0.5) & (bottom-left-square-o > 0.5) & (top-left-square-o > 0.5) & (middle-left-square-o > 0.5),(middle-middle-square-o <= 0.5) & (top-left-square-o > 0.5) & (bottom-left-square-o > 0.5) & (middle-left-square-o > 0.5),,
753,8,5,11,4,4,,,(bottom-right-square-o <= 0.5) & (top-right-square-o <= 0.5) & (middle-left-square-b <= 0.5) & (bottom-middle-square-x <= 0.5) & (top-middle-square-b <= 0.5) & (top-left-square-x <= 0.5) & (middle-right-square-x <= 0.5) & (bottom-left-square-x <= 0.5),(middle-middle-square-o <= 0.5) & (top-right-square-o <= 0.5) & (bottom-left-square-o > 0.5) & (top-left-square-o > 0.5) & (middle-left-square-o > 0.5),(middle-middle-square-o <= 0.5) & (top-left-square-o > 0.5) & (top-right-square-o <= 0.5) & (middle-left-square-o > 0.5) & (top-middle-square-o <= 0.5) & (middle-right-square-o <= 0.5) & (bottom-middle-square-o > 0.5) & (top-middle-square-x > 0.5) & (bottom-right-square-o <= 0.5) & (middle-middle-square-b <= 0.5) & (bottom-right-square-b <= 0.5),(middle-middle-square-o <= 0.5) & (bottom-left-square-o > 0.5) & (top-left-square-o > 0.5) & (middle-left-square-o > 0.5),(middle-middle-square-o <= 0.5) & (top-left-square-o > 0.5) & (bottom-left-square-o > 0.5) & (middle-left-square-o > 0.5),,
754,8,5,12,4,4,,,(bottom-right-square-o <= 0.5) & (top-right-square-o <= 0.5) & (middle-left-square-b <= 0.5) & (bottom-middle-square-x <= 0.5) & (top-middle-square-b <= 0.5) & (top-left-square-x <= 0.5) & (middle-right-square-x <= 0.5) & (bottom-left-square-x <= 0.5),(middle-middle-square-o <= 0.5) & (top-right-square-o <= 0.5) & (bottom-left-square-o > 0.5) & (top-left-square-o > 0.5) & (middle-left-square-o > 0.5),(middle-middle-square-o <= 0.5) & (top-left-square-o > 0.5) & (top-right-square-o <= 0.5) & (middle-left-square-o > 0.5) & (top-middle-square-o <= 0.5) & (middle-right-square-o <= 0.5) & (bottom-middle-square-o <= 0.5) & (bottom-right-square-o <= 0.5) & (middle-right-square-b > 0.5) & (top-right-square-x > 0.5) & (bottom-middle-square-x <= 0.5) & (top-middle-square-b <= 0.5),(middle-middle-square-o <= 0.5) & (bottom-left-square-o > 0.5) & (top-left-square-o > 0.5) & (middle-left-square-o > 0.5),(middle-middle-square-o <= 0.5) & (top-left-square-o > 0.5) & (bottom-left-square-o > 0.5) & (middle-left-square-o > 0.5),,
755,10,9,3,4,3,,,(bottom-right-square-o > 0.5) & (top-right-square-o <= 0.5) & (middle-right-square-x > 0.5) & (top-middle-square-o <= 0.5) & (middle-left-square-b <= 0.5) & (bottom-left-square-o <= 0.5) & (top-left-square-o > 0.5) & (bottom-middle-square-o <= 0.5) & (top-middle-square-b <= 0.5) & (top-right-square-b <= 0.5),(middle-middle-square-o > 0.5) & (bottom-left-square-x > 0.5) & (top-left-square-x <= 0.5) & (bottom-middle-square-x <= 0.5) & (middle-left-square-x <= 0.5) & (middle-right-square-x > 0.5) & (middle-left-square-b <= 0.5) & (top-middle-square-x > 0.5) & (bottom-middle-square-o <= 0.5),(middle-middle-square-o > 0.5) & (bottom-right-square-x <= 0.5) & (top-left-square-x <= 0.5),(middle-middle-square-o > 0.5) & (top-right-square-x > 0.5) & (top-left-square-x <= 0.5) & (bottom-right-square-x <= 0.5),(middle-middle-square-o > 0.5) & (bottom-right-square-x <= 0.5) & (top-left-square-x <= 0.5),,
756,8,6,3,4,3,,,(bottom-right-square-o <= 0.5) & (top-right-square-o <= 0.5) & (middle-left-square-b <= 0.5) & (bottom-middle-square-x > 0.5) & (bottom-left-square-x <= 0.5) & (top-left-square-o > 0.5) & (bottom-left-square-o > 0.5) & (middle-left-square-x <= 0.5),(middle-middle-square-o > 0.5) & (bottom-left-square-x <= 0.5) & (top-right-square-x > 0.5) & (bottom-middle-square-x > 0.5) & (top-left-square-o > 0.5) & (top-middle-square-x > 0.5),(middle-middle-square-o > 0.5) & (bottom-right-square-x <= 0.5) & (top-left-square-x <= 0.5),(middle-middle-square-o > 0.5) & (top-right-square-x > 0.5) & (top-left-square-x <= 0.5) & (bottom-right-square-x <= 0.5),(middle-middle-square-o > 0.5) & (bottom-right-square-x <= 0.5) & (top-left-square-x <= 0.5),,
757,10,6,3,4,3,,,(bottom-right-square-o > 0.5) & (top-right-square-o <= 0.5) & (middle-right-square-x > 0.5) & (top-middle-square-o <= 0.5) & (middle-left-square-b <= 0.5) & (bottom-left-square-o <= 0.5) & (top-left-square-o > 0.5) & (bottom-middle-square-o <= 0.5) & (top-middle-square-b <= 0.5) & (top-right-square-b <= 0.5),(middle-middle-square-o > 0.5) & (bottom-left-square-x <= 0.5) & (top-right-square-x > 0.5) & (bottom-middle-square-x > 0.5) & (top-left-square-o > 0.5) & (top-middle-square-x > 0.5),(middle-middle-square-o > 0.5) & (bottom-right-square-x <= 0.5) & (top-left-square-x <= 0.5),(middle-middle-square-o > 0.5) & (top-right-square-x > 0.5) & (top-left-square-x <= 0.5) & (bottom-right-square-x <= 0.5),(middle-middle-square-o > 0.5) & (bottom-right-square-x <= 0.5) & (top-left-square-x <= 0.5),,
758,10,7,3,4,3,,,(bottom-right-square-o <= 0.5) & (top-right-square-o <= 0.5) & (middle-left-square-b <= 0.5) & (bottom-middle-square-x > 0.5) & (bottom-left-square-x > 0.5) & (bottom-right-square-b > 0.5) & (top-middle-square-o <= 0.5) & (top-left-square-o > 0.5) & (top-right-square-b <= 0.5) & (top-middle-square-x > 0.5),(middle-middle-square-o > 0.5) & (bottom-left-square-x > 0.5) & (top-left-square-x <= 0.5) & (bottom-middle-square-x > 0.5) & (top-middle-square-x > 0.5) & (top-right-square-o <= 0.5) & (top-right-square-b <= 0.5),(middle-middle-square-o > 0.5) & (bottom-right-square-x <= 0.5) & (top-left-square-x <= 0.5),(middle-middle-square-o > 0.5) & (top-right-square-x > 0.5) & (top-left-square-x <= 0.5) & (bottom-right-square-x <= 0.5),(middle-middle-square-o > 0.5) & (bottom-right-square-x <= 0.5) & (top-left-square-x <= 0.5),,
759,14,6,7,9,7,,,(bottom-right-square-o <= 0.5) & (top-right-square-o <= 0.5) & (middle-left-square-b <= 0.5) & (bottom-middle-square-x <= 0.5) & (top-middle-square-b <= 0.5) & (top-left-square-x <= 0.5) & (middle-right-square-x <= 0.5) & (bottom-left-square-x > 0.5) & (top-right-square-x > 0.5) & (bottom-right-square-b <= 0.5) & (middle-left-square-x <= 0.5) & (top-middle-square-x > 0.5) & (top-left-square-b <= 0.5) & (bottom-middle-square-o <= 0.5),(middle-middle-square-o > 0.5) & (bottom-left-square-x > 0.5) & (top-left-square-x <= 0.5) & (bottom-middle-square-x <= 0.5) & (middle-left-square-x <= 0.5) & (middle-right-square-x <= 0.5),(middle-middle-square-o > 0.5) & (bottom-right-square-x > 0.5) & (top-right-square-x > 0.5) & (middle-right-square-x <= 0.5) & (middle-left-square-b <= 0.5) & (middle-right-square-b <= 0.5) & (middle-left-square-o > 0.5),(middle-middle-square-o > 0.5) & (top-right-square-x > 0.5) & (top-left-square-x <= 0.5) & (bottom-right-square-x > 0.5) & (top-middle-square-x > 0.5) & (bottom-middle-square-x <= 0.5) & (bottom-left-square-x > 0.5) & (middle-left-square-x <= 0.5) & (bottom-middle-square-b > 0.5),(middle-middle-square-o > 0.5) & (bottom-right-square-x > 0.5) & (top-right-square-x > 0.5) & (middle-right-square-x <= 0.5) & (middle-left-square-b <= 0.5) & (middle-right-square-b <= 0.5) & (middle-left-square-o > 0.5),,
760,10,6,7,6,7,,,(bottom-right-square-o <= 0.5) & (top-right-square-o <= 0.5) & (middle-left-square-b <= 0.5) & (bottom-middle-square-x > 0.5) & (bottom-left-square-x <= 0.5) & (top-left-square-o > 0.5) & (bottom-left-square-o <= 0.5) & (middle-right-square-o > 0.5) & (top-right-square-b <= 0.5) & (bottom-right-square-x > 0.5),(middle-middle-square-o > 0.5) & (bottom-left-square-x <= 0.5) & (top-right-square-x > 0.5) & (bottom-middle-square-x > 0.5) & (top-left-square-o > 0.5) & (top-middle-square-x > 0.5),(middle-middle-square-o > 0.5) & (bottom-right-square-x > 0.5) & (top-right-square-x > 0.5) & (middle-right-square-x <= 0.5) & (middle-left-square-b <= 0.5) & (middle-right-square-b <= 0.5) & (middle-left-square-o > 0.5),(middle-middle-square-o > 0.5) & (top-right-square-x > 0.5) & (top-left-square-x <= 0.5) & (bottom-right-square-x > 0.5) & (top-middle-square-x > 0.5) & (bottom-middle-square-x > 0.5),(middle-middle-square-o > 0.5) & (bottom-right-square-x > 0.5) & (top-right-square-x > 0.5) & (middle-right-square-x <= 0.5) & (middle-left-square-b <= 0.5) & (middle-right-square-b <= 0.5) & (middle-left-square-o > 0.5),,
761,11,7,3,4,3,,,(bottom-right-square-o > 0.5) & (top-right-square-o <= 0.5) & (middle-right-square-x <= 0.5) & (top-left-square-o > 0.5) & (middle-left-square-x <= 0.5) & (middle-left-square-b <= 0.5) & (top-right-square-x > 0.5) & (bottom-middle-square-x > 0.5) & (top-middle-square-b <= 0.5) & (bottom-left-square-b <= 0.5) & (middle-right-square-o <= 0.5),(middle-middle-square-o > 0.5) & (bottom-left-square-x > 0.5) & (top-left-square-x <= 0.5) & (bottom-middle-square-x > 0.5) & (top-middle-square-x > 0.5) & (top-right-square-o <= 0.5) & (top-right-square-b <= 0.5),(middle-middle-square-o > 0.5) & (bottom-right-square-x <= 0.5) & (top-left-square-x <= 0.5),(middle-middle-square-o > 0.5) & (top-right-square-x > 0.5) & (top-left-square-x <= 0.5) & (bottom-right-square-x <= 0.5),(middle-middle-square-o > 0.5) & (bottom-right-square-x <= 0.5) & (top-left-square-x <= 0.5),,
762,8,6,11,6,9,,,(bottom-right-square-o <= 0.5) & (top-right-square-o <= 0.5) & (middle-left-square-b <= 0.5) & (bottom-middle-square-x > 0.5) & (bottom-left-square-x <= 0.5) & (top-left-square-o > 0.5) & (bottom-left-square-o > 0.5) & (middle-left-square-x <= 0.5),(middle-middle-square-o > 0.5) & (bottom-left-square-x <= 0.5) & (top-right-square-x > 0.5) & (bottom-middle-square-x > 0.5) & (top-left-square-o > 0.5) & (top-middle-square-x > 0.5),(middle-middle-square-o > 0.5) & (bottom-right-square-x > 0.5) & (top-right-square-x > 0.5) & (middle-right-square-x <= 0.5) & (middle-left-square-b <= 0.5) & (middle-right-square-b > 0.5) & (middle-left-square-x <= 0.5) & (top-left-square-b <= 0.5) & (top-middle-square-o <= 0.5) & (top-left-square-o > 0.5) & (top-middle-square-x > 0.5),(middle-middle-square-o > 0.5) & (top-right-square-x > 0.5) & (top-left-square-x <= 0.5) & (bottom-right-square-x > 0.5) & (top-middle-square-x > 0.5) & (bottom-middle-square-x > 0.5),(middle-middle-square-o > 0.5) & (bottom-right-square-x > 0.5) & (top-right-square-x > 0.5) & (middle-right-square-x <= 0.5) & (middle-left-square-b <= 0.5) & (middle-right-square-b > 0.5) & (middle-left-square-x <= 0.5) & (bottom-middle-square-b <= 0.5) & (bottom-left-square-o > 0.5),,
763,9,5,11,4,4,,,(bottom-right-square-o > 0.5) & (top-right-square-o <= 0.5) & (middle-right-square-x > 0.5) & (top-middle-square-o <= 0.5) & (middle-left-square-b <= 0.5) & (bottom-left-square-o > 0.5) & (bottom-middle-square-o <= 0.5) & (top-left-square-o > 0.5) & (middle-left-square-o > 0.5),(middle-middle-square-o <= 0.5) & (top-right-square-o <= 0.5) & (bottom-left-square-o > 0.5) & (top-left-square-o > 0.5) & (middle-left-square-o > 0.5),(middle-middle-square-o <= 0.5) & (top-left-square-o > 0.5) & (top-right-square-o <= 0.5) & (middle-left-square-o > 0.5) & (top-middle-square-o <= 0.5) & (middle-right-square-o <= 0.5) & (bottom-middle-square-o <= 0.5) & (bottom-right-square-o > 0.5) & (middle-right-square-x > 0.5) & (top-right-square-b <= 0.5) & (bottom-middle-square-b <= 0.5),(middle-middle-square-o <= 0.5) & (bottom-left-square-o > 0.5) & (top-left-square-o > 0.5) & (middle-left-square-o > 0.5),(middle-middle-square-o <= 0.5) & (top-left-square-o > 0.5) & (bottom-left-square-o > 0.5) & (middle-left-square-o > 0.5),,
764,10,5,10,4,4,,,(bottom-right-square-o <= 0.5) & (top-right-square-o <= 0.5) & (middle-left-square-b <= 0.5) & (bottom-middle-square-x <= 0.5) & (top-middle-square-b <= 0.5) & (top-left-square-x <= 0.5) & (middle-right-square-x > 0.5) & (top-right-square-x > 0.5) & (bottom-right-square-b > 0.5) & (top-middle-square-o <= 0.5),(middle-middle-square-o <= 0.5) & (top-right-square-o <= 0.5) & (bottom-left-square-o > 0.5) & (top-left-square-o > 0.5) & (middle-left-square-o > 0.5),(middle-middle-square-o <= 0.5) & (top-left-square-o > 0.5) & (top-right-square-o <= 0.5) & (middle-left-square-o > 0.5) & (top-middle-square-o <= 0.5) & (middle-right-square-o <= 0.5) & (bottom-middle-square-o <= 0.5) & (bottom-right-square-o <= 0.5) & (middle-right-square-b <= 0.5) & (bottom-right-square-x <= 0.5),(middle-middle-square-o <= 0.5) & (bottom-left-square-o > 0.5) & (top-left-square-o > 0.5) & (middle-left-square-o > 0.5),(middle-middle-square-o <= 0.5) & (top-left-square-o > 0.5) & (bottom-left-square-o > 0.5) & (middle-left-square-o > 0.5),,
765,8,5,10,4,4,,,(bottom-right-square-o <= 0.5) & (top-right-square-o <= 0.5) & (middle-left-square-b <= 0.5) & (bottom-middle-square-x > 0.5) & (bottom-left-square-x <= 0.5) & (top-left-square-o > 0.5) & (bottom-left-square-o > 0.5) & (middle-left-square-x <= 0.5),(middle-middle-square-o <= 0.5) & (top-right-square-o <= 0.5) & (bottom-left-square-o > 0.5) & (top-left-square-o > 0.5) & (middle-left-square-o > 0.5),(middle-middle-square-o <= 0.5) & (top-left-square-o > 0.5) & (top-right-square-o <= 0.5) & (middle-left-square-o > 0.5) & (top-middle-square-o <= 0.5) & (middle-right-square-o > 0.5) & (bottom-right-square-x > 0.5) & (top-right-square-b <= 0.5) & (bottom-middle-square-o <= 0.5) & (top-middle-square-x > 0.5),(middle-middle-square-o <= 0.5) & (bottom-left-square-o > 0.5) & (top-left-square-o > 0.5) & (middle-left-square-o > 0.5),(middle-middle-square-o <= 0.5) & (top-left-square-o > 0.5) & (bottom-left-square-o > 0.5) & (middle-left-square-o > 0.5),,
766,8,5,11,4,4,,,(bottom-right-square-o <= 0.5) & (top-right-square-o <= 0.5) & (middle-left-square-b <= 0.5) & (bottom-middle-square-x > 0.5) & (bottom-left-square-x <= 0.5) & (top-left-square-o > 0.5) & (bottom-left-square-o > 0.5) & (middle-left-square-x <= 0.5),(middle-middle-square-o <= 0.5) & (top-right-square-o <= 0.5) & (bottom-left-square-o > 0.5) & (top-left-square-o > 0.5) & (middle-left-square-o > 0.5),(middle-middle-square-o <= 0.5) & (top-left-square-o > 0.5) & (top-right-square-o <= 0.5) & (middle-left-square-o > 0.5) & (top-middle-square-o <= 0.5) & (middle-right-square-o <= 0.5) & (bottom-middle-square-o <= 0.5) & (bottom-right-square-o <= 0.5) & (middle-right-square-b > 0.5) & (top-right-square-x > 0.5) & (bottom-middle-square-x > 0.5),(middle-middle-square-o <= 0.5) & (bottom-left-square-o > 0.5) & (top-left-square-o > 0.5) & (middle-left-square-o > 0.5),(middle-middle-square-o <= 0.5) & (top-left-square-o > 0.5) & (bottom-left-square-o > 0.5) & (middle-left-square-o > 0.5),,
767,8,5,12,4,4,,,(bottom-right-square-o <= 0.5) & (top-right-square-o <= 0.5) & (middle-left-square-b <= 0.5) & (bottom-middle-square-x <= 0.5) & (top-middle-square-b <= 0.5) & (top-left-square-x <= 0.5) & (middle-right-square-x <= 0.5) & (bottom-left-square-x <= 0.5),(middle-middle-square-o <= 0.5) & (top-right-square-o <= 0.5) & (bottom-left-square-o > 0.5) & (top-left-square-o > 0.5) & (middle-left-square-o > 0.5),(middle-middle-square-o <= 0.5) & (top-left-square-o > 0.5) & (top-right-square-o <= 0.5) & (middle-left-square-o > 0.5) & (top-middle-square-o <= 0.5) & (middle-right-square-o <= 0.5) & (bottom-middle-square-o <= 0.5) & (bottom-right-square-o <= 0.5) & (middle-right-square-b > 0.5) & (top-right-square-x > 0.5) & (bottom-middle-square-x <= 0.5) & (top-middle-square-b <= 0.5),(middle-middle-square-o <= 0.5) & (bottom-left-square-o > 0.5) & (top-left-square-o > 0.5) & (middle-left-square-o > 0.5),(middle-middle-square-o <= 0.5) & (top-left-square-o > 0.5) & (bottom-left-square-o > 0.5) & (middle-left-square-o > 0.5),,
768,11,9,11,10,11,,,(bottom-right-square-o > 0.5) & (top-right-square-o <= 0.5) & (middle-right-square-x > 0.5) & (top-middle-square-o <= 0.5) & (middle-left-square-b > 0.5) & (top-left-square-x <= 0.5) & (top-left-square-b <= 0.5) & (bottom-left-square-b <= 0.5) & (bottom-middle-square-b <= 0.5) & (top-middle-square-b <= 0.5) & (top-right-square-b <= 0.5),(middle-middle-square-o <= 0.5) & (top-right-square-o <= 0.5) & (bottom-left-square-o > 0.5) & (top-left-square-o > 0.5) & (middle-left-square-o <= 0.5) & (bottom-middle-square-o > 0.5) & (top-middle-square-x > 0.5) & (top-right-square-x > 0.5) & (middle-middle-square-b <= 0.5),(middle-middle-square-o <= 0.5) & (top-left-square-o > 0.5) & (top-right-square-o <= 0.5) & (middle-left-square-o <= 0.5) & (top-middle-square-x > 0.5) & (bottom-middle-square-o > 0.5) & (bottom-right-square-b <= 0.5) & (top-right-square-b <= 0.5) & (middle-left-square-x <= 0.5) & (middle-right-square-x > 0.5) & (middle-middle-square-x > 0.5),(middle-middle-square-o <= 0.5) & (bottom-left-square-o > 0.5) & (top-left-square-o > 0.5) & (middle-left-square-o <= 0.5) & (top-right-square-b <= 0.5) & (top-middle-square-b <= 0.5) & (bottom-right-square-b <= 0.5) & (bottom-middle-square-b <= 0.5) & (bottom-middle-square-x <= 0.5) & (bottom-right-square-o > 0.5),(middle-middle-square-o <= 0.5) & (top-left-square-o > 0.5) & (bottom-left-square-o > 0.5) & (middle-left-square-o <= 0.5) & (top-right-square-b <= 0.5) & (bottom-right-square-b <= 0.5) & (bottom-middle-square-b <= 0.5) & (middle-left-square-b > 0.5) & (middle-middle-square-b <= 0.5) & (middle-right-square-x > 0.5) & (bottom-right-square-x <= 0.5),,
769,11,8,3,4,3,,,(bottom-right-square-o > 0.5) & (top-right-square-o <= 0.5) & (middle-right-square-x > 0.5) & (top-middle-square-o <= 0.5) & (middle-left-square-b > 0.5) & (top-left-square-x <= 0.5) & (top-left-square-b <= 0.5) & (bottom-left-square-b <= 0.5) & (bottom-middle-square-b <= 0.5) & (top-middle-square-b <= 0.5) & (top-right-square-b <= 0.5),(middle-middle-square-o > 0.5) & (bottom-left-square-x > 0.5) & (top-left-square-x <= 0.5) & (bottom-middle-square-x <= 0.5) & (middle-left-square-x <= 0.5) & (middle-right-square-x > 0.5) & (middle-left-square-b > 0.5) & (top-middle-square-x > 0.5),(middle-middle-square-o > 0.5) & (bottom-right-square-x <= 0.5) & (top-left-square-x <= 0.5),(middle-middle-square-o > 0.5) & (top-right-square-x > 0.5) & (top-left-square-x <= 0.5) & (bottom-right-square-x <= 0.5),(middle-middle-square-o > 0.5) & (bottom-right-square-x <= 0.5) & (top-left-square-x <= 0.5),,
770,11,6,3,4,3,,,(bottom-right-square-o > 0.5) & (top-right-square-o <= 0.5) & (middle-right-square-x > 0.5) & (top-middle-square-o <= 0.5) & (middle-left-square-b > 0.5) & (top-left-square-x <= 0.5) & (top-left-square-b <= 0.5) & (bottom-left-square-b <= 0.5) & (bottom-middle-square-b <= 0.5) & (top-middle-square-b <= 0.5) & (top-right-square-b <= 0.5),(middle-middle-square-o > 0.5) & (bottom-left-square-x <= 0.5) & (top-right-square-x > 0.5) & (bottom-middle-square-x > 0.5) & (top-left-square-o > 0.5) & (top-middle-square-x > 0.5),(middle-middle-square-o > 0.5) & (bottom-right-square-x <= 0.5) & (top-left-square-x <= 0.5),(middle-middle-square-o > 0.5) & (top-right-square-x > 0.5) & (top-left-square-x <= 0.5) & (bottom-right-square-x <= 0.5),(middle-middle-square-o > 0.5) & (bottom-right-square-x <= 0.5) & (top-left-square-x <= 0.5),,
771,8,11,3,4,3,,,(bottom-right-square-o > 0.5) & (top-right-square-o <= 0.5) & (middle-right-square-x > 0.5) & (top-middle-square-o <= 0.5) & (middle-left-square-b > 0.5) & (top-left-square-x <= 0.5) & (top-left-square-b <= 0.5) & (bottom-left-square-b > 0.5),(middle-middle-square-o > 0.5) & (bottom-left-square-x <= 0.5) & (top-right-square-x > 0.5) & (bottom-middle-square-x <= 0.5) & (top-middle-square-o <= 0.5) & (top-left-square-o > 0.5) & (middle-left-square-x <= 0.5) & (bottom-middle-square-b > 0.5) & (middle-left-square-b > 0.5) & (bottom-left-square-b > 0.5) & (top-middle-square-b <= 0.5),(middle-middle-square-o > 0.5) & (bottom-right-square-x <= 0.5) & (top-left-square-x <= 0.5),(middle-middle-square-o > 0.5) & (top-right-square-x > 0.5) & (top-left-square-x <= 0.5) & (bottom-right-square-x <= 0.5),(middle-middle-square-o > 0.5) & (bottom-right-square-x <= 0.5) & (top-left-square-x <= 0.5),,
772,11,7,3,4,3,,,(bottom-right-square-o > 0.5) & (top-right-square-o <= 0.5) & (middle-right-square-x <= 0.5) & (top-left-square-o > 0.5) & (middle-left-square-x <= 0.5) & (middle-left-square-b > 0.5) & (middle-right-square-o > 0.5) & (top-right-square-x > 0.5) & (bottom-middle-square-x > 0.5) & (top-middle-square-x > 0.5) & (bottom-left-square-b <= 0.5),(middle-middle-square-o > 0.5) & (bottom-left-square-x > 0.5) & (top-left-square-x <= 0.5) & (bottom-middle-square-x > 0.5) & (top-middle-square-x > 0.5) & (top-right-square-o <= 0.5) & (top-right-square-b <= 0.5),(middle-middle-square-o > 0.5) & (bottom-right-square-x <= 0.5) & (top-left-square-x <= 0.5),(middle-middle-square-o > 0.5) & (top-right-square-x > 0.5) & (top-left-square-x <= 0.5) & (bottom-right-square-x <= 0.5),(middle-middle-square-o > 0.5) & (bottom-right-square-x <= 0.5) & (top-left-square-x <= 0.5),,
773,12,6,3,4,3,,,(bottom-right-square-o > 0.5) & (top-right-square-o <= 0.5) & (middle-right-square-x <= 0.5) & (top-left-square-o > 0.5) & (middle-left-square-x <= 0.5) & (middle-left-square-b > 0.5) & (middle-right-square-o <= 0.5) & (bottom-middle-square-o <= 0.5) & (top-middle-square-o <= 0.5) & (bottom-left-square-o <= 0.5) & (top-right-square-b <= 0.5) & (top-middle-square-b <= 0.5),(middle-middle-square-o > 0.5) & (bottom-left-square-x > 0.5) & (top-left-square-x <= 0.5) & (bottom-middle-square-x <= 0.5) & (middle-left-square-x <= 0.5) & (middle-right-square-x <= 0.5),(middle-middle-square-o > 0.5) & (bottom-right-square-x <= 0.5) & (top-left-square-x <= 0.5),(middle-middle-square-o > 0.5) & (top-right-square-x > 0.5) & (top-left-square-x <= 0.5) & (bottom-right-square-x <= 0.5),(middle-middle-square-o > 0.5) & (bottom-right-square-x <= 0.5) & (top-left-square-x <= 0.5),,
774,12,6,3,4,3,,,(bottom-right-square-o > 0.5) & (top-right-square-o <= 0.5) & (middle-right-square-x <= 0.5) & (top-left-square-o > 0.5) & (middle-left-square-x <= 0.5) & (middle-left-square-b > 0.5) & (middle-right-square-o <= 0.5) & (bottom-middle-square-o <= 0.5) & (top-middle-square-o <= 0.5) & (bottom-left-square-o <= 0.5) & (top-right-square-b <= 0.5) & (top-middle-square-b <= 0.5),(middle-middle-square-o > 0.5) & (bottom-left-square-x <= 0.5) & (top-right-square-x > 0.5) & (bottom-middle-square-x > 0.5) & (top-left-square-o > 0.5) & (top-middle-square-x > 0.5),(middle-middle-square-o > 0.5) & (bottom-right-square-x <= 0.5) & (top-left-square-x <= 0.5),(middle-middle-square-o > 0.5) & (top-right-square-x > 0.5) & (top-left-square-x <= 0.5) & (bottom-right-square-x <= 0.5),(middle-middle-square-o > 0.5) & (bottom-right-square-x <= 0.5) & (top-left-square-x <= 0.5),,
775,3,11,9,12,7,,,(bottom-right-square-o > 0.5) & (top-right-square-o > 0.5) & (middle-right-square-o > 0.5),(middle-middle-square-o <= 0.5) & (top-right-square-o > 0.5) & (top-left-square-o > 0.5) & (top-middle-square-o <= 0.5) & (bottom-left-square-b <= 0.5) & (middle-right-square-b <= 0.5) & (middle-left-square-o <= 0.5) & (middle-right-square-x <= 0.5) & (middle-left-square-x > 0.5) & (bottom-left-square-o <= 0.5) & (top-middle-square-x > 0.5),(middle-middle-square-o <= 0.5) & (top-left-square-o > 0.5) & (top-right-square-o > 0.5) & (top-middle-square-o <= 0.5) & (bottom-right-square-b <= 0.5) & (middle-right-square-b <= 0.5) & (middle-left-square-o <= 0.5) & (middle-right-square-x <= 0.5) & (bottom-right-square-x <= 0.5),(middle-middle-square-o <= 0.5) & (bottom-left-square-o <= 0.5) & (top-right-square-o > 0.5) & (bottom-right-square-o > 0.5) & (middle-left-square-b <= 0.5) & (bottom-middle-square-o <= 0.5) & (middle-middle-square-b <= 0.5) & (bottom-left-square-b <= 0.5) & (bottom-middle-square-x <= 0.5) & (top-middle-square-o <= 0.5) & (top-left-square-o > 0.5) & (top-middle-square-x > 0.5),(middle-middle-square-o <= 0.5) & (top-left-square-o > 0.5) & (bottom-left-square-o <= 0.5) & (top-right-square-o > 0.5) & (bottom-middle-square-b > 0.5) & (bottom-right-square-o > 0.5) & (middle-right-square-o > 0.5),,
776,12,5,3,6,3,,,(bottom-right-square-o > 0.5) & (top-right-square-o > 0.5) & (middle-right-square-o <= 0.5) & (bottom-left-square-b <= 0.5) & (top-left-square-o > 0.5) & (top-middle-square-o <= 0.5) & (middle-left-square-o <= 0.5) & (bottom-left-square-o <= 0.5) & (bottom-middle-square-o <= 0.5) & (middle-right-square-x > 0.5) & (bottom-middle-square-x <= 0.5) & (top-middle-square-x > 0.5),(middle-middle-square-o > 0.5) & (bottom-left-square-x > 0.5) & (top-left-square-x <= 0.5) & (bottom-middle-square-x <= 0.5) & (middle-left-square-x > 0.5),(middle-middle-square-o > 0.5) & (bottom-right-square-x <= 0.5) & (top-left-square-x <= 0.5),(middle-middle-square-o > 0.5) & (top-right-square-x <= 0.5) & (bottom-left-square-x > 0.5) & (top-middle-square-x > 0.5) & (bottom-right-square-o > 0.5) & (top-left-square-x <= 0.5),(middle-middle-square-o > 0.5) & (bottom-right-square-x <= 0.5) & (top-left-square-x <= 0.5),,
777,12,3,3,3,3,,,(bottom-right-square-o <= 0.5) & (top-right-square-o > 0.5) & (middle-right-square-x > 0.5) & (bottom-middle-square-o <= 0.5) & (middle-left-square-b <= 0.5) & (top-left-square-o > 0.5) & (top-middle-square-o <= 0.5) & (bottom-left-square-o > 0.5) & (middle-left-square-o <= 0.5) & (bottom-right-square-x <= 0.5) & (top-middle-square-b <= 0.5) & (bottom-middle-square-b <= 0.5),(middle-middle-square-o > 0.5) & (bottom-left-square-x <= 0.5) & (top-right-square-x <= 0.5),(middle-middle-square-o > 0.5) & (bottom-right-square-x <= 0.5) & (top-left-square-x <= 0.5),(middle-middle-square-o > 0.5) & (top-right-square-x <= 0.5) & (bottom-left-square-x <= 0.5),(middle-middle-square-o > 0.5) & (bottom-right-square-x <= 0.5) & (top-left-square-x <= 0.5),,
778,12,3,5,3,4,,,(bottom-right-square-o <= 0.5) & (top-right-square-o > 0.5) & (middle-right-square-x > 0.5) & (bottom-middle-square-o <= 0.5) & (middle-left-square-b <= 0.5) & (top-left-square-o > 0.5) & (top-middle-square-o <= 0.5) & (bottom-left-square-o > 0.5) & (middle-left-square-o <= 0.5) & (bottom-right-square-x > 0.5) & (bottom-middle-square-x <= 0.5) & (top-middle-square-b <= 0.5),(middle-middle-square-o > 0.5) & (bottom-left-square-x <= 0.5) & (top-right-square-x <= 0.5),(middle-middle-square-o > 0.5) & (bottom-right-square-x > 0.5) & (top-right-square-x <= 0.5) & (bottom-middle-square-x <= 0.5) & (middle-right-square-x > 0.5),(middle-middle-square-o > 0.5) & (top-right-square-x <= 0.5) & (bottom-left-square-x <= 0.5),(middle-middle-square-o > 0.5) & (bottom-right-square-x > 0.5) & (top-right-square-x <= 0.5) & (bottom-left-square-x <= 0.5),,
779,9,3,3,3,3,,,(bottom-right-square-o > 0.5) & (top-right-square-o > 0.5) & (middle-right-square-o <= 0.5) & (bottom-left-square-b > 0.5) & (top-left-square-o > 0.5) & (bottom-middle-square-b <= 0.5) & (middle-left-square-b <= 0.5) & (top-middle-square-x > 0.5) & (middle-right-square-b <= 0.5),(middle-middle-square-o > 0.5) & (bottom-left-square-x <= 0.5) & (top-right-square-x <= 0.5),(middle-middle-square-o > 0.5) & (bottom-right-square-x <= 0.5) & (top-left-square-x <= 0.5),(middle-middle-square-o > 0.5) & (top-right-square-x <= 0.5) & (bottom-left-square-x <= 0.5),(middle-middle-square-o > 0.5) & (bottom-right-square-x <= 0.5) & (top-left-square-x <= 0.5),,
780,11,8,3,6,3,,,(bottom-right-square-o > 0.5) & (top-right-square-o > 0.5) & (middle-right-square-o <= 0.5) & (bottom-left-square-b <= 0.5) & (top-left-square-o > 0.5) & (top-middle-square-o <= 0.5) & (middle-left-square-o <= 0.5) & (bottom-left-square-o <= 0.5) & (bottom-middle-square-o <= 0.5) & (middle-right-square-x <= 0.5) & (middle-left-square-b <= 0.5),(middle-middle-square-o > 0.5) & (bottom-left-square-x > 0.5) & (top-left-square-x <= 0.5) & (bottom-middle-square-x > 0.5) & (top-middle-square-x > 0.5) & (top-right-square-o > 0.5) & (middle-left-square-x > 0.5) & (middle-right-square-b > 0.5),(middle-middle-square-o > 0.5) & (bottom-right-square-x <= 0.5) & (top-left-square-x <= 0.5),(middle-middle-square-o > 0.5) & (top-right-square-x <= 0.5) & (bottom-left-square-x > 0.5) & (top-middle-square-x > 0.5) & (bottom-right-square-o > 0.5) & (top-left-square-x <= 0.5),(middle-middle-square-o > 0.5) & (bottom-right-square-x <= 0.5) & (top-left-square-x <= 0.5),,
781,9,3,9,3,4,,,(bottom-right-square-o <= 0.5) & (top-right-square-o > 0.5) & (middle-right-square-x <= 0.5) & (bottom-left-square-o > 0.5) & (middle-left-square-x > 0.5) & (middle-right-square-o <= 0.5) & (top-left-square-b <= 0.5) & (bottom-middle-square-x > 0.5) & (bottom-right-square-b <= 0.5),(middle-middle-square-o > 0.5) & (bottom-left-square-x <= 0.5) & (top-right-square-x <= 0.5),(middle-middle-square-o > 0.5) & (bottom-right-square-x > 0.5) & (top-right-square-x <= 0.5) & (bottom-middle-square-x > 0.5) & (top-middle-square-x > 0.5) & (top-left-square-o > 0.5) & (middle-right-square-x <= 0.5) & (middle-left-square-x > 0.5) & (middle-right-square-o <= 0.5),(middle-middle-square-o > 0.5) & (top-right-square-x <= 0.5) & (bottom-left-square-x <= 0.5),(middle-middle-square-o > 0.5) & (bottom-right-square-x > 0.5) & (top-right-square-x <= 0.5) & (bottom-left-square-x <= 0.5),,
782,3,11,9,8,9,,,(bottom-right-square-o > 0.5) & (top-right-square-o > 0.5) & (middle-right-square-o > 0.5),(middle-middle-square-o <= 0.5) & (top-right-square-o > 0.5) & (top-left-square-o > 0.5) & (top-middle-square-o <= 0.5) & (bottom-left-square-b <= 0.5) & (middle-right-square-b <= 0.5) & (middle-left-square-o <= 0.5) & (middle-right-square-x <= 0.5) & (middle-left-square-x > 0.5) & (bottom-left-square-o <= 0.5) & (top-middle-square-x > 0.5),(middle-middle-square-o <= 0.5) & (top-left-square-o > 0.5) & (top-right-square-o > 0.5) & (top-middle-square-o <= 0.5) & (bottom-right-square-b <= 0.5) & (middle-right-square-b <= 0.5) & (middle-left-square-o <= 0.5) & (middle-right-square-x <= 0.5) & (bottom-right-square-x <= 0.5),(middle-middle-square-o <= 0.5) & (bottom-left-square-o <= 0.5) & (top-right-square-o > 0.5) & (bottom-right-square-o > 0.5) & (middle-left-square-b <= 0.5) & (bottom-middle-square-o <= 0.5) & (middle-middle-square-b > 0.5) & (top-middle-square-x > 0.5),(middle-middle-square-o <= 0.5) & (top-left-square-o > 0.5) & (bottom-left-square-o <= 0.5) & (top-right-square-o > 0.5) & (bottom-middle-square-b <= 0.5) & (middle-left-square-o <= 0.5) & (middle-middle-square-b > 0.5) & (middle-right-square-x <= 0.5) & (bottom-right-square-x <= 0.5),,
783,9,8,8,4,4,,,(bottom-right-square-o <= 0.5) & (top-right-square-o > 0.5) & (middle-right-square-x > 0.5) & (bottom-middle-square-o <= 0.5) & (middle-left-square-b <= 0.5) & (top-left-square-o > 0.5) & (top-middle-square-o <= 0.5) & (bottom-left-square-o > 0.5) & (middle-left-square-o > 0.5),(middle-middle-square-o <= 0.5) & (top-right-square-o > 0.5) & (top-left-square-o > 0.5) & (top-middle-square-o <= 0.5) & (bottom-left-square-b <= 0.5) & (middle-right-square-b <= 0.5) & (middle-left-square-o > 0.5) & (bottom-left-square-o > 0.5),(middle-middle-square-o <= 0.5) & (top-left-square-o > 0.5) & (top-right-square-o > 0.5) & (top-middle-square-o <= 0.5) & (bottom-right-square-b <= 0.5) & (middle-right-square-b <= 0.5) & (middle-left-square-o > 0.5) & (bottom-middle-square-x <= 0.5),(middle-middle-square-o <= 0.5) & (bottom-left-square-o > 0.5) & (top-left-square-o > 0.5) & (middle-left-square-o > 0.5),(middle-middle-square-o <= 0.5) & (top-left-square-o > 0.5) & (bottom-left-square-o > 0.5) & (middle-left-square-o > 0.5),,
784,9,8,11,4,4,,,(bottom-right-square-o <= 0.5) & (top-right-square-o > 0.5) & (middle-right-square-x > 0.5) & (bottom-middle-square-o <= 0.5) & (middle-left-square-b <= 0.5) & (top-left-square-o > 0.5) & (top-middle-square-o <= 0.5) & (bottom-left-square-o > 0.5) & (middle-left-square-o > 0.5),(middle-middle-square-o <= 0.5) & (top-right-square-o > 0.5) & (top-left-square-o > 0.5) & (top-middle-square-o <= 0.5) & (bottom-left-square-b <= 0.5) & (middle-right-square-b <= 0.5) & (middle-left-square-o > 0.5) & (bottom-left-square-o > 0.5),(middle-middle-square-o <= 0.5) & (top-left-square-o > 0.5) & (top-right-square-o > 0.5) & (top-middle-square-o <= 0.5) & (bottom-right-square-b <= 0.5) & (middle-right-square-b <= 0.5) & (middle-left-square-o > 0.5) & (bottom-middle-square-x > 0.5) & (bottom-right-square-x > 0.5) & (middle-right-square-x > 0.5) & (top-middle-square-b <= 0.5),(middle-middle-square-o <= 0.5) & (bottom-left-square-o > 0.5) & (top-left-square-o > 0.5) & (middle-left-square-o > 0.5),(middle-middle-square-o <= 0.5) & (top-left-square-o > 0.5) & (bottom-left-square-o > 0.5) & (middle-left-square-o > 0.5),,
785,11,9,3,6,3,,,(bottom-right-square-o > 0.5) & (top-right-square-o > 0.5) & (middle-right-square-o <= 0.5) & (bottom-left-square-b <= 0.5) & (top-left-square-o > 0.5) & (top-middle-square-o <= 0.5) & (middle-left-square-o <= 0.5) & (bottom-left-square-o <= 0.5) & (bottom-middle-square-o <= 0.5) & (middle-right-square-x > 0.5) & (bottom-middle-square-x > 0.5),(middle-middle-square-o > 0.5) & (bottom-left-square-x > 0.5) & (top-left-square-x <= 0.5) & (bottom-middle-square-x > 0.5) & (top-middle-square-x > 0.5) & (top-right-square-o > 0.5) & (middle-left-square-x <= 0.5) & (middle-right-square-x > 0.5) & (middle-left-square-b > 0.5),(middle-middle-square-o > 0.5) & (bottom-right-square-x <= 0.5) & (top-left-square-x <= 0.5),(middle-middle-square-o > 0.5) & (top-right-square-x <= 0.5) & (bottom-left-square-x > 0.5) & (top-middle-square-x > 0.5) & (bottom-right-square-o > 0.5) & (top-left-square-x <= 0.5),(middle-middle-square-o > 0.5) & (bottom-right-square-x <= 0.5) & (top-left-square-x <= 0.5),,
786,11,3,9,3,4,,,(bottom-right-square-o <= 0.5) & (top-right-square-o > 0.5) & (middle-right-square-x > 0.5) & (bottom-middle-square-o <= 0.5) & (middle-left-square-b > 0.5) & (bottom-left-square-x <= 0.5) & (bottom-left-square-b <= 0.5) & (top-left-square-b <= 0.5) & (top-middle-square-b <= 0.5) & (bottom-right-square-b <= 0.5) & (bottom-middle-square-x > 0.5),(middle-middle-square-o > 0.5) & (bottom-left-square-x <= 0.5) & (top-right-square-x <= 0.5),(middle-middle-square-o > 0.5) & (bottom-right-square-x > 0.5) & (top-right-square-x <= 0.5) & (bottom-middle-square-x > 0.5) & (top-middle-square-x > 0.5) & (top-left-square-o > 0.5) & (middle-right-square-x > 0.5) & (top-right-square-b <= 0.5) & (middle-left-square-o <= 0.5),(middle-middle-square-o > 0.5) & (top-right-square-x <= 0.5) & (bottom-left-square-x <= 0.5),(middle-middle-square-o > 0.5) & (bottom-right-square-x > 0.5) & (top-right-square-x <= 0.5) & (bottom-left-square-x <= 0.5),,
787,12,5,3,6,3,,,(bottom-right-square-o > 0.5) & (top-right-square-o <= 0.5) & (middle-right-square-x > 0.5) & (top-middle-square-o <= 0.5) & (middle-left-square-b <= 0.5) & (bottom-left-square-o <= 0.5) & (top-left-square-o > 0.5) & (bottom-middle-square-o > 0.5) & (middle-left-square-o <= 0.5) & (bottom-left-square-x > 0.5) & (top-right-square-x <= 0.5) & (top-middle-square-b <= 0.5),(middle-middle-square-o > 0.5) & (bottom-left-square-x > 0.5) & (top-left-square-x <= 0.5) & (bottom-middle-square-x <= 0.5) & (middle-left-square-x > 0.5),(middle-middle-square-o > 0.5) & (bottom-right-square-x <= 0.5) & (top-left-square-x <= 0.5),(middle-middle-square-o > 0.5) & (top-right-square-x <= 0.5) & (bottom-left-square-x > 0.5) & (top-middle-square-x > 0.5) & (bottom-right-square-o > 0.5) & (top-left-square-x <= 0.5),(middle-middle-square-o > 0.5) & (bottom-right-square-x <= 0.5) & (top-left-square-x <= 0.5),,
788,12,3,3,3,3,,,(bottom-right-square-o > 0.5) & (top-right-square-o <= 0.5) & (middle-right-square-x > 0.5) & (top-middle-square-o <= 0.5) & (middle-left-square-b <= 0.5) & (bottom-left-square-o > 0.5) & (bottom-middle-square-o <= 0.5) & (top-left-square-o > 0.5) & (middle-left-square-o <= 0.5) & (top-right-square-b > 0.5) & (bottom-middle-square-x > 0.5) & (top-middle-square-x > 0.5),(middle-middle-square-o > 0.5) & (bottom-left-square-x <= 0.5) & (top-right-square-x <= 0.5),(middle-middle-square-o > 0.5) & (bottom-right-square-x <= 0.5) & (top-left-square-x <= 0.5),(middle-middle-square-o > 0.5) & (top-right-square-x <= 0.5) & (bottom-left-square-x <= 0.5),(middle-middle-square-o > 0.5) & (bottom-right-square-x <= 0.5) & (top-left-square-x <= 0.5),,
789,11,3,3,3,3,,,(bottom-right-square-o > 0.5) & (top-right-square-o <= 0.5) & (middle-right-square-x > 0.5) & (top-middle-square-o <= 0.5) & (middle-left-square-b <= 0.5) & (bottom-left-square-o <= 0.5) & (top-left-square-o > 0.5) & (bottom-middle-square-o <= 0.5) & (top-middle-square-b <= 0.5) & (top-right-square-b > 0.5) & (middle-left-square-x > 0.5),(middle-middle-square-o > 0.5) & (bottom-left-square-x <= 0.5) & (top-right-square-x <= 0.5),(middle-middle-square-o > 0.5) & (bottom-right-square-x <= 0.5) & (top-left-square-x <= 0.5),(middle-middle-square-o > 0.5) & (top-right-square-x <= 0.5) & (bottom-left-square-x <= 0.5),(middle-middle-square-o > 0.5) & (bottom-right-square-x <= 0.5) & (top-left-square-x <= 0.5),,
790,12,10,3,6,3,,,(bottom-right-square-o > 0.5) & (top-right-square-o <= 0.5) & (middle-right-square-x <= 0.5) & (top-left-square-o > 0.5) & (middle-left-square-x > 0.5) & (middle-right-square-o > 0.5) & (top-middle-square-o <= 0.5) & (bottom-left-square-o <= 0.5) & (bottom-middle-square-o <= 0.5) & (bottom-middle-square-x > 0.5) & (top-right-square-x <= 0.5) & (bottom-left-square-x > 0.5),(middle-middle-square-o > 0.5) & (bottom-left-square-x > 0.5) & (top-left-square-x <= 0.5) & (bottom-middle-square-x > 0.5) & (top-middle-square-x > 0.5) & (top-right-square-o <= 0.5) & (top-right-square-b > 0.5) & (top-left-square-b <= 0.5) & (middle-right-square-x <= 0.5) & (middle-left-square-x > 0.5),(middle-middle-square-o > 0.5) & (bottom-right-square-x <= 0.5) & (top-left-square-x <= 0.5),(middle-middle-square-o > 0.5) & (top-right-square-x <= 0.5) & (bottom-left-square-x > 0.5) & (top-middle-square-x > 0.5) & (bottom-right-square-o > 0.5) & (top-left-square-x <= 0.5),(middle-middle-square-o > 0.5) & (bottom-right-square-x <= 0.5) & (top-left-square-x <= 0.5),,
791,10,5,3,6,3,,,(bottom-right-square-o > 0.5) & (top-right-square-o <= 0.5) & (middle-right-square-x <= 0.5) & (top-left-square-o > 0.5) & (middle-left-square-x > 0.5) & (middle-right-square-o <= 0.5) & (bottom-left-square-b <= 0.5) & (top-middle-square-x > 0.5) & (top-right-square-b > 0.5) & (bottom-left-square-o <= 0.5),(middle-middle-square-o > 0.5) & (bottom-left-square-x > 0.5) & (top-left-square-x <= 0.5) & (bottom-middle-square-x <= 0.5) & (middle-left-square-x > 0.5),(middle-middle-square-o > 0.5) & (bottom-right-square-x <= 0.5) & (top-left-square-x <= 0.5),(middle-middle-square-o > 0.5) & (top-right-square-x <= 0.5) & (bottom-left-square-x > 0.5) & (top-middle-square-x > 0.5) & (bottom-right-square-o > 0.5) & (top-left-square-x <= 0.5),(middle-middle-square-o > 0.5) & (bottom-right-square-x <= 0.5) & (top-left-square-x <= 0.5),,
792,7,3,3,3,3,,,(bottom-right-square-o > 0.5) & (top-right-square-o <= 0.5) & (middle-right-square-x <= 0.5) & (top-left-square-o > 0.5) & (middle-left-square-x > 0.5) & (middle-right-square-o <= 0.5) & (bottom-left-square-b > 0.5),(middle-middle-square-o > 0.5) & (bottom-left-square-x <= 0.5) & (top-right-square-x <= 0.5),(middle-middle-square-o > 0.5) & (bottom-right-square-x <= 0.5) & (top-left-square-x <= 0.5),(middle-middle-square-o > 0.5) & (top-right-square-x <= 0.5) & (bottom-left-square-x <= 0.5),(middle-middle-square-o > 0.5) & (bottom-right-square-x <= 0.5) & (top-left-square-x <= 0.5),,
793,9,5,11,4,4,,,(bottom-right-square-o <= 0.5) & (top-right-square-o <= 0.5) & (middle-left-square-b <= 0.5) & (bottom-middle-square-x <= 0.5) & (top-middle-square-b <= 0.5) & (top-left-square-x <= 0.5) & (middle-right-square-x > 0.5) & (top-right-square-x <= 0.5) & (middle-left-square-o > 0.5),(middle-middle-square-o <= 0.5) & (top-right-square-o <= 0.5) & (bottom-left-square-o > 0.5) & (top-left-square-o > 0.5) & (middle-left-square-o > 0.5),(middle-middle-square-o <= 0.5) & (top-left-square-o > 0.5) & (top-right-square-o <= 0.5) & (middle-left-square-o > 0.5) & (top-middle-square-o <= 0.5) & (middle-right-square-o <= 0.5) & (bottom-middle-square-o > 0.5) & (top-middle-square-x > 0.5) & (bottom-right-square-o <= 0.5) & (middle-middle-square-b <= 0.5) & (bottom-right-square-b <= 0.5),(middle-middle-square-o <= 0.5) & (bottom-left-square-o > 0.5) & (top-left-square-o > 0.5) & (middle-left-square-o > 0.5),(middle-middle-square-o <= 0.5) & (top-left-square-o > 0.5) & (bottom-left-square-o > 0.5) & (middle-left-square-o > 0.5),,
794,9,5,10,4,4,,,(bottom-right-square-o <= 0.5) & (top-right-square-o <= 0.5) & (middle-left-square-b <= 0.5) & (bottom-middle-square-x <= 0.5) & (top-middle-square-b <= 0.5) & (top-left-square-x <= 0.5) & (middle-right-square-x > 0.5) & (top-right-square-x <= 0.5) & (middle-left-square-o > 0.5),(middle-middle-square-o <= 0.5) & (top-right-square-o <= 0.5) & (bottom-left-square-o > 0.5) & (top-left-square-o > 0.5) & (middle-left-square-o > 0.5),(middle-middle-square-o <= 0.5) & (top-left-square-o > 0.5) & (top-right-square-o <= 0.5) & (middle-left-square-o > 0.5) & (top-middle-square-o <= 0.5) & (middle-right-square-o <= 0.5) & (bottom-middle-square-o <= 0.5) & (bottom-right-square-o <= 0.5) & (middle-right-square-b <= 0.5) & (bottom-right-square-x <= 0.5),(middle-middle-square-o <= 0.5) & (bottom-left-square-o > 0.5) & (top-left-square-o > 0.5) & (middle-left-square-o > 0.5),(middle-middle-square-o <= 0.5) & (top-left-square-o > 0.5) & (bottom-left-square-o > 0.5) & (middle-left-square-o > 0.5),,
795,8,5,12,4,4,,,(bottom-right-square-o <= 0.5) & (top-right-square-o <= 0.5) & (middle-left-square-b <= 0.5) & (bottom-middle-square-x <= 0.5) & (top-middle-square-b <= 0.5) & (top-left-square-x <= 0.5) & (middle-right-square-x <= 0.5) & (bottom-left-square-x <= 0.5),(middle-middle-square-o <= 0.5) & (top-right-square-o <= 0.5) & (bottom-left-square-o > 0.5) & (top-left-square-o > 0.5) & (middle-left-square-o > 0.5),(middle-middle-square-o <= 0.5) & (top-left-square-o > 0.5) & (top-right-square-o <= 0.5) & (middle-left-square-o > 0.5) & (top-middle-square-o <= 0.5) & (middle-right-square-o <= 0.5) & (bottom-middle-square-o <= 0.5) & (bottom-right-square-o <= 0.5) & (middle-right-square-b > 0.5) & (top-right-square-x <= 0.5) & (bottom-right-square-b <= 0.5) & (top-middle-square-x > 0.5),(middle-middle-square-o <= 0.5) & (bottom-left-square-o > 0.5) & (top-left-square-o > 0.5) & (middle-left-square-o > 0.5),(middle-middle-square-o <= 0.5) & (top-left-square-o > 0.5) & (bottom-left-square-o > 0.5) & (middle-left-square-o > 0.5),,
796,12,9,3,6,3,,,(bottom-right-square-o > 0.5) & (top-right-square-o <= 0.5) & (middle-right-square-x > 0.5) & (top-middle-square-o <= 0.5) & (middle-left-square-b <= 0.5) & (bottom-left-square-o <= 0.5) & (top-left-square-o > 0.5) & (bottom-middle-square-o <= 0.5) & (top-middle-square-b <= 0.5) & (top-right-square-b > 0.5) & (middle-left-square-x <= 0.5) & (bottom-left-square-b <= 0.5),(middle-middle-square-o > 0.5) & (bottom-left-square-x > 0.5) & (top-left-square-x <= 0.5) & (bottom-middle-square-x > 0.5) & (top-middle-square-x > 0.5) & (top-right-square-o <= 0.5) & (top-right-square-b > 0.5) & (top-left-square-b <= 0.5) & (middle-right-square-x > 0.5),(middle-middle-square-o > 0.5) & (bottom-right-square-x <= 0.5) & (top-left-square-x <= 0.5),(middle-middle-square-o > 0.5) & (top-right-square-x <= 0.5) & (bottom-left-square-x > 0.5) & (top-middle-square-x > 0.5) & (bottom-right-square-o > 0.5) & (top-left-square-x <= 0.5),(middle-middle-square-o > 0.5) & (bottom-right-square-x <= 0.5) & (top-left-square-x <= 0.5),,
797,8,3,8,3,4,,,(bottom-right-square-o <= 0.5) & (top-right-square-o <= 0.5) & (middle-left-square-b <= 0.5) & (bottom-middle-square-x > 0.5) & (bottom-left-square-x <= 0.5) & (top-left-square-o > 0.5) & (bottom-left-square-o > 0.5) & (middle-left-square-x <= 0.5),(middle-middle-square-o > 0.5) & (bottom-left-square-x <= 0.5) & (top-right-square-x <= 0.5),(middle-middle-square-o > 0.5) & (bottom-right-square-x > 0.5) & (top-right-square-x <= 0.5) & (bottom-middle-square-x > 0.5) & (top-middle-square-x > 0.5) & (top-left-square-o > 0.5) & (middle-right-square-x > 0.5) & (top-right-square-b > 0.5),(middle-middle-square-o > 0.5) & (top-right-square-x <= 0.5) & (bottom-left-square-x <= 0.5),(middle-middle-square-o > 0.5) & (bottom-right-square-x > 0.5) & (top-right-square-x <= 0.5) & (bottom-left-square-x <= 0.5),,
798,8,5,10,4,4,,,(bottom-right-square-o <= 0.5) & (top-right-square-o <= 0.5) & (middle-left-square-b <= 0.5) & (bottom-middle-square-x > 0.5) & (bottom-left-square-x <= 0.5) & (top-left-square-o > 0.5) & (bottom-left-square-o > 0.5) & (middle-left-square-x <= 0.5),(middle-middle-square-o <= 0.5) & (top-right-square-o <= 0.5) & (bottom-left-square-o > 0.5) & (top-left-square-o > 0.5) & (middle-left-square-o > 0.5),(middle-middle-square-o <= 0.5) & (top-left-square-o > 0.5) & (top-right-square-o <= 0.5) & (middle-left-square-o > 0.5) & (top-middle-square-o <= 0.5) & (middle-right-square-o <= 0.5) & (bottom-middle-square-o <= 0.5) & (bottom-right-square-o <= 0.5) & (middle-right-square-b <= 0.5) & (bottom-right-square-x <= 0.5),(middle-middle-square-o <= 0.5) & (bottom-left-square-o > 0.5) & (top-left-square-o > 0.5) & (middle-left-square-o > 0.5),(middle-middle-square-o <= 0.5) & (top-left-square-o > 0.5) & (bottom-left-square-o > 0.5) & (middle-left-square-o > 0.5),,
799,9,5,11,4,4,,,(bottom-right-square-o <= 0.5) & (top-right-square-o <= 0.5) & (middle-left-square-b <= 0.5) & (bottom-middle-square-x <= 0.5) & (top-middle-square-b <= 0.5) & (top-left-square-x <= 0.5) & (middle-right-square-x > 0.5) & (top-right-square-x <= 0.5) & (middle-left-square-o > 0.5),(middle-middle-square-o <= 0.5) & (top-right-square-o <= 0.5) & (bottom-left-square-o > 0.5) & (top-left-square-o > 0.5) & (middle-left-square-o > 0.5),(middle-middle-square-o <= 0.5) & (top-left-square-o > 0.5) & (top-right-square-o <= 0.5) & (middle-left-square-o > 0.5) & (top-middle-square-o <= 0.5) & (middle-right-square-o <= 0.5) & (bottom-middle-square-o <= 0.5) & (bottom-right-square-o <= 0.5) & (middle-right-square-b <= 0.5) & (bottom-right-square-x > 0.5) & (top-right-square-b > 0.5),(middle-middle-square-o <= 0.5) & (bottom-left-square-o > 0.5) & (top-left-square-o > 0.5) & (middle-left-square-o > 0.5),(middle-middle-square-o <= 0.5) & (top-left-square-o > 0.5) & (bottom-left-square-o > 0.5) & (middle-left-square-o > 0.5),,
800,8,5,12,4,4,,,(bottom-right-square-o <= 0.5) & (top-right-square-o <= 0.5) & (middle-left-square-b <= 0.5) & (bottom-middle-square-x > 0.5) & (bottom-left-square-x <= 0.5) & (top-left-square-o > 0.5) & (bottom-left-square-o > 0.5) & (middle-left-square-x <= 0.5),(middle-middle-square-o <= 0.5) & (top-right-square-o <= 0.5) & (bottom-left-square-o > 0.5) & (top-left-square-o > 0.5) & (middle-left-square-o > 0.5),(middle-middle-square-o <= 0.5) & (top-left-square-o > 0.5) & (top-right-square-o <= 0.5) & (middle-left-square-o > 0.5) & (top-middle-square-o <= 0.5) & (middle-right-square-o <= 0.5) & (bottom-middle-square-o <= 0.5) & (bottom-right-square-o <= 0.5) & (middle-right-square-b > 0.5) & (top-right-square-x <= 0.5) & (bottom-right-square-b <= 0.5) & (top-middle-square-x > 0.5),(middle-middle-square-o <= 0.5) & (bottom-left-square-o > 0.5) & (top-left-square-o > 0.5) & (middle-left-square-o > 0.5),(middle-middle-square-o <= 0.5) & (top-left-square-o > 0.5) & (bottom-left-square-o > 0.5) & (middle-left-square-o > 0.5),,
801,9,8,3,6,3,,,(bottom-right-square-o > 0.5) & (top-right-square-o <= 0.5) & (middle-right-square-x > 0.5) & (top-middle-square-o <= 0.5) & (middle-left-square-b > 0.5) & (top-left-square-x <= 0.5) & (top-left-square-b <= 0.5) & (bottom-left-square-b <= 0.5) & (bottom-middle-square-b > 0.5),(middle-middle-square-o > 0.5) & (bottom-left-square-x > 0.5) & (top-left-square-x <= 0.5) & (bottom-middle-square-x <= 0.5) & (middle-left-square-x <= 0.5) & (middle-right-square-x > 0.5) & (middle-left-square-b > 0.5) & (top-middle-square-x > 0.5),(middle-middle-square-o > 0.5) & (bottom-right-square-x <= 0.5) & (top-left-square-x <= 0.5),(middle-middle-square-o > 0.5) & (top-right-square-x <= 0.5) & (bottom-left-square-x > 0.5) & (top-middle-square-x > 0.5) & (bottom-right-square-o > 0.5) & (top-left-square-x <= 0.5),(middle-middle-square-o > 0.5) & (bottom-right-square-x <= 0.5) & (top-left-square-x <= 0.5),,
802,8,3,3,3,3,,,(bottom-right-square-o > 0.5) & (top-right-square-o <= 0.5) & (middle-right-square-x > 0.5) & (top-middle-square-o <= 0.5) & (middle-left-square-b > 0.5) & (top-left-square-x <= 0.5) & (top-left-square-b <= 0.5) & (bottom-left-square-b > 0.5),(middle-middle-square-o > 0.5) & (bottom-left-square-x <= 0.5) & (top-right-square-x <= 0.5),(middle-middle-square-o > 0.5) & (bottom-right-square-x <= 0.5) & (top-left-square-x <= 0.5),(middle-middle-square-o > 0.5) & (top-right-square-x <= 0.5) & (bottom-left-square-x <= 0.5),(middle-middle-square-o > 0.5) & (bottom-right-square-x <= 0.5) & (top-left-square-x <= 0.5),,
803,12,12,3,6,3,,,(bottom-right-square-o > 0.5) & (top-right-square-o <= 0.5) & (middle-right-square-x <= 0.5) & (top-left-square-o > 0.5) & (middle-left-square-x <= 0.5) & (middle-left-square-b > 0.5) & (middle-right-square-o <= 0.5) & (bottom-middle-square-o <= 0.5) & (top-middle-square-o <= 0.5) & (bottom-left-square-o <= 0.5) & (top-right-square-b > 0.5) & (bottom-left-square-x > 0.5),(middle-middle-square-o > 0.5) & (bottom-left-square-x > 0.5) & (top-left-square-x <= 0.5) & (bottom-middle-square-x > 0.5) & (top-middle-square-x > 0.5) & (top-right-square-o <= 0.5) & (top-right-square-b > 0.5) & (top-left-square-b <= 0.5) & (middle-right-square-x <= 0.5) & (middle-left-square-x <= 0.5) & (middle-right-square-o <= 0.5) & (middle-left-square-o <= 0.5),(middle-middle-square-o > 0.5) & (bottom-right-square-x <= 0.5) & (top-left-square-x <= 0.5),(middle-middle-square-o > 0.5) & (top-right-square-x <= 0.5) & (bottom-left-square-x > 0.5) & (top-middle-square-x > 0.5) & (bottom-right-square-o > 0.5) & (top-left-square-x <= 0.5),(middle-middle-square-o > 0.5) & (bottom-right-square-x <= 0.5) & (top-left-square-x <= 0.5),,
804,13,5,3,4,3,,,(bottom-right-square-o <= 0.5) & (top-right-square-o <= 0.5) & (middle-left-square-b <= 0.5) & (bottom-middle-square-x <= 0.5) & (top-middle-square-b <= 0.5) & (top-left-square-x <= 0.5) & (middle-right-square-x > 0.5) & (top-right-square-x > 0.5) & (bottom-right-square-b > 0.5) & (top-middle-square-o > 0.5) & (middle-left-square-x > 0.5) & (bottom-left-square-o <= 0.5) & (bottom-left-square-b <= 0.5),(middle-middle-square-o > 0.5) & (bottom-left-square-x > 0.5) & (top-left-square-x <= 0.5) & (bottom-middle-square-x <= 0.5) & (middle-left-square-x > 0.5),(middle-middle-square-o > 0.5) & (bottom-right-square-x <= 0.5) & (top-left-square-x <= 0.5),(middle-middle-square-o > 0.5) & (top-right-square-x > 0.5) & (top-left-square-x <= 0.5) & (bottom-right-square-x <= 0.5),(middle-middle-square-o > 0.5) & (bottom-right-square-x <= 0.5) & (top-left-square-x <= 0.5),,
805,11,5,3,4,3,,,(bottom-right-square-o > 0.5) & (top-right-square-o <= 0.5) & (middle-right-square-x > 0.5) & (top-middle-square-o > 0.5) & (top-right-square-b <= 0.5) & (top-left-square-x <= 0.5) & (bottom-left-square-o <= 0.5) & (bottom-middle-square-x <= 0.5) & (middle-left-square-x > 0.5) & (bottom-left-square-x > 0.5) & (bottom-middle-square-b > 0.5),(middle-middle-square-o > 0.5) & (bottom-left-square-x > 0.5) & (top-left-square-x <= 0.5) & (bottom-middle-square-x <= 0.5) & (middle-left-square-x > 0.5),(middle-middle-square-o > 0.5) & (bottom-right-square-x <= 0.5) & (top-left-square-x <= 0.5),(middle-middle-square-o > 0.5) & (top-right-square-x > 0.5) & (top-left-square-x <= 0.5) & (bottom-right-square-x <= 0.5),(middle-middle-square-o > 0.5) & (bottom-right-square-x <= 0.5) & (top-left-square-x <= 0.5),,
806,9,8,3,4,3,,,(bottom-right-square-o > 0.5) & (top-right-square-o <= 0.5) & (middle-right-square-x > 0.5) & (top-middle-square-o > 0.5) & (top-right-square-b <= 0.5) & (top-left-square-x <= 0.5) & (bottom-left-square-o <= 0.5) & (bottom-middle-square-x > 0.5) & (middle-left-square-o <= 0.5),(middle-middle-square-o > 0.5) & (bottom-left-square-x <= 0.5) & (top-right-square-x > 0.5) & (bottom-middle-square-x > 0.5) & (top-left-square-o > 0.5) & (top-middle-square-x <= 0.5) & (middle-left-square-x > 0.5) & (bottom-left-square-o <= 0.5),(middle-middle-square-o > 0.5) & (bottom-right-square-x <= 0.5) & (top-left-square-x <= 0.5),(middle-middle-square-o > 0.5) & (top-right-square-x > 0.5) & (top-left-square-x <= 0.5) & (bottom-right-square-x <= 0.5),(middle-middle-square-o > 0.5) & (bottom-right-square-x <= 0.5) & (top-left-square-x <= 0.5),,
807,9,11,3,4,3,,,(bottom-right-square-o > 0.5) & (top-right-square-o <= 0.5) & (middle-right-square-x <= 0.5) & (top-left-square-o > 0.5) & (middle-left-square-x > 0.5) & (middle-right-square-o <= 0.5) & (bottom-left-square-b <= 0.5) & (top-middle-square-x <= 0.5) & (bottom-middle-square-x > 0.5),(middle-middle-square-o > 0.5) & (bottom-left-square-x > 0.5) & (top-left-square-x <= 0.5) & (bottom-middle-square-x > 0.5) & (top-middle-square-x <= 0.5) & (top-left-square-b <= 0.5) & (middle-right-square-x <= 0.5) & (middle-left-square-x > 0.5) & (top-right-square-x > 0.5) & (top-middle-square-o > 0.5) & (middle-right-square-o <= 0.5),(middle-middle-square-o > 0.5) & (bottom-right-square-x <= 0.5) & (top-left-square-x <= 0.5),(middle-middle-square-o > 0.5) & (top-right-square-x > 0.5) & (top-left-square-x <= 0.5) & (bottom-right-square-x <= 0.5),(middle-middle-square-o > 0.5) & (bottom-right-square-x <= 0.5) & (top-left-square-x <= 0.5),,
808,14,5,7,7,7,,,(bottom-right-square-o <= 0.5) & (top-right-square-o <= 0.5) & (middle-left-square-b <= 0.5) & (bottom-middle-square-x <= 0.5) & (top-middle-square-b <= 0.5) & (top-left-square-x <= 0.5) & (middle-right-square-x <= 0.5) & (bottom-left-square-x > 0.5) & (top-right-square-x > 0.5) & (bottom-right-square-b <= 0.5) & (middle-left-square-x > 0.5) & (top-left-square-o > 0.5) & (top-middle-square-x <= 0.5) & (middle-right-square-b > 0.5),(middle-middle-square-o > 0.5) & (bottom-left-square-x > 0.5) & (top-left-square-x <= 0.5) & (bottom-middle-square-x <= 0.5) & (middle-left-square-x > 0.5),(middle-middle-square-o > 0.5) & (bottom-right-square-x > 0.5) & (top-right-square-x > 0.5) & (middle-right-square-x <= 0.5) & (middle-left-square-b <= 0.5) & (middle-right-square-b > 0.5) & (middle-left-square-x > 0.5),(middle-middle-square-o > 0.5) & (top-right-square-x > 0.5) & (top-left-square-x <= 0.5) & (bottom-right-square-x > 0.5) & (top-middle-square-x <= 0.5) & (bottom-middle-square-o > 0.5) & (top-middle-square-o > 0.5),(middle-middle-square-o > 0.5) & (bottom-right-square-x > 0.5) & (top-right-square-x > 0.5) & (middle-right-square-x <= 0.5) & (middle-left-square-b <= 0.5) & (middle-right-square-b > 0.5) & (middle-left-square-x > 0.5),,
809,8,5,9,4,4,,,(bottom-right-square-o <= 0.5) & (top-right-square-o <= 0.5) & (middle-left-square-b <= 0.5) & (bottom-middle-square-x > 0.5) & (bottom-left-square-x <= 0.5) & (top-left-square-o > 0.5) & (bottom-left-square-o > 0.5) & (middle-left-square-x <= 0.5),(middle-middle-square-o <= 0.5) & (top-right-square-o <= 0.5) & (bottom-left-square-o > 0.5) & (top-left-square-o > 0.5) & (middle-left-square-o > 0.5),(middle-middle-square-o <= 0.5) & (top-left-square-o > 0.5) & (top-right-square-o <= 0.5) & (middle-left-square-o > 0.5) & (top-middle-square-o > 0.5) & (bottom-middle-square-x > 0.5) & (middle-middle-square-x > 0.5) & (middle-right-square-x > 0.5) & (bottom-right-square-o <= 0.5),(middle-middle-square-o <= 0.5) & (bottom-left-square-o > 0.5) & (top-left-square-o > 0.5) & (middle-left-square-o > 0.5),(middle-middle-square-o <= 0.5) & (top-left-square-o > 0.5) & (bottom-left-square-o > 0.5) & (middle-left-square-o > 0.5),,
810,8,5,11,4,4,,,(bottom-right-square-o <= 0.5) & (top-right-square-o <= 0.5) & (middle-left-square-b <= 0.5) & (bottom-middle-square-x > 0.5) & (bottom-left-square-x <= 0.5) & (top-left-square-o > 0.5) & (bottom-left-square-o > 0.5) & (middle-left-square-x <= 0.5),(middle-middle-square-o <= 0.5) & (top-right-square-o <= 0.5) & (bottom-left-square-o > 0.5) & (top-left-square-o > 0.5) & (middle-left-square-o > 0.5),(middle-middle-square-o <= 0.5) & (top-left-square-o > 0.5) & (top-right-square-o <= 0.5) & (middle-left-square-o > 0.5) & (top-middle-square-o > 0.5) & (bottom-middle-square-x > 0.5) & (middle-middle-square-x > 0.5) & (middle-right-square-x <= 0.5) & (bottom-right-square-b <= 0.5) & (middle-right-square-b > 0.5) & (top-right-square-x > 0.5),(middle-middle-square-o <= 0.5) & (bottom-left-square-o > 0.5) & (top-left-square-o > 0.5) & (middle-left-square-o > 0.5),(middle-middle-square-o <= 0.5) & (top-left-square-o > 0.5) & (bottom-left-square-o > 0.5) & (middle-left-square-o > 0.5),,
811,9,10,3,4,3,,,(bottom-right-square-o > 0.5) & (top-right-square-o <= 0.5) & (middle-right-square-x > 0.5) & (top-middle-square-o > 0.5) & (top-right-square-b <= 0.5) & (top-left-square-x <= 0.5) & (bottom-left-square-o <= 0.5) & (bottom-middle-square-x > 0.5) & (middle-left-square-o <= 0.5),(middle-middle-square-o > 0.5) & (bottom-left-square-x > 0.5) & (top-left-square-x <= 0.5) & (bottom-middle-square-x > 0.5) & (top-middle-square-x <= 0.5) & (top-left-square-b <= 0.5) & (middle-right-square-x > 0.5) & (middle-left-square-x <= 0.5) & (top-right-square-x > 0.5) & (middle-left-square-o <= 0.5),(middle-middle-square-o > 0.5) & (bottom-right-square-x <= 0.5) & (top-left-square-x <= 0.5),(middle-middle-square-o > 0.5) & (top-right-square-x > 0.5) & (top-left-square-x <= 0.5) & (bottom-right-square-x <= 0.5),(middle-middle-square-o > 0.5) & (bottom-right-square-x <= 0.5) & (top-left-square-x <= 0.5),,
812,6,4,4,6,10,,,(bottom-right-square-o <= 0.5) & (top-right-square-o > 0.5) & (middle-right-square-x <= 0.5) & (bottom-left-square-o <= 0.5) & (top-left-square-o > 0.5) & (top-middle-square-o > 0.5),(middle-middle-square-o <= 0.5) & (top-right-square-o > 0.5) & (top-left-square-o > 0.5) & (top-middle-square-o > 0.5),(middle-middle-square-o <= 0.5) & (top-left-square-o > 0.5) & (top-right-square-o > 0.5) & (top-middle-square-o > 0.5),(middle-middle-square-o <= 0.5) & (bottom-left-square-o <= 0.5) & (top-right-square-o > 0.5) & (bottom-right-square-o <= 0.5) & (top-left-square-o > 0.5) & (top-middle-square-o > 0.5),(middle-middle-square-o <= 0.5) & (top-left-square-o > 0.5) & (bottom-left-square-o <= 0.5) & (top-right-square-o > 0.5) & (bottom-middle-square-b <= 0.5) & (middle-left-square-o <= 0.5) & (middle-middle-square-b <= 0.5) & (bottom-left-square-b <= 0.5) & (middle-left-square-b <= 0.5) & (middle-right-square-x <= 0.5),,
813,6,4,4,6,7,,,(bottom-right-square-o <= 0.5) & (top-right-square-o > 0.5) & (middle-right-square-x <= 0.5) & (bottom-left-square-o <= 0.5) & (top-left-square-o > 0.5) & (top-middle-square-o > 0.5),(middle-middle-square-o <= 0.5) & (top-right-square-o > 0.5) & (top-left-square-o > 0.5) & (top-middle-square-o > 0.5),(middle-middle-square-o <= 0.5) & (top-left-square-o > 0.5) & (top-right-square-o > 0.5) & (top-middle-square-o > 0.5),(middle-middle-square-o <= 0.5) & (bottom-left-square-o <= 0.5) & (top-right-square-o > 0.5) & (bottom-right-square-o <= 0.5) & (top-left-square-o > 0.5) & (top-middle-square-o > 0.5),(middle-middle-square-o <= 0.5) & (top-left-square-o > 0.5) & (bottom-left-square-o <= 0.5) & (top-right-square-o > 0.5) & (bottom-middle-square-b > 0.5) & (bottom-right-square-o <= 0.5) & (bottom-right-square-x > 0.5),,
814,6,4,4,6,13,,,(bottom-right-square-o <= 0.5) & (top-right-square-o > 0.5) & (middle-right-square-x <= 0.5) & (bottom-left-square-o <= 0.5) & (top-left-square-o > 0.5) & (top-middle-square-o > 0.5),(middle-middle-square-o <= 0.5) & (top-right-square-o > 0.5) & (top-left-square-o > 0.5) & (top-middle-square-o > 0.5),(middle-middle-square-o <= 0.5) & (top-left-square-o > 0.5) & (top-right-square-o > 0.5) & (top-middle-square-o > 0.5),(middle-middle-square-o <= 0.5) & (bottom-left-square-o <= 0.5) & (top-right-square-o > 0.5) & (bottom-right-square-o <= 0.5) & (top-left-square-o > 0.5) & (top-middle-square-o > 0.5),(middle-middle-square-o <= 0.5) & (top-left-square-o > 0.5) & (bottom-left-square-o <= 0.5) & (top-right-square-o > 0.5) & (bottom-middle-square-b <= 0.5) & (middle-left-square-o <= 0.5) & (middle-middle-square-b <= 0.5) & (bottom-left-square-b > 0.5) & (bottom-right-square-o <= 0.5) & (bottom-middle-square-o <= 0.5) & (middle-right-square-o > 0.5) & (middle-left-square-x > 0.5) & (bottom-right-square-x > 0.5),,
815,6,4,4,10,10,,,(bottom-right-square-o > 0.5) & (top-right-square-o > 0.5) & (middle-right-square-o <= 0.5) & (bottom-left-square-b <= 0.5) & (top-left-square-o > 0.5) & (top-middle-square-o > 0.5),(middle-middle-square-o <= 0.5) & (top-right-square-o > 0.5) & (top-left-square-o > 0.5) & (top-middle-square-o > 0.5),(middle-middle-square-o <= 0.5) & (top-left-square-o > 0.5) & (top-right-square-o > 0.5) & (top-middle-square-o > 0.5),(middle-middle-square-o <= 0.5) & (bottom-left-square-o <= 0.5) & (top-right-square-o > 0.5) & (bottom-right-square-o > 0.5) & (middle-left-square-b <= 0.5) & (bottom-middle-square-o <= 0.5) & (middle-middle-square-b <= 0.5) & (bottom-left-square-b <= 0.5) & (bottom-middle-square-x > 0.5) & (top-middle-square-x <= 0.5),(middle-middle-square-o <= 0.5) & (top-left-square-o > 0.5) & (bottom-left-square-o <= 0.5) & (top-right-square-o > 0.5) & (bottom-middle-square-b <= 0.5) & (middle-left-square-o <= 0.5) & (middle-middle-square-b <= 0.5) & (bottom-left-square-b <= 0.5) & (middle-left-square-b <= 0.5) & (middle-right-square-x <= 0.5),,
816,6,4,4,6,10,,,(bottom-right-square-o <= 0.5) & (top-right-square-o > 0.5) & (middle-right-square-x <= 0.5) & (bottom-left-square-o <= 0.5) & (top-left-square-o > 0.5) & (top-middle-square-o > 0.5),(middle-middle-square-o <= 0.5) & (top-right-square-o > 0.5) & (top-left-square-o > 0.5) & (top-middle-square-o > 0.5),(middle-middle-square-o <= 0.5) & (top-left-square-o > 0.5) & (top-right-square-o > 0.5) & (top-middle-square-o > 0.5),(middle-middle-square-o <= 0.5) & (bottom-left-square-o <= 0.5) & (top-right-square-o > 0.5) & (bottom-right-square-o <= 0.5) & (top-left-square-o > 0.5) & (top-middle-square-o > 0.5),(middle-middle-square-o <= 0.5) & (top-left-square-o > 0.5) & (bottom-left-square-o <= 0.5) & (top-right-square-o > 0.5) & (bottom-middle-square-b <= 0.5) & (middle-left-square-o <= 0.5) & (middle-middle-square-b <= 0.5) & (bottom-left-square-b <= 0.5) & (middle-left-square-b <= 0.5) & (middle-right-square-x <= 0.5),,
817,6,4,4,6,8,,,(bottom-right-square-o <= 0.5) & (top-right-square-o > 0.5) & (middle-right-square-x <= 0.5) & (bottom-left-square-o <= 0.5) & (top-left-square-o > 0.5) & (top-middle-square-o > 0.5),(middle-middle-square-o <= 0.5) & (top-right-square-o > 0.5) & (top-left-square-o > 0.5) & (top-middle-square-o > 0.5),(middle-middle-square-o <= 0.5) & (top-left-square-o > 0.5) & (top-right-square-o > 0.5) & (top-middle-square-o > 0.5),(middle-middle-square-o <= 0.5) & (bottom-left-square-o <= 0.5) & (top-right-square-o > 0.5) & (bottom-right-square-o <= 0.5) & (top-left-square-o > 0.5) & (top-middle-square-o > 0.5),(middle-middle-square-o <= 0.5) & (top-left-square-o > 0.5) & (bottom-left-square-o <= 0.5) & (top-right-square-o > 0.5) & (bottom-middle-square-b > 0.5) & (bottom-right-square-o <= 0.5) & (bottom-right-square-x <= 0.5) & (bottom-left-square-x > 0.5),,
818,9,4,4,11,9,,,(bottom-right-square-o <= 0.5) & (top-right-square-o > 0.5) & (middle-right-square-x <= 0.5) & (bottom-left-square-o > 0.5) & (middle-left-square-x > 0.5) & (middle-right-square-o <= 0.5) & (top-left-square-b <= 0.5) & (bottom-middle-square-x > 0.5) & (bottom-right-square-b <= 0.5),(middle-middle-square-o <= 0.5) & (top-right-square-o > 0.5) & (top-left-square-o > 0.5) & (top-middle-square-o > 0.5),(middle-middle-square-o <= 0.5) & (top-left-square-o > 0.5) & (top-right-square-o > 0.5) & (top-middle-square-o > 0.5),(middle-middle-square-o <= 0.5) & (bottom-left-square-o > 0.5) & (top-left-square-o > 0.5) & (middle-left-square-o <= 0.5) & (top-right-square-b <= 0.5) & (top-middle-square-b <= 0.5) & (bottom-right-square-b <= 0.5) & (bottom-middle-square-b <= 0.5) & (bottom-middle-square-x > 0.5) & (top-middle-square-o > 0.5) & (top-right-square-o > 0.5),(middle-middle-square-o <= 0.5) & (top-left-square-o > 0.5) & (bottom-left-square-o > 0.5) & (middle-left-square-o <= 0.5) & (top-right-square-b <= 0.5) & (bottom-right-square-b <= 0.5) & (bottom-middle-square-b <= 0.5) & (middle-left-square-b <= 0.5) & (middle-right-square-b > 0.5),,
819,6,4,4,6,14,,,(bottom-right-square-o <= 0.5) & (top-right-square-o > 0.5) & (middle-right-square-x <= 0.5) & (bottom-left-square-o <= 0.5) & (top-left-square-o > 0.5) & (top-middle-square-o > 0.5),(middle-middle-square-o <= 0.5) & (top-right-square-o > 0.5) & (top-left-square-o > 0.5) & (top-middle-square-o > 0.5),(middle-middle-square-o <= 0.5) & (top-left-square-o > 0.5) & (top-right-square-o > 0.5) & (top-middle-square-o > 0.5),(middle-middle-square-o <= 0.5) & (bottom-left-square-o <= 0.5) & (top-right-square-o > 0.5) & (bottom-right-square-o <= 0.5) & (top-left-square-o > 0.5) & (top-middle-square-o > 0.5),(middle-middle-square-o <= 0.5) & (top-left-square-o > 0.5) & (bottom-left-square-o <= 0.5) & (top-right-square-o > 0.5) & (bottom-middle-square-b <= 0.5) & (middle-left-square-o <= 0.5) & (middle-middle-square-b <= 0.5) & (bottom-left-square-b > 0.5) & (bottom-right-square-o <= 0.5) & (bottom-middle-square-o <= 0.5) & (middle-right-square-o <= 0.5) & (bottom-right-square-x <= 0.5) & (middle-right-square-x <= 0.5) & (middle-left-square-b <= 0.5),,
820,6,4,4,6,7,,,(bottom-right-square-o <= 0.5) & (top-right-square-o > 0.5) & (middle-right-square-x <= 0.5) & (bottom-left-square-o <= 0.5) & (top-left-square-o > 0.5) & (top-middle-square-o > 0.5),(middle-middle-square-o <= 0.5) & (top-right-square-o > 0.5) & (top-left-square-o > 0.5) & (top-middle-square-o > 0.5),(middle-middle-square-o <= 0.5) & (top-left-square-o > 0.5) & (top-right-square-o > 0.5) & (top-middle-square-o > 0.5),(middle-middle-square-o <= 0.5) & (bottom-left-square-o <= 0.5) & (top-right-square-o > 0.5) & (bottom-right-square-o <= 0.5) & (top-left-square-o > 0.5) & (top-middle-square-o > 0.5),(middle-middle-square-o <= 0.5) & (top-left-square-o > 0.5) & (bottom-left-square-o <= 0.5) & (top-right-square-o > 0.5) & (bottom-middle-square-b > 0.5) & (bottom-right-square-o <= 0.5) & (bottom-right-square-x > 0.5),,
821,7,8,3,7,3,,,(bottom-right-square-o <= 0.5) & (top-right-square-o > 0.5) & (middle-right-square-x > 0.5) & (bottom-middle-square-o <= 0.5) & (middle-left-square-b <= 0.5) & (top-left-square-o > 0.5) & (top-middle-square-o > 0.5),(middle-middle-square-o > 0.5) & (bottom-left-square-x > 0.5) & (top-left-square-x <= 0.5) & (bottom-middle-square-x > 0.5) & (top-middle-square-x <= 0.5) & (top-left-square-b <= 0.5) & (middle-right-square-x > 0.5) & (middle-left-square-x > 0.5),(middle-middle-square-o > 0.5) & (bottom-right-square-x <= 0.5) & (top-left-square-x <= 0.5),(middle-middle-square-o > 0.5) & (top-right-square-x <= 0.5) & (bottom-left-square-x > 0.5) & (top-middle-square-x <= 0.5) & (bottom-middle-square-o <= 0.5) & (top-left-square-o > 0.5) & (bottom-right-square-x <= 0.5),(middle-middle-square-o > 0.5) & (bottom-right-square-x <= 0.5) & (top-left-square-x <= 0.5),,
822,7,5,5,8,7,,,(bottom-right-square-o <= 0.5) & (top-right-square-o > 0.5) & (middle-right-square-x > 0.5) & (bottom-middle-square-o <= 0.5) & (middle-left-square-b <= 0.5) & (top-left-square-o > 0.5) & (top-middle-square-o > 0.5),(middle-middle-square-o > 0.5) & (bottom-left-square-x > 0.5) & (top-left-square-x <= 0.5) & (bottom-middle-square-x <= 0.5) & (middle-left-square-x > 0.5),(middle-middle-square-o > 0.5) & (bottom-right-square-x > 0.5) & (top-right-square-x <= 0.5) & (bottom-middle-square-x <= 0.5) & (middle-right-square-x > 0.5),(middle-middle-square-o > 0.5) & (top-right-square-x <= 0.5) & (bottom-left-square-x > 0.5) & (top-middle-square-x <= 0.5) & (bottom-middle-square-o <= 0.5) & (top-left-square-o > 0.5) & (bottom-right-square-x > 0.5) & (bottom-middle-square-b > 0.5),(middle-middle-square-o > 0.5) & (bottom-right-square-x > 0.5) & (top-right-square-x <= 0.5) & (bottom-left-square-x > 0.5) & (bottom-middle-square-x <= 0.5) & (middle-left-square-x > 0.5) & (top-left-square-x <= 0.5),,
823,7,3,8,3,4,,,(bottom-right-square-o <= 0.5) & (top-right-square-o > 0.5) & (middle-right-square-x > 0.5) & (bottom-middle-square-o <= 0.5) & (middle-left-square-b <= 0.5) & (top-left-square-o > 0.5) & (top-middle-square-o > 0.5),(middle-middle-square-o > 0.5) & (bottom-left-square-x <= 0.5) & (top-right-square-x <= 0.5),(middle-middle-square-o > 0.5) & (bottom-right-square-x > 0.5) & (top-right-square-x <= 0.5) & (bottom-middle-square-x > 0.5) & (top-middle-square-x <= 0.5) & (top-right-square-b <= 0.5) & (middle-right-square-x > 0.5) & (middle-left-square-x > 0.5),(middle-middle-square-o > 0.5) & (top-right-square-x <= 0.5) & (bottom-left-square-x <= 0.5),(middle-middle-square-o > 0.5) & (bottom-right-square-x > 0.5) & (top-right-square-x <= 0.5) & (bottom-left-square-x <= 0.5),,
824,6,4,4,10,8,,,(bottom-right-square-o > 0.5) & (top-right-square-o > 0.5) & (middle-right-square-o <= 0.5) & (bottom-left-square-b <= 0.5) & (top-left-square-o > 0.5) & (top-middle-square-o > 0.5),(middle-middle-square-o <= 0.5) & (top-right-square-o > 0.5) & (top-left-square-o > 0.5) & (top-middle-square-o > 0.5),(middle-middle-square-o <= 0.5) & (top-left-square-o > 0.5) & (top-right-square-o > 0.5) & (top-middle-square-o > 0.5),(middle-middle-square-o <= 0.5) & (bottom-left-square-o <= 0.5) & (top-right-square-o > 0.5) & (bottom-right-square-o > 0.5) & (middle-left-square-b <= 0.5) & (bottom-middle-square-o <= 0.5) & (middle-middle-square-b > 0.5) & (top-middle-square-x <= 0.5) & (bottom-middle-square-x > 0.5) & (top-left-square-x <= 0.5),(middle-middle-square-o <= 0.5) & (top-left-square-o > 0.5) & (bottom-left-square-o <= 0.5) & (top-right-square-o > 0.5) & (bottom-middle-square-b <= 0.5) & (middle-left-square-o <= 0.5) & (middle-middle-square-b > 0.5) & (middle-right-square-x > 0.5),,
825,7,4,4,6,8,,,(bottom-right-square-o <= 0.5) & (top-right-square-o > 0.5) & (middle-right-square-x > 0.5) & (bottom-middle-square-o > 0.5) & (bottom-right-square-x > 0.5) & (bottom-left-square-x > 0.5) & (top-left-square-x <= 0.5),(middle-middle-square-o <= 0.5) & (top-right-square-o > 0.5) & (top-left-square-o > 0.5) & (top-middle-square-o > 0.5),(middle-middle-square-o <= 0.5) & (top-left-square-o > 0.5) & (top-right-square-o > 0.5) & (top-middle-square-o > 0.5),(middle-middle-square-o <= 0.5) & (bottom-left-square-o <= 0.5) & (top-right-square-o > 0.5) & (bottom-right-square-o <= 0.5) & (top-left-square-o > 0.5) & (top-middle-square-o > 0.5),(middle-middle-square-o <= 0.5) & (top-left-square-o > 0.5) & (bottom-left-square-o <= 0.5) & (top-right-square-o > 0.5) & (bottom-middle-square-b <= 0.5) & (middle-left-square-o <= 0.5) & (middle-middle-square-b > 0.5) & (middle-right-square-x > 0.5),,
826,7,4,4,6,8,,,(bottom-right-square-o <= 0.5) & (top-right-square-o > 0.5) & (middle-right-square-x > 0.5) & (bottom-middle-square-o <= 0.5) & (middle-left-square-b <= 0.5) & (top-left-square-o > 0.5) & (top-middle-square-o > 0.5),(middle-middle-square-o <= 0.5) & (top-right-square-o > 0.5) & (top-left-square-o > 0.5) & (top-middle-square-o > 0.5),(middle-middle-square-o <= 0.5) & (top-left-square-o > 0.5) & (top-right-square-o > 0.5) & (top-middle-square-o > 0.5),(middle-middle-square-o <= 0.5) & (bottom-left-square-o <= 0.5) & (top-right-square-o > 0.5) & (bottom-right-square-o <= 0.5) & (top-left-square-o > 0.5) & (top-middle-square-o > 0.5),(middle-middle-square-o <= 0.5) & (top-left-square-o > 0.5) & (bottom-left-square-o <= 0.5) & (top-right-square-o > 0.5) & (bottom-middle-square-b > 0.5) & (bottom-right-square-o <= 0.5) & (bottom-right-square-x <= 0.5) & (bottom-left-square-x > 0.5),,
827,7,4,4,11,11,,,(bottom-right-square-o <= 0.5) & (top-right-square-o > 0.5) & (middle-right-square-x > 0.5) & (bottom-middle-square-o <= 0.5) & (middle-left-square-b <= 0.5) & (top-left-square-o > 0.5) & (top-middle-square-o > 0.5),(middle-middle-square-o <= 0.5) & (top-right-square-o > 0.5) & (top-left-square-o > 0.5) & (top-middle-square-o > 0.5),(middle-middle-square-o <= 0.5) & (top-left-square-o > 0.5) & (top-right-square-o > 0.5) & (top-middle-square-o > 0.5),(middle-middle-square-o <= 0.5) & (bottom-left-square-o > 0.5) & (top-left-square-o > 0.5) & (middle-left-square-o <= 0.5) & (top-right-square-b <= 0.5) & (top-middle-square-b <= 0.5) & (bottom-right-square-b <= 0.5) & (bottom-middle-square-b <= 0.5) & (bottom-middle-square-x > 0.5) & (top-middle-square-o > 0.5) & (top-right-square-o > 0.5),(middle-middle-square-o <= 0.5) & (top-left-square-o > 0.5) & (bottom-left-square-o > 0.5) & (middle-left-square-o <= 0.5) & (top-right-square-b <= 0.5) & (bottom-right-square-b <= 0.5) & (bottom-middle-square-b <= 0.5) & (middle-left-square-b <= 0.5) & (middle-right-square-b <= 0.5) & (middle-middle-square-x <= 0.5) & (bottom-middle-square-x > 0.5),,
828,7,4,4,6,8,,,(bottom-right-square-o <= 0.5) & (top-right-square-o > 0.5) & (middle-right-square-x > 0.5) & (bottom-middle-square-o <= 0.5) & (middle-left-square-b <= 0.5) & (top-left-square-o > 0.5) & (top-middle-square-o > 0.5),(middle-middle-square-o <= 0.5) & (top-right-square-o > 0.5) & (top-left-square-o > 0.5) & (top-middle-square-o > 0.5),(middle-middle-square-o <= 0.5) & (top-left-square-o > 0.5) & (top-right-square-o > 0.5) & (top-middle-square-o > 0.5),(middle-middle-square-o <= 0.5) & (bottom-left-square-o <= 0.5) & (top-right-square-o > 0.5) & (bottom-right-square-o <= 0.5) & (top-left-square-o > 0.5) & (top-middle-square-o > 0.5),(middle-middle-square-o <= 0.5) & (top-left-square-o > 0.5) & (bottom-left-square-o <= 0.5) & (top-right-square-o > 0.5) & (bottom-middle-square-b <= 0.5) & (middle-left-square-o <= 0.5) & (middle-middle-square-b > 0.5) & (middle-right-square-x > 0.5),,
829,7,4,4,6,7,,,(bottom-right-square-o <= 0.5) & (top-right-square-o > 0.5) & (middle-right-square-x > 0.5) & (bottom-middle-square-o <= 0.5) & (middle-left-square-b <= 0.5) & (top-left-square-o > 0.5) & (top-middle-square-o > 0.5),(middle-middle-square-o <= 0.5) & (top-right-square-o > 0.5) & (top-left-square-o > 0.5) & (top-middle-square-o > 0.5),(middle-middle-square-o <= 0.5) & (top-left-square-o > 0.5) & (top-right-square-o > 0.5) & (top-middle-square-o > 0.5),(middle-middle-square-o <= 0.5) & (bottom-left-square-o <= 0.5) & (top-right-square-o > 0.5) & (bottom-right-square-o <= 0.5) & (top-left-square-o > 0.5) & (top-middle-square-o > 0.5),(middle-middle-square-o <= 0.5) & (top-left-square-o > 0.5) & (bottom-left-square-o <= 0.5) & (top-right-square-o > 0.5) & (bottom-middle-square-b > 0.5) & (bottom-right-square-o <= 0.5) & (bottom-right-square-x > 0.5),,
830,6,4,4,6,9,,,(bottom-right-square-o <= 0.5) & (top-right-square-o > 0.5) & (middle-right-square-x <= 0.5) & (bottom-left-square-o <= 0.5) & (top-left-square-o > 0.5) & (top-middle-square-o > 0.5),(middle-middle-square-o <= 0.5) & (top-right-square-o > 0.5) & (top-left-square-o > 0.5) & (top-middle-square-o > 0.5),(middle-middle-square-o <= 0.5) & (top-left-square-o > 0.5) & (top-right-square-o > 0.5) & (top-middle-square-o > 0.5),(middle-middle-square-o <= 0.5) & (bottom-left-square-o <= 0.5) & (top-right-square-o > 0.5) & (bottom-right-square-o <= 0.5) & (top-left-square-o > 0.5) & (top-middle-square-o > 0.5),(middle-middle-square-o <= 0.5) & (top-left-square-o > 0.5) & (bottom-left-square-o <= 0.5) & (top-right-square-o > 0.5) & (bottom-middle-square-b <= 0.5) & (middle-left-square-o <= 0.5) & (middle-middle-square-b > 0.5) & (middle-right-square-x <= 0.5) & (bottom-right-square-x <= 0.5),,
831,6,4,4,6,7,,,(bottom-right-square-o <= 0.5) & (top-right-square-o > 0.5) & (middle-right-square-x <= 0.5) & (bottom-left-square-o <= 0.5) & (top-left-square-o > 0.5) & (top-middle-square-o > 0.5),(middle-middle-square-o <= 0.5) & (top-right-square-o > 0.5) & (top-left-square-o > 0.5) & (top-middle-square-o > 0.5),(middle-middle-square-o <= 0.5) & (top-left-square-o > 0.5) & (top-right-square-o > 0.5) & (top-middle-square-o > 0.5),(middle-middle-square-o <= 0.5) & (bottom-left-square-o <= 0.5) & (top-right-square-o > 0.5) & (bottom-right-square-o <= 0.5) & (top-left-square-o > 0.5) & (top-middle-square-o > 0.5),(middle-middle-square-o <= 0.5) & (top-left-square-o > 0.5) & (bottom-left-square-o <= 0.5) & (top-right-square-o > 0.5) & (bottom-middle-square-b > 0.5) & (bottom-right-square-o <= 0.5) & (bottom-right-square-x > 0.5),,
832,6,4,4,6,10,,,(bottom-right-square-o <= 0.5) & (top-right-square-o > 0.5) & (middle-right-square-x <= 0.5) & (bottom-left-square-o <= 0.5) & (top-left-square-o > 0.5) & (top-middle-square-o > 0.5),(middle-middle-square-o <= 0.5) & (top-right-square-o > 0.5) & (top-left-square-o > 0.5) & (top-middle-square-o > 0.5),(middle-middle-square-o <= 0.5) & (top-left-square-o > 0.5) & (top-right-square-o > 0.5) & (top-middle-square-o > 0.5),(middle-middle-square-o <= 0.5) & (bottom-left-square-o <= 0.5) & (top-right-square-o > 0.5) & (bottom-right-square-o <= 0.5) & (top-left-square-o > 0.5) & (top-middle-square-o > 0.5),(middle-middle-square-o <= 0.5) & (top-left-square-o > 0.5) & (bottom-left-square-o <= 0.5) & (top-right-square-o > 0.5) & (bottom-middle-square-b <= 0.5) & (middle-left-square-o <= 0.5) & (middle-middle-square-b > 0.5) & (middle-right-square-x <= 0.5) & (bottom-right-square-x > 0.5) & (bottom-left-square-x <= 0.5),,
833,7,4,4,6,12,,,(bottom-right-square-o <= 0.5) & (top-right-square-o > 0.5) & (middle-right-square-x > 0.5) & (bottom-middle-square-o <= 0.5) & (middle-left-square-b <= 0.5) & (top-left-square-o > 0.5) & (top-middle-square-o > 0.5),(middle-middle-square-o <= 0.5) & (top-right-square-o > 0.5) & (top-left-square-o > 0.5) & (top-middle-square-o > 0.5),(middle-middle-square-o <= 0.5) & (top-left-square-o > 0.5) & (top-right-square-o > 0.5) & (top-middle-square-o > 0.5),(middle-middle-square-o <= 0.5) & (bottom-left-square-o <= 0.5) & (top-right-square-o > 0.5) & (bottom-right-square-o <= 0.5) & (top-left-square-o > 0.5) & (top-middle-square-o > 0.5),(middle-middle-square-o <= 0.5) & (top-left-square-o > 0.5) & (bottom-left-square-o <= 0.5) & (top-right-square-o > 0.5) & (bottom-middle-square-b <= 0.5) & (middle-left-square-o > 0.5) & (middle-right-square-x > 0.5) & (bottom-middle-square-o <= 0.5) & (middle-middle-square-x > 0.5) & (bottom-right-square-o <= 0.5) & (bottom-right-square-x <= 0.5) & (bottom-left-square-b <= 0.5),,
834,7,4,4,6,7,,,(bottom-right-square-o <= 0.5) & (top-right-square-o > 0.5) & (middle-right-square-x > 0.5) & (bottom-middle-square-o <= 0.5) & (middle-left-square-b <= 0.5) & (top-left-square-o > 0.5) & (top-middle-square-o > 0.5),(middle-middle-square-o <= 0.5) & (top-right-square-o > 0.5) & (top-left-square-o > 0.5) & (top-middle-square-o > 0.5),(middle-middle-square-o <= 0.5) & (top-left-square-o > 0.5) & (top-right-square-o > 0.5) & (top-middle-square-o > 0.5),(middle-middle-square-o <= 0.5) & (bottom-left-square-o <= 0.5) & (top-right-square-o > 0.5) & (bottom-right-square-o <= 0.5) & (top-left-square-o > 0.5) & (top-middle-square-o > 0.5),(middle-middle-square-o <= 0.5) & (top-left-square-o > 0.5) & (bottom-left-square-o <= 0.5) & (top-right-square-o > 0.5) & (bottom-middle-square-b > 0.5) & (bottom-right-square-o <= 0.5) & (bottom-right-square-x > 0.5),,
835,7,4,4,6,11,,,(bottom-right-square-o <= 0.5) & (top-right-square-o > 0.5) & (middle-right-square-x > 0.5) & (bottom-middle-square-o <= 0.5) & (middle-left-square-b <= 0.5) & (top-left-square-o > 0.5) & (top-middle-square-o > 0.5),(middle-middle-square-o <= 0.5) & (top-right-square-o > 0.5) & (top-left-square-o > 0.5) & (top-middle-square-o > 0.5),(middle-middle-square-o <= 0.5) & (top-left-square-o > 0.5) & (top-right-square-o > 0.5) & (top-middle-square-o > 0.5),(middle-middle-square-o <= 0.5) & (bottom-left-square-o <= 0.5) & (top-right-square-o > 0.5) & (bottom-right-square-o <= 0.5) & (top-left-square-o > 0.5) & (top-middle-square-o > 0.5),(middle-middle-square-o <= 0.5) & (top-left-square-o > 0.5) & (bottom-left-square-o <= 0.5) & (top-right-square-o > 0.5) & (bottom-middle-square-b <= 0.5) & (middle-left-square-o > 0.5) & (middle-right-square-x > 0.5) & (bottom-middle-square-o <= 0.5) & (middle-middle-square-x > 0.5) & (bottom-right-square-o <= 0.5) & (bottom-right-square-x > 0.5),,
836,6,4,4,7,11,,,(bottom-right-square-o > 0.5) & (top-right-square-o > 0.5) & (middle-right-square-o <= 0.5) & (bottom-left-square-b <= 0.5) & (top-left-square-o > 0.5) & (top-middle-square-o > 0.5),(middle-middle-square-o <= 0.5) & (top-right-square-o > 0.5) & (top-left-square-o > 0.5) & (top-middle-square-o > 0.5),(middle-middle-square-o <= 0.5) & (top-left-square-o > 0.5) & (top-right-square-o > 0.5) & (top-middle-square-o > 0.5),(middle-middle-square-o <= 0.5) & (bottom-left-square-o <= 0.5) & (top-right-square-o > 0.5) & (bottom-right-square-o > 0.5) & (middle-left-square-b > 0.5) & (top-left-square-o > 0.5) & (top-middle-square-o > 0.5),(middle-middle-square-o <= 0.5) & (top-left-square-o > 0.5) & (bottom-left-square-o <= 0.5) & (top-right-square-o > 0.5) & (bottom-middle-square-b <= 0.5) & (middle-left-square-o <= 0.5) & (middle-middle-square-b <= 0.5) & (bottom-left-square-b <= 0.5) & (middle-left-square-b > 0.5) & (middle-right-square-o <= 0.5) & (middle-right-square-b <= 0.5),,
837,7,4,4,6,11,,,(bottom-right-square-o <= 0.5) & (top-right-square-o > 0.5) & (middle-right-square-x > 0.5) & (bottom-middle-square-o > 0.5) & (bottom-right-square-x > 0.5) & (bottom-left-square-x > 0.5) & (top-left-square-x <= 0.5),(middle-middle-square-o <= 0.5) & (top-right-square-o > 0.5) & (top-left-square-o > 0.5) & (top-middle-square-o > 0.5),(middle-middle-square-o <= 0.5) & (top-left-square-o > 0.5) & (top-right-square-o > 0.5) & (top-middle-square-o > 0.5),(middle-middle-square-o <= 0.5) & (bottom-left-square-o <= 0.5) & (top-right-square-o > 0.5) & (bottom-right-square-o <= 0.5) & (top-left-square-o > 0.5) & (top-middle-square-o > 0.5),(middle-middle-square-o <= 0.5) & (top-left-square-o > 0.5) & (bottom-left-square-o <= 0.5) & (top-right-square-o > 0.5) & (bottom-middle-square-b <= 0.5) & (middle-left-square-o <= 0.5) & (middle-middle-square-b <= 0.5) & (bottom-left-square-b <= 0.5) & (middle-left-square-b > 0.5) & (middle-right-square-o <= 0.5) & (middle-right-square-b <= 0.5),,
838,7,4,4,6,8,,,(bottom-right-square-o <= 0.5) & (top-right-square-o > 0.5) & (middle-right-square-x > 0.5) & (bottom-middle-square-o <= 0.5) & (middle-left-square-b > 0.5) & (bottom-left-square-x > 0.5) & (bottom-right-square-x <= 0.5),(middle-middle-square-o <= 0.5) & (top-right-square-o > 0.5) & (top-left-square-o > 0.5) & (top-middle-square-o > 0.5),(middle-middle-square-o <= 0.5) & (top-left-square-o > 0.5) & (top-right-square-o > 0.5) & (top-middle-square-o > 0.5),(middle-middle-square-o <= 0.5) & (bottom-left-square-o <= 0.5) & (top-right-square-o > 0.5) & (bottom-right-square-o <= 0.5) & (top-left-square-o > 0.5) & (top-middle-square-o > 0.5),(middle-middle-square-o <= 0.5) & (top-left-square-o > 0.5) & (bottom-left-square-o <= 0.5) & (top-right-square-o > 0.5) & (bottom-middle-square-b > 0.5) & (bottom-right-square-o <= 0.5) & (bottom-right-square-x <= 0.5) & (bottom-left-square-x > 0.5),,
839,11,4,4,11,12,,,(bottom-right-square-o <= 0.5) & (top-right-square-o > 0.5) & (middle-right-square-x > 0.5) & (bottom-middle-square-o <= 0.5) & (middle-left-square-b > 0.5) & (bottom-left-square-x <= 0.5) & (bottom-left-square-b <= 0.5) & (top-left-square-b <= 0.5) & (top-middle-square-b <= 0.5) & (bottom-right-square-b <= 0.5) & (bottom-middle-square-x > 0.5),(middle-middle-square-o <= 0.5) & (top-right-square-o > 0.5) & (top-left-square-o > 0.5) & (top-middle-square-o > 0.5),(middle-middle-square-o <= 0.5) & (top-left-square-o > 0.5) & (top-right-square-o > 0.5) & (top-middle-square-o > 0.5),(middle-middle-square-o <= 0.5) & (bottom-left-square-o > 0.5) & (top-left-square-o > 0.5) & (middle-left-square-o <= 0.5) & (top-right-square-b <= 0.5) & (top-middle-square-b <= 0.5) & (bottom-right-square-b <= 0.5) & (bottom-middle-square-b <= 0.5) & (bottom-middle-square-x > 0.5) & (top-middle-square-o > 0.5) & (top-right-square-o > 0.5),(middle-middle-square-o <= 0.5) & (top-left-square-o > 0.5) & (bottom-left-square-o > 0.5) & (middle-left-square-o <= 0.5) & (top-right-square-b <= 0.5) & (bottom-right-square-b <= 0.5) & (bottom-middle-square-b <= 0.5) & (middle-left-square-b > 0.5) & (middle-middle-square-b <= 0.5) & (middle-right-square-x > 0.5) & (bottom-right-square-x > 0.5) & (bottom-middle-square-o <= 0.5),,
840,7,4,4,6,13,,,(bottom-right-square-o <= 0.5) & (top-right-square-o > 0.5) & (middle-right-square-x > 0.5) & (bottom-middle-square-o <= 0.5) & (middle-left-square-b > 0.5) & (bottom-left-square-x <= 0.5) & (bottom-left-square-b > 0.5),(middle-middle-square-o <= 0.5) & (top-right-square-o > 0.5) & (top-left-square-o > 0.5) & (top-middle-square-o > 0.5),(middle-middle-square-o <= 0.5) & (top-left-square-o > 0.5) & (top-right-square-o > 0.5) & (top-middle-square-o > 0.5),(middle-middle-square-o <= 0.5) & (bottom-left-square-o <= 0.5) & (top-right-square-o > 0.5) & (bottom-right-square-o <= 0.5) & (top-left-square-o > 0.5) & (top-middle-square-o > 0.5),(middle-middle-square-o <= 0.5) & (top-left-square-o > 0.5) & (bottom-left-square-o <= 0.5) & (top-right-square-o > 0.5) & (bottom-middle-square-b <= 0.5) & (middle-left-square-o <= 0.5) & (middle-middle-square-b <= 0.5) & (bottom-left-square-b > 0.5) & (bottom-right-square-o <= 0.5) & (bottom-middle-square-o <= 0.5) & (middle-right-square-o <= 0.5) & (bottom-right-square-x <= 0.5) & (middle-right-square-x > 0.5),,
841,7,4,4,6,7,,,(bottom-right-square-o <= 0.5) & (top-right-square-o > 0.5) & (middle-right-square-x > 0.5) & (bottom-middle-square-o <= 0.5) & (middle-left-square-b > 0.5) & (bottom-left-square-x <= 0.5) & (bottom-left-square-b > 0.5),(middle-middle-square-o <= 0.5) & (top-right-square-o > 0.5) & (top-left-square-o > 0.5) & (top-middle-square-o > 0.5),(middle-middle-square-o <= 0.5) & (top-left-square-o > 0.5) & (top-right-square-o > 0.5) & (top-middle-square-o > 0.5),(middle-middle-square-o <= 0.5) & (bottom-left-square-o <= 0.5) & (top-right-square-o > 0.5) & (bottom-right-square-o <= 0.5) & (top-left-square-o > 0.5) & (top-middle-square-o > 0.5),(middle-middle-square-o <= 0.5) & (top-left-square-o > 0.5) & (bottom-left-square-o <= 0.5) & (top-right-square-o > 0.5) & (bottom-middle-square-b > 0.5) & (bottom-right-square-o <= 0.5) & (bottom-right-square-x > 0.5),,
842,6,4,4,6,12,,,(bottom-right-square-o <= 0.5) & (top-right-square-o > 0.5) & (middle-right-square-x <= 0.5) & (bottom-left-square-o <= 0.5) & (top-left-square-o > 0.5) & (top-middle-square-o > 0.5),(middle-middle-square-o <= 0.5) & (top-right-square-o > 0.5) & (top-left-square-o > 0.5) & (top-middle-square-o > 0.5),(middle-middle-square-o <= 0.5) & (top-left-square-o > 0.5) & (top-right-square-o > 0.5) & (top-middle-square-o > 0.5),(middle-middle-square-o <= 0.5) & (bottom-left-square-o <= 0.5) & (top-right-square-o > 0.5) & (bottom-right-square-o <= 0.5) & (top-left-square-o > 0.5) & (top-middle-square-o > 0.5),(middle-middle-square-o <= 0.5) & (top-left-square-o > 0.5) & (bottom-left-square-o <= 0.5) & (top-right-square-o > 0.5) & (bottom-middle-square-b <= 0.5) & (middle-left-square-o <= 0.5) & (middle-middle-square-b <= 0.5) & (bottom-left-square-b <= 0.5) & (middle-left-square-b > 0.5) & (middle-right-square-o <= 0.5) & (middle-right-square-b > 0.5) & (bottom-right-square-b > 0.5),,
843,6,4,4,6,7,,,(bottom-right-square-o <= 0.5) & (top-right-square-o > 0.5) & (middle-right-square-x <= 0.5) & (bottom-left-square-o <= 0.5) & (top-left-square-o > 0.5) & (top-middle-square-o > 0.5),(middle-middle-square-o <= 0.5) & (top-right-square-o > 0.5) & (top-left-square-o > 0.5) & (top-middle-square-o > 0.5),(middle-middle-square-o <= 0.5) & (top-left-square-o > 0.5) & (top-right-square-o > 0.5) & (top-middle-square-o > 0.5),(middle-middle-square-o <= 0.5) & (bottom-left-square-o <= 0.5) & (top-right-square-o > 0.5) & (bottom-right-square-o <= 0.5) & (top-left-square-o > 0.5) & (top-middle-square-o > 0.5),(middle-middle-square-o <= 0.5) & (top-left-square-o > 0.5) & (bottom-left-square-o <= 0.5) & (top-right-square-o > 0.5) & (bottom-middle-square-b > 0.5) & (bottom-right-square-o <= 0.5) & (bottom-right-square-x > 0.5),,
844,6,4,4,6,12,,,(bottom-right-square-o <= 0.5) & (top-right-square-o > 0.5) & (middle-right-square-x <= 0.5) & (bottom-left-square-o <= 0.5) & (top-left-square-o > 0.5) & (top-middle-square-o > 0.5),(middle-middle-square-o <= 0.5) & (top-right-square-o > 0.5) & (top-left-square-o > 0.5) & (top-middle-square-o > 0.5),(middle-middle-square-o <= 0.5) & (top-left-square-o > 0.5) & (top-right-square-o > 0.5) & (top-middle-square-o > 0.5),(middle-middle-square-o <= 0.5) & (bottom-left-square-o <= 0.5) & (top-right-square-o > 0.5) & (bottom-right-square-o <= 0.5) & (top-left-square-o > 0.5) & (top-middle-square-o > 0.5),(middle-middle-square-o <= 0.5) & (top-left-square-o > 0.5) & (bottom-left-square-o <= 0.5) & (top-right-square-o > 0.5) & (bottom-middle-square-b <= 0.5) & (middle-left-square-o <= 0.5) & (middle-middle-square-b <= 0.5) & (bottom-left-square-b > 0.5) & (bottom-right-square-o <= 0.5) & (bottom-middle-square-o <= 0.5) & (middle-right-square-o <= 0.5) & (bottom-right-square-x > 0.5),,
845,7,4,4,6,8,,,(bottom-right-square-o <= 0.5) & (top-right-square-o > 0.5) & (middle-right-square-x > 0.5) & (bottom-middle-square-o <= 0.5) & (middle-left-square-b > 0.5) & (bottom-left-square-x > 0.5) & (bottom-right-square-x <= 0.5),(middle-middle-square-o <= 0.5) & (top-right-square-o > 0.5) & (top-left-square-o > 0.5) & (top-middle-square-o > 0.5),(middle-middle-square-o <= 0.5) & (top-left-square-o > 0.5) & (top-right-square-o > 0.5) & (top-middle-square-o > 0.5),(middle-middle-square-o <= 0.5) & (bottom-left-square-o <= 0.5) & (top-right-square-o > 0.5) & (bottom-right-square-o <= 0.5) & (top-left-square-o > 0.5) & (top-middle-square-o > 0.5),(middle-middle-square-o <= 0.5) & (top-left-square-o > 0.5) & (bottom-left-square-o <= 0.5) & (top-right-square-o > 0.5) & (bottom-middle-square-b <= 0.5) & (middle-left-square-o <= 0.5) & (middle-middle-square-b > 0.5) & (middle-right-square-x > 0.5),,
846,8,4,4,6,7,,,(bottom-right-square-o <= 0.5) & (top-right-square-o > 0.5) & (middle-right-square-x > 0.5) & (bottom-middle-square-o <= 0.5) & (middle-left-square-b > 0.5) & (bottom-left-square-x > 0.5) & (bottom-right-square-x > 0.5) & (bottom-middle-square-x <= 0.5),(middle-middle-square-o <= 0.5) & (top-right-square-o > 0.5) & (top-left-square-o > 0.5) & (top-middle-square-o > 0.5),(middle-middle-square-o <= 0.5) & (top-left-square-o > 0.5) & (top-right-square-o > 0.5) & (top-middle-square-o > 0.5),(middle-middle-square-o <= 0.5) & (bottom-left-square-o <= 0.5) & (top-right-square-o > 0.5) & (bottom-right-square-o <= 0.5) & (top-left-square-o > 0.5) & (top-middle-square-o > 0.5),(middle-middle-square-o <= 0.5) & (top-left-square-o > 0.5) & (bottom-left-square-o <= 0.5) & (top-right-square-o > 0.5) & (bottom-middle-square-b > 0.5) & (bottom-right-square-o <= 0.5) & (bottom-right-square-x > 0.5),,
847,7,4,4,6,8,,,(bottom-right-square-o <= 0.5) & (top-right-square-o > 0.5) & (middle-right-square-x > 0.5) & (bottom-middle-square-o <= 0.5) & (middle-left-square-b > 0.5) & (bottom-left-square-x <= 0.5) & (bottom-left-square-b > 0.5),(middle-middle-square-o <= 0.5) & (top-right-square-o > 0.5) & (top-left-square-o > 0.5) & (top-middle-square-o > 0.5),(middle-middle-square-o <= 0.5) & (top-left-square-o > 0.5) & (top-right-square-o > 0.5) & (top-middle-square-o > 0.5),(middle-middle-square-o <= 0.5) & (bottom-left-square-o <= 0.5) & (top-right-square-o > 0.5) & (bottom-right-square-o <= 0.5) & (top-left-square-o > 0.5) & (top-middle-square-o > 0.5),(middle-middle-square-o <= 0.5) & (top-left-square-o > 0.5) & (bottom-left-square-o <= 0.5) & (top-right-square-o > 0.5) & (bottom-middle-square-b <= 0.5) & (middle-left-square-o <= 0.5) & (middle-middle-square-b > 0.5) & (middle-right-square-x > 0.5),,
848,8,8,3,7,3,,,(bottom-right-square-o > 0.5) & (top-right-square-o <= 0.5) & (middle-right-square-x > 0.5) & (top-middle-square-o > 0.5) & (top-right-square-b > 0.5) & (top-left-square-o > 0.5) & (bottom-middle-square-b <= 0.5) & (bottom-left-square-b <= 0.5),(middle-middle-square-o > 0.5) & (bottom-left-square-x > 0.5) & (top-left-square-x <= 0.5) & (bottom-middle-square-x > 0.5) & (top-middle-square-x <= 0.5) & (top-left-square-b <= 0.5) & (middle-right-square-x > 0.5) & (middle-left-square-x > 0.5),(middle-middle-square-o > 0.5) & (bottom-right-square-x <= 0.5) & (top-left-square-x <= 0.5),(middle-middle-square-o > 0.5) & (top-right-square-x <= 0.5) & (bottom-left-square-x > 0.5) & (top-middle-square-x <= 0.5) & (bottom-middle-square-o <= 0.5) & (top-left-square-o > 0.5) & (bottom-right-square-x <= 0.5),(middle-middle-square-o > 0.5) & (bottom-right-square-x <= 0.5) & (top-left-square-x <= 0.5),,
849,12,5,5,6,7,,,(bottom-right-square-o <= 0.5) & (top-right-square-o <= 0.5) & (middle-left-square-b <= 0.5) & (bottom-middle-square-x <= 0.5) & (top-middle-square-b <= 0.5) & (top-left-square-x <= 0.5) & (middle-right-square-x > 0.5) & (top-right-square-x <= 0.5) & (middle-left-square-o <= 0.5) & (bottom-left-square-x > 0.5) & (top-left-square-o > 0.5) & (bottom-right-square-x > 0.5),(middle-middle-square-o > 0.5) & (bottom-left-square-x > 0.5) & (top-left-square-x <= 0.5) & (bottom-middle-square-x <= 0.5) & (middle-left-square-x > 0.5),(middle-middle-square-o > 0.5) & (bottom-right-square-x > 0.5) & (top-right-square-x <= 0.5) & (bottom-middle-square-x <= 0.5) & (middle-right-square-x > 0.5),(middle-middle-square-o > 0.5) & (top-right-square-x <= 0.5) & (bottom-left-square-x > 0.5) & (top-middle-square-x <= 0.5) & (bottom-middle-square-o > 0.5) & (top-middle-square-b <= 0.5),(middle-middle-square-o > 0.5) & (bottom-right-square-x > 0.5) & (top-right-square-x <= 0.5) & (bottom-left-square-x > 0.5) & (bottom-middle-square-x <= 0.5) & (middle-left-square-x > 0.5) & (top-left-square-x <= 0.5),,
850,8,5,9,4,4,,,(bottom-right-square-o <= 0.5) & (top-right-square-o <= 0.5) & (middle-left-square-b <= 0.5) & (bottom-middle-square-x > 0.5) & (bottom-left-square-x <= 0.5) & (top-left-square-o > 0.5) & (bottom-left-square-o > 0.5) & (middle-left-square-x <= 0.5),(middle-middle-square-o <= 0.5) & (top-right-square-o <= 0.5) & (bottom-left-square-o > 0.5) & (top-left-square-o > 0.5) & (middle-left-square-o > 0.5),(middle-middle-square-o <= 0.5) & (top-left-square-o > 0.5) & (top-right-square-o <= 0.5) & (middle-left-square-o > 0.5) & (top-middle-square-o > 0.5) & (bottom-middle-square-x > 0.5) & (middle-middle-square-x > 0.5) & (middle-right-square-x > 0.5) & (bottom-right-square-o <= 0.5),(middle-middle-square-o <= 0.5) & (bottom-left-square-o > 0.5) & (top-left-square-o > 0.5) & (middle-left-square-o > 0.5),(middle-middle-square-o <= 0.5) & (top-left-square-o > 0.5) & (bottom-left-square-o > 0.5) & (middle-left-square-o > 0.5),,
851,11,5,3,4,3,,,(bottom-right-square-o > 0.5) & (top-right-square-o <= 0.5) & (middle-right-square-x > 0.5) & (top-middle-square-o <= 0.5) & (middle-left-square-b <= 0.5) & (bottom-left-square-o <= 0.5) & (top-left-square-o > 0.5) & (bottom-middle-square-o > 0.5) & (middle-left-square-o <= 0.5) & (bottom-left-square-x > 0.5) & (top-right-square-x > 0.5),(middle-middle-square-o > 0.5) & (bottom-left-square-x > 0.5) & (top-left-square-x <= 0.5) & (bottom-middle-square-x <= 0.5) & (middle-left-square-x > 0.5),(middle-middle-square-o > 0.5) & (bottom-right-square-x <= 0.5) & (top-left-square-x <= 0.5),(middle-middle-square-o > 0.5) & (top-right-square-x > 0.5) & (top-left-square-x <= 0.5) & (bottom-right-square-x <= 0.5),(middle-middle-square-o > 0.5) & (bottom-right-square-x <= 0.5) & (top-left-square-x <= 0.5),,
852,11,9,3,4,3,,,(bottom-right-square-o > 0.5) & (top-right-square-o <= 0.5) & (middle-right-square-x > 0.5) & (top-middle-square-o <= 0.5) & (middle-left-square-b <= 0.5) & (bottom-left-square-o > 0.5) & (bottom-middle-square-o <= 0.5) & (top-left-square-o > 0.5) & (middle-left-square-o <= 0.5) & (top-right-square-b <= 0.5) & (bottom-middle-square-x > 0.5),(middle-middle-square-o > 0.5) & (bottom-left-square-x <= 0.5) & (top-right-square-x > 0.5) & (bottom-middle-square-x > 0.5) & (top-left-square-o > 0.5) & (top-middle-square-x <= 0.5) & (middle-left-square-x > 0.5) & (bottom-left-square-o > 0.5) & (top-middle-square-o <= 0.5),(middle-middle-square-o > 0.5) & (bottom-right-square-x <= 0.5) & (top-left-square-x <= 0.5),(middle-middle-square-o > 0.5) & (top-right-square-x > 0.5) & (top-left-square-x <= 0.5) & (bottom-right-square-x <= 0.5),(middle-middle-square-o > 0.5) & (bottom-right-square-x <= 0.5) & (top-left-square-x <= 0.5),,
853,13,10,3,4,3,,,(bottom-right-square-o > 0.5) & (top-right-square-o <= 0.5) & (middle-right-square-x > 0.5) & (top-middle-square-o <= 0.5) & (middle-left-square-b <= 0.5) & (bottom-left-square-o <= 0.5) & (top-left-square-o > 0.5) & (bottom-middle-square-o <= 0.5) & (top-middle-square-b > 0.5) & (bottom-middle-square-b > 0.5) & (middle-left-square-x > 0.5) & (bottom-left-square-x <= 0.5) & (top-right-square-x > 0.5),(middle-middle-square-o > 0.5) & (bottom-left-square-x <= 0.5) & (top-right-square-x > 0.5) & (bottom-middle-square-x <= 0.5) & (top-middle-square-o <= 0.5) & (top-left-square-o > 0.5) & (middle-left-square-x > 0.5) & (top-middle-square-b > 0.5) & (bottom-middle-square-b > 0.5) & (bottom-left-square-o <= 0.5),(middle-middle-square-o > 0.5) & (bottom-right-square-x <= 0.5) & (top-left-square-x <= 0.5),(middle-middle-square-o > 0.5) & (top-right-square-x > 0.5) & (top-left-square-x <= 0.5) & (bottom-right-square-x <= 0.5),(middle-middle-square-o > 0.5) & (bottom-right-square-x <= 0.5) & (top-left-square-x <= 0.5),,
854,11,10,3,4,3,,,(bottom-right-square-o > 0.5) & (top-right-square-o <= 0.5) & (middle-right-square-x <= 0.5) & (top-left-square-o > 0.5) & (middle-left-square-x > 0.5) & (middle-right-square-o > 0.5) & (top-middle-square-o <= 0.5) & (bottom-left-square-o <= 0.5) & (bottom-middle-square-o <= 0.5) & (bottom-middle-square-x > 0.5) & (top-right-square-x > 0.5),(middle-middle-square-o > 0.5) & (bottom-left-square-x > 0.5) & (top-left-square-x <= 0.5) & (bottom-middle-square-x > 0.5) & (top-middle-square-x <= 0.5) & (top-left-square-b <= 0.5) & (middle-right-square-x <= 0.5) & (middle-left-square-x > 0.5) & (top-right-square-x > 0.5) & (top-middle-square-o <= 0.5),(middle-middle-square-o > 0.5) & (bottom-right-square-x <= 0.5) & (top-left-square-x <= 0.5),(middle-middle-square-o > 0.5) & (top-right-square-x > 0.5) & (top-left-square-x <= 0.5) & (bottom-right-square-x <= 0.5),(middle-middle-square-o > 0.5) & (bottom-right-square-x <= 0.5) & (top-left-square-x <= 0.5),,
855,11,5,3,4,3,,,(bottom-right-square-o > 0.5) & (top-right-square-o <= 0.5) & (middle-right-square-x <= 0.5) & (top-left-square-o > 0.5) & (middle-left-square-x > 0.5) & (middle-right-square-o <= 0.5) & (bottom-left-square-b <= 0.5) & (top-middle-square-x <= 0.5) & (bottom-middle-square-x <= 0.5) & (bottom-middle-square-b > 0.5) & (top-middle-square-b > 0.5),(middle-middle-square-o > 0.5) & (bottom-left-square-x > 0.5) & (top-left-square-x <= 0.5) & (bottom-middle-square-x <= 0.5) & (middle-left-square-x > 0.5),(middle-middle-square-o > 0.5) & (bottom-right-square-x <= 0.5) & (top-left-square-x <= 0.5),(middle-middle-square-o > 0.5) & (top-right-square-x > 0.5) & (top-left-square-x <= 0.5) & (bottom-right-square-x <= 0.5),(middle-middle-square-o > 0.5) & (bottom-right-square-x <= 0.5) & (top-left-square-x <= 0.5),,
856,7,8,3,4,3,,,(bottom-right-square-o > 0.5) & (top-right-square-o <= 0.5) & (middle-right-square-x <= 0.5) & (top-left-square-o > 0.5) & (middle-left-square-x > 0.5) & (middle-right-square-o <= 0.5) & (bottom-left-square-b > 0.5),(middle-middle-square-o > 0.5) & (bottom-left-square-x <= 0.5) & (top-right-square-x > 0.5) & (bottom-middle-square-x > 0.5) & (top-left-square-o > 0.5) & (top-middle-square-x <= 0.5) & (middle-left-square-x > 0.5) & (bottom-left-square-o <= 0.5),(middle-middle-square-o > 0.5) & (bottom-right-square-x <= 0.5) & (top-left-square-x <= 0.5),(middle-middle-square-o > 0.5) & (top-right-square-x > 0.5) & (top-left-square-x <= 0.5) & (bottom-right-square-x <= 0.5),(middle-middle-square-o > 0.5) & (bottom-right-square-x <= 0.5) & (top-left-square-x <= 0.5),,
857,9,5,11,4,4,,,(bottom-right-square-o > 0.5) & (top-right-square-o <= 0.5) & (middle-right-square-x > 0.5) & (top-middle-square-o <= 0.5) & (middle-left-square-b <= 0.5) & (bottom-left-square-o > 0.5) & (bottom-middle-square-o <= 0.5) & (top-left-square-o > 0.5) & (middle-left-square-o > 0.5),(middle-middle-square-o <= 0.5) & (top-right-square-o <= 0.5) & (bottom-left-square-o > 0.5) & (top-left-square-o > 0.5) & (middle-left-square-o > 0.5),(middle-middle-square-o <= 0.5) & (top-left-square-o > 0.5) & (top-right-square-o <= 0.5) & (middle-left-square-o > 0.5) & (top-middle-square-o <= 0.5) & (middle-right-square-o <= 0.5) & (bottom-middle-square-o <= 0.5) & (bottom-right-square-o > 0.5) & (middle-right-square-x > 0.5) & (top-right-square-b <= 0.5) & (bottom-middle-square-b <= 0.5),(middle-middle-square-o <= 0.5) & (bottom-left-square-o > 0.5) & (top-left-square-o > 0.5) & (middle-left-square-o > 0.5),(middle-middle-square-o <= 0.5) & (top-left-square-o > 0.5) & (bottom-left-square-o > 0.5) & (middle-left-square-o > 0.5),,
858,10,5,10,4,4,,,(bottom-right-square-o <= 0.5) & (top-right-square-o <= 0.5) & (middle-left-square-b <= 0.5) & (bottom-middle-square-x <= 0.5) & (top-middle-square-b > 0.5) & (bottom-middle-square-o <= 0.5) & (middle-left-square-x <= 0.5) & (middle-right-square-o <= 0.5) & (bottom-left-square-o > 0.5) & (top-left-square-o > 0.5),(middle-middle-square-o <= 0.5) & (top-right-square-o <= 0.5) & (bottom-left-square-o > 0.5) & (top-left-square-o > 0.5) & (middle-left-square-o > 0.5),(middle-middle-square-o <= 0.5) & (top-left-square-o > 0.5) & (top-right-square-o <= 0.5) & (middle-left-square-o > 0.5) & (top-middle-square-o <= 0.5) & (middle-right-square-o <= 0.5) & (bottom-middle-square-o <= 0.5) & (bottom-right-square-o <= 0.5) & (middle-right-square-b <= 0.5) & (bottom-right-square-x <= 0.5),(middle-middle-square-o <= 0.5) & (bottom-left-square-o > 0.5) & (top-left-square-o > 0.5) & (middle-left-square-o > 0.5),(middle-middle-square-o <= 0.5) & (top-left-square-o > 0.5) & (bottom-left-square-o > 0.5) & (middle-left-square-o > 0.5),,
859,8,5,12,4,4,,,(bottom-right-square-o <= 0.5) & (top-right-square-o <= 0.5) & (middle-left-square-b <= 0.5) & (bottom-middle-square-x > 0.5) & (bottom-left-square-x <= 0.5) & (top-left-square-o > 0.5) & (bottom-left-square-o > 0.5) & (middle-left-square-x <= 0.5),(middle-middle-square-o <= 0.5) & (top-right-square-o <= 0.5) & (bottom-left-square-o > 0.5) & (top-left-square-o > 0.5) & (middle-left-square-o > 0.5),(middle-middle-square-o <= 0.5) & (top-left-square-o > 0.5) & (top-right-square-o <= 0.5) & (middle-left-square-o > 0.5) & (top-middle-square-o <= 0.5) & (middle-right-square-o > 0.5) & (bottom-right-square-x > 0.5) & (top-right-square-b <= 0.5) & (bottom-middle-square-o <= 0.5) & (top-middle-square-x <= 0.5) & (middle-middle-square-x > 0.5) & (bottom-middle-square-b <= 0.5),(middle-middle-square-o <= 0.5) & (bottom-left-square-o > 0.5) & (top-left-square-o > 0.5) & (middle-left-square-o > 0.5),(middle-middle-square-o <= 0.5) & (top-left-square-o > 0.5) & (bottom-left-square-o > 0.5) & (middle-left-square-o > 0.5),,
860,8,5,11,4,4,,,(bottom-right-square-o <= 0.5) & (top-right-square-o <= 0.5) & (middle-left-square-b <= 0.5) & (bottom-middle-square-x > 0.5) & (bottom-left-square-x <= 0.5) & (top-left-square-o > 0.5) & (bottom-left-square-o > 0.5) & (middle-left-square-x <= 0.5),(middle-middle-square-o <= 0.5) & (top-right-square-o <= 0.5) & (bottom-left-square-o > 0.5) & (top-left-square-o > 0.5) & (middle-left-square-o > 0.5),(middle-middle-square-o <= 0.5) & (top-left-square-o > 0.5) & (top-right-square-o <= 0.5) & (middle-left-square-o > 0.5) & (top-middle-square-o <= 0.5) & (middle-right-square-o <= 0.5) & (bottom-middle-square-o <= 0.5) & (bottom-right-square-o <= 0.5) & (middle-right-square-b > 0.5) & (top-right-square-x > 0.5) & (bottom-middle-square-x > 0.5),(middle-middle-square-o <= 0.5) & (bottom-left-square-o > 0.5) & (top-left-square-o > 0.5) & (middle-left-square-o > 0.5),(middle-middle-square-o <= 0.5) & (top-left-square-o > 0.5) & (bottom-left-square-o > 0.5) & (middle-left-square-o > 0.5),,
861,10,5,13,4,4,,,(bottom-right-square-o <= 0.5) & (top-right-square-o <= 0.5) & (middle-left-square-b <= 0.5) & (bottom-middle-square-x <= 0.5) & (top-middle-square-b > 0.5) & (bottom-middle-square-o <= 0.5) & (middle-left-square-x <= 0.5) & (middle-right-square-o <= 0.5) & (bottom-left-square-o > 0.5) & (top-left-square-o > 0.5),(middle-middle-square-o <= 0.5) & (top-right-square-o <= 0.5) & (bottom-left-square-o > 0.5) & (top-left-square-o > 0.5) & (middle-left-square-o > 0.5),(middle-middle-square-o <= 0.5) & (top-left-square-o > 0.5) & (top-right-square-o <= 0.5) & (middle-left-square-o > 0.5) & (top-middle-square-o <= 0.5) & (middle-right-square-o <= 0.5) & (bottom-middle-square-o <= 0.5) & (bottom-right-square-o <= 0.5) & (middle-right-square-b > 0.5) & (top-right-square-x > 0.5) & (bottom-middle-square-x <= 0.5) & (top-middle-square-b > 0.5) & (bottom-right-square-x > 0.5),(middle-middle-square-o <= 0.5) & (bottom-left-square-o > 0.5) & (top-left-square-o > 0.5) & (middle-left-square-o > 0.5),(middle-middle-square-o <= 0.5) & (top-left-square-o > 0.5) & (bottom-left-square-o > 0.5) & (middle-left-square-o > 0.5),,
862,10,11,3,4,3,,,(bottom-right-square-o > 0.5) & (top-right-square-o <= 0.5) & (middle-right-square-x > 0.5) & (top-middle-square-o <= 0.5) & (middle-left-square-b <= 0.5) & (bottom-left-square-o <= 0.5) & (top-left-square-o > 0.5) & (bottom-middle-square-o <= 0.5) & (top-middle-square-b > 0.5) & (bottom-middle-square-b <= 0.5),(middle-middle-square-o > 0.5) & (bottom-left-square-x > 0.5) & (top-left-square-x <= 0.5) & (bottom-middle-square-x > 0.5) & (top-middle-square-x <= 0.5) & (top-left-square-b <= 0.5) & (middle-right-square-x > 0.5) & (middle-left-square-x <= 0.5) & (top-right-square-x > 0.5) & (middle-left-square-o > 0.5) & (top-middle-square-b > 0.5),(middle-middle-square-o > 0.5) & (bottom-right-square-x <= 0.5) & (top-left-square-x <= 0.5),(middle-middle-square-o > 0.5) & (top-right-square-x > 0.5) & (top-left-square-x <= 0.5) & (bottom-right-square-x <= 0.5),(middle-middle-square-o > 0.5) & (bottom-right-square-x <= 0.5) & (top-left-square-x <= 0.5),,
863,8,5,10,4,4,,,(bottom-right-square-o <= 0.5) & (top-right-square-o <= 0.5) & (middle-left-square-b <= 0.5) & (bottom-middle-square-x > 0.5) & (bottom-left-square-x <= 0.5) & (top-left-square-o > 0.5) & (bottom-left-square-o > 0.5) & (middle-left-square-x <= 0.5),(middle-middle-square-o <= 0.5) & (top-right-square-o <= 0.5) & (bottom-left-square-o > 0.5) & (top-left-square-o > 0.5) & (middle-left-square-o > 0.5),(middle-middle-square-o <= 0.5) & (top-left-square-o > 0.5) & (top-right-square-o <= 0.5) & (middle-left-square-o > 0.5) & (top-middle-square-o <= 0.5) & (middle-right-square-o <= 0.5) & (bottom-middle-square-o <= 0.5) & (bottom-right-square-o <= 0.5) & (middle-right-square-b <= 0.5) & (bottom-right-square-x <= 0.5),(middle-middle-square-o <= 0.5) & (bottom-left-square-o > 0.5) & (top-left-square-o > 0.5) & (middle-left-square-o > 0.5),(middle-middle-square-o <= 0.5) & (top-left-square-o > 0.5) & (bottom-left-square-o > 0.5) & (middle-left-square-o > 0.5),,
864,8,5,11,4,4,,,(bottom-right-square-o <= 0.5) & (top-right-square-o <= 0.5) & (middle-left-square-b <= 0.5) & (bottom-middle-square-x > 0.5) & (bottom-left-square-x <= 0.5) & (top-left-square-o > 0.5) & (bottom-left-square-o > 0.5) & (middle-left-square-x <= 0.5),(middle-middle-square-o <= 0.5) & (top-right-square-o <= 0.5) & (bottom-left-square-o > 0.5) & (top-left-square-o > 0.5) & (middle-left-square-o > 0.5),(middle-middle-square-o <= 0.5) & (top-left-square-o > 0.5) & (top-right-square-o <= 0.5) & (middle-left-square-o > 0.5) & (top-middle-square-o <= 0.5) & (middle-right-square-o <= 0.5) & (bottom-middle-square-o <= 0.5) & (bottom-right-square-o <= 0.5) & (middle-right-square-b > 0.5) & (top-right-square-x > 0.5) & (bottom-middle-square-x > 0.5),(middle-middle-square-o <= 0.5) & (bottom-left-square-o > 0.5) & (top-left-square-o > 0.5) & (middle-left-square-o > 0.5),(middle-middle-square-o <= 0.5) & (top-left-square-o > 0.5) & (bottom-left-square-o > 0.5) & (middle-left-square-o > 0.5),,
865,9,11,3,4,3,,,(bottom-right-square-o > 0.5) & (top-right-square-o <= 0.5) & (middle-right-square-x > 0.5) & (top-middle-square-o <= 0.5) & (middle-left-square-b > 0.5) & (top-left-square-x <= 0.5) & (top-left-square-b <= 0.5) & (bottom-left-square-b <= 0.5) & (bottom-middle-square-b > 0.5),(middle-middle-square-o > 0.5) & (bottom-left-square-x > 0.5) & (top-left-square-x <= 0.5) & (bottom-middle-square-x <= 0.5) & (middle-left-square-x <= 0.5) & (middle-right-square-x > 0.5) & (middle-left-square-b > 0.5) & (top-middle-square-x <= 0.5) & (top-left-square-o > 0.5) & (top-middle-square-b > 0.5) & (bottom-middle-square-b > 0.5),(middle-middle-square-o > 0.5) & (bottom-right-square-x <= 0.5) & (top-left-square-x <= 0.5),(middle-middle-square-o > 0.5) & (top-right-square-x > 0.5) & (top-left-square-x <= 0.5) & (bottom-right-square-x <= 0.5),(middle-middle-square-o > 0.5) & (bottom-right-square-x <= 0.5) & (top-left-square-x <= 0.5),,
866,8,10,3,4,3,,,(bottom-right-square-o > 0.5) & (top-right-square-o <= 0.5) & (middle-right-square-x > 0.5) & (top-middle-square-o <= 0.5) & (middle-left-square-b > 0.5) & (top-left-square-x <= 0.5) & (top-left-square-b <= 0.5) & (bottom-left-square-b > 0.5),(middle-middle-square-o > 0.5) & (bottom-left-square-x <= 0.5) & (top-right-square-x > 0.5) & (bottom-middle-square-x > 0.5) & (top-left-square-o > 0.5) & (top-middle-square-x <= 0.5) & (middle-left-square-x <= 0.5) & (top-middle-square-b > 0.5) & (middle-left-square-b > 0.5) & (bottom-left-square-b > 0.5),(middle-middle-square-o > 0.5) & (bottom-right-square-x <= 0.5) & (top-left-square-x <= 0.5),(middle-middle-square-o > 0.5) & (top-right-square-x > 0.5) & (top-left-square-x <= 0.5) & (bottom-right-square-x <= 0.5),(middle-middle-square-o > 0.5) & (bottom-right-square-x <= 0.5) & (top-left-square-x <= 0.5),,
867,13,12,3,4,3,,,(bottom-right-square-o > 0.5) & (top-right-square-o <= 0.5) & (middle-right-square-x <= 0.5) & (top-left-square-o > 0.5) & (middle-left-square-x <= 0.5) & (middle-left-square-b > 0.5) & (middle-right-square-o <= 0.5) & (bottom-middle-square-o <= 0.5) & (top-middle-square-o <= 0.5) & (bottom-left-square-o <= 0.5) & (top-right-square-b <= 0.5) & (top-middle-square-b > 0.5) & (bottom-middle-square-b <= 0.5),(middle-middle-square-o > 0.5) & (bottom-left-square-x > 0.5) & (top-left-square-x <= 0.5) & (bottom-middle-square-x > 0.5) & (top-middle-square-x <= 0.5) & (top-left-square-b <= 0.5) & (middle-right-square-x <= 0.5) & (middle-left-square-x <= 0.5) & (top-middle-square-b > 0.5) & (middle-left-square-o <= 0.5) & (top-right-square-x > 0.5) & (middle-right-square-b > 0.5),(middle-middle-square-o > 0.5) & (bottom-right-square-x <= 0.5) & (top-left-square-x <= 0.5),(middle-middle-square-o > 0.5) & (top-right-square-x > 0.5) & (top-left-square-x <= 0.5) & (bottom-right-square-x <= 0.5),(middle-middle-square-o > 0.5) & (bottom-right-square-x <= 0.5) & (top-left-square-x <= 0.5),,
868,3,12,9,10,10,,,(bottom-right-square-o > 0.5) & (top-right-square-o > 0.5) & (middle-right-square-o > 0.5),(middle-middle-square-o <= 0.5) & (top-right-square-o > 0.5) & (top-left-square-o > 0.5) & (top-middle-square-o <= 0.5) & (bottom-left-square-b <= 0.5) & (middle-right-square-b <= 0.5) & (middle-left-square-o <= 0.5) & (middle-right-square-x <= 0.5) & (middle-left-square-x > 0.5) & (bottom-left-square-o <= 0.5) & (top-middle-square-x <= 0.5) & (middle-middle-square-b <= 0.5),(middle-middle-square-o <= 0.5) & (top-left-square-o > 0.5) & (top-right-square-o > 0.5) & (top-middle-square-o <= 0.5) & (bottom-right-square-b <= 0.5) & (middle-right-square-b <= 0.5) & (middle-left-square-o <= 0.5) & (middle-right-square-x <= 0.5) & (bottom-right-square-x <= 0.5),(middle-middle-square-o <= 0.5) & (bottom-left-square-o <= 0.5) & (top-right-square-o > 0.5) & (bottom-right-square-o > 0.5) & (middle-left-square-b <= 0.5) & (bottom-middle-square-o <= 0.5) & (middle-middle-square-b <= 0.5) & (bottom-left-square-b <= 0.5) & (bottom-middle-square-x > 0.5) & (top-middle-square-x <= 0.5),(middle-middle-square-o <= 0.5) & (top-left-square-o > 0.5) & (bottom-left-square-o <= 0.5) & (top-right-square-o > 0.5) & (bottom-middle-square-b <= 0.5) & (middle-left-square-o <= 0.5) & (middle-middle-square-b <= 0.5) & (bottom-left-square-b <= 0.5) & (middle-left-square-b <= 0.5) & (middle-right-square-x <= 0.5),,
869,11,8,3,7,3,,,(bottom-right-square-o > 0.5) & (top-right-square-o > 0.5) & (middle-right-square-o <= 0.5) & (bottom-left-square-b <= 0.5) & (top-left-square-o > 0.5) & (top-middle-square-o <= 0.5) & (middle-left-square-o <= 0.5) & (bottom-left-square-o <= 0.5) & (bottom-middle-square-o <= 0.5) & (middle-right-square-x > 0.5) & (bottom-middle-square-x > 0.5),(middle-middle-square-o > 0.5) & (bottom-left-square-x > 0.5) & (top-left-square-x <= 0.5) & (bottom-middle-square-x > 0.5) & (top-middle-square-x <= 0.5) & (top-left-square-b <= 0.5) & (middle-right-square-x > 0.5) & (middle-left-square-x > 0.5),(middle-middle-square-o > 0.5) & (bottom-right-square-x <= 0.5) & (top-left-square-x <= 0.5),(middle-middle-square-o > 0.5) & (top-right-square-x <= 0.5) & (bottom-left-square-x > 0.5) & (top-middle-square-x <= 0.5) & (bottom-middle-square-o <= 0.5) & (top-left-square-o > 0.5) & (bottom-right-square-x <= 0.5),(middle-middle-square-o > 0.5) & (bottom-right-square-x <= 0.5) & (top-left-square-x <= 0.5),,
870,11,3,8,3,4,,,(bottom-right-square-o <= 0.5) & (top-right-square-o > 0.5) & (middle-right-square-x > 0.5) & (bottom-middle-square-o <= 0.5) & (middle-left-square-b <= 0.5) & (top-left-square-o > 0.5) & (top-middle-square-o <= 0.5) & (bottom-left-square-o > 0.5) & (middle-left-square-o <= 0.5) & (bottom-right-square-x > 0.5) & (bottom-middle-square-x > 0.5),(middle-middle-square-o > 0.5) & (bottom-left-square-x <= 0.5) & (top-right-square-x <= 0.5),(middle-middle-square-o > 0.5) & (bottom-right-square-x > 0.5) & (top-right-square-x <= 0.5) & (bottom-middle-square-x > 0.5) & (top-middle-square-x <= 0.5) & (top-right-square-b <= 0.5) & (middle-right-square-x > 0.5) & (middle-left-square-x > 0.5),(middle-middle-square-o > 0.5) & (top-right-square-x <= 0.5) & (bottom-left-square-x <= 0.5),(middle-middle-square-o > 0.5) & (bottom-right-square-x > 0.5) & (top-right-square-x <= 0.5) & (bottom-left-square-x <= 0.5),,
871,9,8,12,4,4,,,(bottom-right-square-o <= 0.5) & (top-right-square-o > 0.5) & (middle-right-square-x > 0.5) & (bottom-middle-square-o <= 0.5) & (middle-left-square-b <= 0.5) & (top-left-square-o > 0.5) & (top-middle-square-o <= 0.5) & (bottom-left-square-o > 0.5) & (middle-left-square-o > 0.5),(middle-middle-square-o <= 0.5) & (top-right-square-o > 0.5) & (top-left-square-o > 0.5) & (top-middle-square-o <= 0.5) & (bottom-left-square-b <= 0.5) & (middle-right-square-b <= 0.5) & (middle-left-square-o > 0.5) & (bottom-left-square-o > 0.5),(middle-middle-square-o <= 0.5) & (top-left-square-o > 0.5) & (top-right-square-o > 0.5) & (top-middle-square-o <= 0.5) & (bottom-right-square-b <= 0.5) & (middle-right-square-b <= 0.5) & (middle-left-square-o > 0.5) & (bottom-middle-square-x > 0.5) & (bottom-right-square-x > 0.5) & (middle-right-square-x > 0.5) & (top-middle-square-b > 0.5) & (middle-middle-square-b <= 0.5),(middle-middle-square-o <= 0.5) & (bottom-left-square-o > 0.5) & (top-left-square-o > 0.5) & (middle-left-square-o > 0.5),(middle-middle-square-o <= 0.5) & (top-left-square-o > 0.5) & (bottom-left-square-o > 0.5) & (middle-left-square-o > 0.5),,
872,12,5,3,7,3,,,(bottom-right-square-o > 0.5) & (top-right-square-o <= 0.5) & (middle-right-square-x > 0.5) & (top-middle-square-o <= 0.5) & (middle-left-square-b <= 0.5) & (bottom-left-square-o <= 0.5) & (top-left-square-o > 0.5) & (bottom-middle-square-o <= 0.5) & (top-middle-square-b > 0.5) & (bottom-middle-square-b > 0.5) & (middle-left-square-x > 0.5) & (bottom-left-square-x > 0.5),(middle-middle-square-o > 0.5) & (bottom-left-square-x > 0.5) & (top-left-square-x <= 0.5) & (bottom-middle-square-x <= 0.5) & (middle-left-square-x > 0.5),(middle-middle-square-o > 0.5) & (bottom-right-square-x <= 0.5) & (top-left-square-x <= 0.5),(middle-middle-square-o > 0.5) & (top-right-square-x <= 0.5) & (bottom-left-square-x > 0.5) & (top-middle-square-x <= 0.5) & (bottom-middle-square-o <= 0.5) & (top-left-square-o > 0.5) & (bottom-right-square-x <= 0.5),(middle-middle-square-o > 0.5) & (bottom-right-square-x <= 0.5) & (top-left-square-x <= 0.5),,
873,10,3,3,3,3,,,(bottom-right-square-o > 0.5) & (top-right-square-o <= 0.5) & (middle-right-square-x > 0.5) & (top-middle-square-o <= 0.5) & (middle-left-square-b <= 0.5) & (bottom-left-square-o <= 0.5) & (top-left-square-o > 0.5) & (bottom-middle-square-o <= 0.5) & (top-middle-square-b > 0.5) & (bottom-middle-square-b <= 0.5),(middle-middle-square-o > 0.5) & (bottom-left-square-x <= 0.5) & (top-right-square-x <= 0.5),(middle-middle-square-o > 0.5) & (bottom-right-square-x <= 0.5) & (top-left-square-x <= 0.5),(middle-middle-square-o > 0.5) & (top-right-square-x <= 0.5) & (bottom-left-square-x <= 0.5),(middle-middle-square-o > 0.5) & (bottom-right-square-x <= 0.5) & (top-left-square-x <= 0.5),,
874,9,12,3,7,3,,,(bottom-right-square-o > 0.5) & (top-right-square-o <= 0.5) & (middle-right-square-x <= 0.5) & (top-left-square-o > 0.5) & (middle-left-square-x > 0.5) & (middle-right-square-o <= 0.5) & (bottom-left-square-b <= 0.5) & (top-middle-square-x <= 0.5) & (bottom-middle-square-x > 0.5),(middle-middle-square-o > 0.5) & (bottom-left-square-x > 0.5) & (top-left-square-x <= 0.5) & (bottom-middle-square-x > 0.5) & (top-middle-square-x <= 0.5) & (top-left-square-b <= 0.5) & (middle-right-square-x <= 0.5) & (middle-left-square-x > 0.5) & (top-right-square-x <= 0.5) & (top-middle-square-b > 0.5) & (top-right-square-o <= 0.5) & (middle-right-square-b > 0.5),(middle-middle-square-o > 0.5) & (bottom-right-square-x <= 0.5) & (top-left-square-x <= 0.5),(middle-middle-square-o > 0.5) & (top-right-square-x <= 0.5) & (bottom-left-square-x > 0.5) & (top-middle-square-x <= 0.5) & (bottom-middle-square-o <= 0.5) & (top-left-square-o > 0.5) & (bottom-right-square-x <= 0.5),(middle-middle-square-o > 0.5) & (bottom-right-square-x <= 0.5) & (top-left-square-x <= 0.5),,
875,8,5,10,4,4,,,(bottom-right-square-o <= 0.5) & (top-right-square-o <= 0.5) & (middle-left-square-b <= 0.5) & (bottom-middle-square-x > 0.5) & (bottom-left-square-x <= 0.5) & (top-left-square-o > 0.5) & (bottom-left-square-o > 0.5) & (middle-left-square-x <= 0.5),(middle-middle-square-o <= 0.5) & (top-right-square-o <= 0.5) & (bottom-left-square-o > 0.5) & (top-left-square-o > 0.5) & (middle-left-square-o > 0.5),(middle-middle-square-o <= 0.5) & (top-left-square-o > 0.5) & (top-right-square-o <= 0.5) & (middle-left-square-o > 0.5) & (top-middle-square-o <= 0.5) & (middle-right-square-o <= 0.5) & (bottom-middle-square-o <= 0.5) & (bottom-right-square-o <= 0.5) & (middle-right-square-b <= 0.5) & (bottom-right-square-x <= 0.5),(middle-middle-square-o <= 0.5) & (bottom-left-square-o > 0.5) & (top-left-square-o > 0.5) & (middle-left-square-o > 0.5),(middle-middle-square-o <= 0.5) & (top-left-square-o > 0.5) & (bottom-left-square-o > 0.5) & (middle-left-square-o > 0.5),,
876,10,5,11,4,4,,,(bottom-right-square-o <= 0.5) & (top-right-square-o <= 0.5) & (middle-left-square-b <= 0.5) & (bottom-middle-square-x <= 0.5) & (top-middle-square-b > 0.5) & (bottom-middle-square-o <= 0.5) & (middle-left-square-x <= 0.5) & (middle-right-square-o <= 0.5) & (bottom-left-square-o > 0.5) & (top-left-square-o > 0.5),(middle-middle-square-o <= 0.5) & (top-right-square-o <= 0.5) & (bottom-left-square-o > 0.5) & (top-left-square-o > 0.5) & (middle-left-square-o > 0.5),(middle-middle-square-o <= 0.5) & (top-left-square-o > 0.5) & (top-right-square-o <= 0.5) & (middle-left-square-o > 0.5) & (top-middle-square-o <= 0.5) & (middle-right-square-o <= 0.5) & (bottom-middle-square-o <= 0.5) & (bottom-right-square-o <= 0.5) & (middle-right-square-b <= 0.5) & (bottom-right-square-x > 0.5) & (top-right-square-b > 0.5),(middle-middle-square-o <= 0.5) & (bottom-left-square-o > 0.5) & (top-left-square-o > 0.5) & (middle-left-square-o > 0.5),(middle-middle-square-o <= 0.5) & (top-left-square-o > 0.5) & (bottom-left-square-o > 0.5) & (middle-left-square-o > 0.5),,
877,8,5,13,4,4,,,(bottom-right-square-o <= 0.5) & (top-right-square-o <= 0.5) & (middle-left-square-b <= 0.5) & (bottom-middle-square-x > 0.5) & (bottom-left-square-x <= 0.5) & (top-left-square-o > 0.5) & (bottom-left-square-o > 0.5) & (middle-left-square-x <= 0.5),(middle-middle-square-o <= 0.5) & (top-right-square-o <= 0.5) & (bottom-left-square-o > 0.5) & (top-left-square-o > 0.5) & (middle-left-square-o > 0.5),(middle-middle-square-o <= 0.5) & (top-left-square-o > 0.5) & (top-right-square-o <= 0.5) & (middle-left-square-o > 0.5) & (top-middle-square-o <= 0.5) & (middle-right-square-o <= 0.5) & (bottom-middle-square-o <= 0.5) & (bottom-right-square-o <= 0.5) & (middle-right-square-b > 0.5) & (top-right-square-x <= 0.5) & (bottom-right-square-b <= 0.5) & (top-middle-square-x <= 0.5) & (middle-middle-square-b <= 0.5),(middle-middle-square-o <= 0.5) & (bottom-left-square-o > 0.5) & (top-left-square-o > 0.5) & (middle-left-square-o > 0.5),(middle-middle-square-o <= 0.5) & (top-left-square-o > 0.5) & (bottom-left-square-o > 0.5) & (middle-left-square-o > 0.5),,
878,8,5,11,4,4,,,(bottom-right-square-o <= 0.5) & (top-right-square-o <= 0.5) & (middle-left-square-b <= 0.5) & (bottom-middle-square-x > 0.5) & (bottom-left-square-x <= 0.5) & (top-left-square-o > 0.5) & (bottom-left-square-o > 0.5) & (middle-left-square-x <= 0.5),(middle-middle-square-o <= 0.5) & (top-right-square-o <= 0.5) & (bottom-left-square-o > 0.5) & (top-left-square-o > 0.5) & (middle-left-square-o > 0.5),(middle-middle-square-o <= 0.5) & (top-left-square-o > 0.5) & (top-right-square-o <= 0.5) & (middle-left-square-o > 0.5) & (top-middle-square-o <= 0.5) & (middle-right-square-o <= 0.5) & (bottom-middle-square-o <= 0.5) & (bottom-right-square-o <= 0.5) & (middle-right-square-b <= 0.5) & (bottom-right-square-x > 0.5) & (top-right-square-b > 0.5),(middle-middle-square-o <= 0.5) & (bottom-left-square-o > 0.5) & (top-left-square-o > 0.5) & (middle-left-square-o > 0.5),(middle-middle-square-o <= 0.5) & (top-left-square-o > 0.5) & (bottom-left-square-o > 0.5) & (middle-left-square-o > 0.5),,
879,11,12,3,7,3,,,(bottom-right-square-o > 0.5) & (top-right-square-o <= 0.5) & (middle-right-square-x > 0.5) & (top-middle-square-o <= 0.5) & (middle-left-square-b > 0.5) & (top-left-square-x <= 0.5) & (top-left-square-b <= 0.5) & (bottom-left-square-b <= 0.5) & (bottom-middle-square-b <= 0.5) & (top-middle-square-b > 0.5) & (bottom-middle-square-o <= 0.5),(middle-middle-square-o > 0.5) & (bottom-left-square-x > 0.5) & (top-left-square-x <= 0.5) & (bottom-middle-square-x > 0.5) & (top-middle-square-x <= 0.5) & (top-left-square-b <= 0.5) & (middle-right-square-x > 0.5) & (middle-left-square-x <= 0.5) & (top-right-square-x <= 0.5) & (top-right-square-o <= 0.5) & (top-middle-square-o <= 0.5) & (middle-left-square-o <= 0.5),(middle-middle-square-o > 0.5) & (bottom-right-square-x <= 0.5) & (top-left-square-x <= 0.5),(middle-middle-square-o > 0.5) & (top-right-square-x <= 0.5) & (bottom-left-square-x > 0.5) & (top-middle-square-x <= 0.5) & (bottom-middle-square-o <= 0.5) & (top-left-square-o > 0.5) & (bottom-right-square-x <= 0.5),(middle-middle-square-o > 0.5) & (bottom-right-square-x <= 0.5) & (top-left-square-x <= 0.5),,
880,6,11,10,5,6,,,(bottom-right-square-o > 0.5) & (top-right-square-o <= 0.5) & (middle-right-square-x <= 0.5) & (top-left-square-o <= 0.5) & (bottom-left-square-o > 0.5) & (bottom-middle-square-o > 0.5),(middle-middle-square-o <= 0.5) & (top-right-square-o <= 0.5) & (bottom-left-square-o > 0.5) & (top-left-square-o <= 0.5) & (bottom-middle-square-o > 0.5) & (top-middle-square-o <= 0.5) & (middle-left-square-o <= 0.5) & (middle-right-square-o > 0.5) & (middle-left-square-b <= 0.5) & (middle-middle-square-x > 0.5) & (top-right-square-x > 0.5),(middle-middle-square-o <= 0.5) & (top-left-square-o <= 0.5) & (bottom-right-square-o > 0.5) & (top-right-square-o <= 0.5) & (bottom-middle-square-o > 0.5) & (top-middle-square-o <= 0.5) & (middle-right-square-o > 0.5) & (middle-left-square-x > 0.5) & (middle-middle-square-b <= 0.5) & (top-middle-square-x > 0.5),(middle-middle-square-o <= 0.5) & (bottom-left-square-o > 0.5) & (top-left-square-o <= 0.5) & (bottom-right-square-o > 0.5) & (bottom-middle-square-o > 0.5),(middle-middle-square-o <= 0.5) & (top-left-square-o <= 0.5) & (bottom-right-square-o > 0.5) & (top-right-square-o <= 0.5) & (bottom-left-square-o > 0.5) & (bottom-middle-square-o > 0.5),,
881,7,12,3,4,3,,,(bottom-right-square-o > 0.5) & (top-right-square-o <= 0.5) & (middle-right-square-x > 0.5) & (top-middle-square-o <= 0.5) & (middle-left-square-b <= 0.5) & (bottom-left-square-o > 0.5) & (bottom-middle-square-o > 0.5),(middle-middle-square-o > 0.5) & (bottom-left-square-x <= 0.5) & (top-right-square-x > 0.5) & (bottom-middle-square-x <= 0.5) & (top-middle-square-o <= 0.5) & (top-left-square-o <= 0.5) & (middle-left-square-b <= 0.5) & (middle-right-square-b <= 0.5) & (middle-right-square-x > 0.5) & (middle-left-square-x > 0.5) & (top-left-square-b > 0.5) & (top-middle-square-b <= 0.5),(middle-middle-square-o > 0.5) & (bottom-right-square-x <= 0.5) & (top-left-square-x <= 0.5),(middle-middle-square-o > 0.5) & (top-right-square-x > 0.5) & (top-left-square-x <= 0.5) & (bottom-right-square-x <= 0.5),(middle-middle-square-o > 0.5) & (bottom-right-square-x <= 0.5) & (top-left-square-x <= 0.5),,
882,6,11,11,5,6,,,(bottom-right-square-o > 0.5) & (top-right-square-o <= 0.5) & (middle-right-square-x <= 0.5) & (top-left-square-o <= 0.5) & (bottom-left-square-o > 0.5) & (bottom-middle-square-o > 0.5),(middle-middle-square-o <= 0.5) & (top-right-square-o <= 0.5) & (bottom-left-square-o > 0.5) & (top-left-square-o <= 0.5) & (bottom-middle-square-o > 0.5) & (top-middle-square-o <= 0.5) & (middle-left-square-o <= 0.5) & (middle-right-square-o <= 0.5) & (top-middle-square-x > 0.5) & (top-right-square-x > 0.5) & (top-left-square-b > 0.5),(middle-middle-square-o <= 0.5) & (top-left-square-o <= 0.5) & (bottom-right-square-o > 0.5) & (top-right-square-o <= 0.5) & (bottom-middle-square-o > 0.5) & (top-middle-square-o <= 0.5) & (middle-right-square-o <= 0.5) & (middle-left-square-o <= 0.5) & (top-middle-square-x > 0.5) & (top-right-square-b <= 0.5) & (top-left-square-b > 0.5),(middle-middle-square-o <= 0.5) & (bottom-left-square-o > 0.5) & (top-left-square-o <= 0.5) & (bottom-right-square-o > 0.5) & (bottom-middle-square-o > 0.5),(middle-middle-square-o <= 0.5) & (top-left-square-o <= 0.5) & (bottom-right-square-o > 0.5) & (top-right-square-o <= 0.5) & (bottom-left-square-o > 0.5) & (bottom-middle-square-o > 0.5),,
883,7,10,12,5,6,,,(bottom-right-square-o > 0.5) & (top-right-square-o <= 0.5) & (middle-right-square-x > 0.5) & (top-middle-square-o <= 0.5) & (middle-left-square-b <= 0.5) & (bottom-left-square-o > 0.5) & (bottom-middle-square-o > 0.5),(middle-middle-square-o <= 0.5) & (top-right-square-o <= 0.5) & (bottom-left-square-o > 0.5) & (top-left-square-o <= 0.5) & (bottom-middle-square-o > 0.5) & (top-middle-square-o <= 0.5) & (middle-left-square-o > 0.5) & (middle-right-square-x > 0.5) & (middle-middle-square-b <= 0.5) & (top-middle-square-x > 0.5),(middle-middle-square-o <= 0.5) & (top-left-square-o <= 0.5) & (bottom-right-square-o > 0.5) & (top-right-square-o <= 0.5) & (bottom-middle-square-o > 0.5) & (top-middle-square-o <= 0.5) & (middle-right-square-o <= 0.5) & (middle-left-square-o > 0.5) & (middle-right-square-b <= 0.5) & (middle-middle-square-x > 0.5) & (top-left-square-x <= 0.5) & (top-middle-square-b <= 0.5),(middle-middle-square-o <= 0.5) & (bottom-left-square-o > 0.5) & (top-left-square-o <= 0.5) & (bottom-right-square-o > 0.5) & (bottom-middle-square-o > 0.5),(middle-middle-square-o <= 0.5) & (top-left-square-o <= 0.5) & (bottom-right-square-o > 0.5) & (top-right-square-o <= 0.5) & (bottom-left-square-o > 0.5) & (bottom-middle-square-o > 0.5),,
884,12,7,3,4,3,,,(bottom-right-square-o > 0.5) & (top-right-square-o <= 0.5) & (middle-right-square-x <= 0.5) & (top-left-square-o <= 0.5) & (bottom-left-square-o <= 0.5) & (bottom-middle-square-x > 0.5) & (middle-left-square-o > 0.5) & (bottom-left-square-b <= 0.5) & (top-middle-square-o <= 0.5) & (top-left-square-b > 0.5) & (top-middle-square-b <= 0.5) & (top-right-square-b <= 0.5),(middle-middle-square-o > 0.5) & (bottom-left-square-x > 0.5) & (top-left-square-x <= 0.5) & (bottom-middle-square-x > 0.5) & (top-middle-square-x > 0.5) & (top-right-square-o <= 0.5) & (top-right-square-b <= 0.5),(middle-middle-square-o > 0.5) & (bottom-right-square-x <= 0.5) & (top-left-square-x <= 0.5),(middle-middle-square-o > 0.5) & (top-right-square-x > 0.5) & (top-left-square-x <= 0.5) & (bottom-right-square-x <= 0.5),(middle-middle-square-o > 0.5) & (bottom-right-square-x <= 0.5) & (top-left-square-x <= 0.5),,
885,13,6,7,10,7,,,(bottom-right-square-o <= 0.5) & (top-right-square-o <= 0.5) & (middle-left-square-b <= 0.5) & (bottom-middle-square-x <= 0.5) & (top-middle-square-b <= 0.5) & (top-left-square-x <= 0.5) & (middle-right-square-x <= 0.5) & (bottom-left-square-x > 0.5) & (top-right-square-x > 0.5) & (bottom-right-square-b <= 0.5) & (middle-left-square-x <= 0.5) & (top-middle-square-x > 0.5) & (top-left-square-b > 0.5),(middle-middle-square-o > 0.5) & (bottom-left-square-x > 0.5) & (top-left-square-x <= 0.5) & (bottom-middle-square-x <= 0.5) & (middle-left-square-x <= 0.5) & (middle-right-square-x <= 0.5),(middle-middle-square-o > 0.5) & (bottom-right-square-x > 0.5) & (top-right-square-x > 0.5) & (middle-right-square-x <= 0.5) & (middle-left-square-b <= 0.5) & (middle-right-square-b <= 0.5) & (middle-left-square-o > 0.5),(middle-middle-square-o > 0.5) & (top-right-square-x > 0.5) & (top-left-square-x <= 0.5) & (bottom-right-square-x > 0.5) & (top-middle-square-x > 0.5) & (bottom-middle-square-x <= 0.5) & (bottom-left-square-x > 0.5) & (middle-left-square-x <= 0.5) & (bottom-middle-square-b <= 0.5) & (top-left-square-o <= 0.5),(middle-middle-square-o > 0.5) & (bottom-right-square-x > 0.5) & (top-right-square-x > 0.5) & (middle-right-square-x <= 0.5) & (middle-left-square-b <= 0.5) & (middle-right-square-b <= 0.5) & (middle-left-square-o > 0.5),,
886,14,6,3,4,3,,,(bottom-right-square-o <= 0.5) & (top-right-square-o <= 0.5) & (middle-left-square-b <= 0.5) & (bottom-middle-square-x <= 0.5) & (top-middle-square-b <= 0.5) & (top-left-square-x <= 0.5) & (middle-right-square-x <= 0.5) & (bottom-left-square-x > 0.5) & (top-right-square-x > 0.5) & (bottom-right-square-b > 0.5) & (top-left-square-o <= 0.5) & (middle-left-square-x <= 0.5) & (bottom-middle-square-o <= 0.5) & (middle-right-square-o > 0.5),(middle-middle-square-o > 0.5) & (bottom-left-square-x > 0.5) & (top-left-square-x <= 0.5) & (bottom-middle-square-x <= 0.5) & (middle-left-square-x <= 0.5) & (middle-right-square-x <= 0.5),(middle-middle-square-o > 0.5) & (bottom-right-square-x <= 0.5) & (top-left-square-x <= 0.5),(middle-middle-square-o > 0.5) & (top-right-square-x > 0.5) & (top-left-square-x <= 0.5) & (bottom-right-square-x <= 0.5),(middle-middle-square-o > 0.5) & (bottom-right-square-x <= 0.5) & (top-left-square-x <= 0.5),,
887,11,7,7,6,7,,,(bottom-right-square-o <= 0.5) & (top-right-square-o <= 0.5) & (middle-left-square-b <= 0.5) & (bottom-middle-square-x > 0.5) & (bottom-left-square-x <= 0.5) & (top-left-square-o <= 0.5) & (middle-right-square-o > 0.5) & (bottom-left-square-o > 0.5) & (bottom-right-square-x > 0.5) & (top-right-square-b <= 0.5) & (top-middle-square-o <= 0.5),(middle-middle-square-o > 0.5) & (bottom-left-square-x <= 0.5) & (top-right-square-x > 0.5) & (bottom-middle-square-x > 0.5) & (top-left-square-o <= 0.5) & (middle-right-square-o > 0.5) & (middle-left-square-o > 0.5),(middle-middle-square-o > 0.5) & (bottom-right-square-x > 0.5) & (top-right-square-x > 0.5) & (middle-right-square-x <= 0.5) & (middle-left-square-b <= 0.5) & (middle-right-square-b <= 0.5) & (middle-left-square-o > 0.5),(middle-middle-square-o > 0.5) & (top-right-square-x > 0.5) & (top-left-square-x <= 0.5) & (bottom-right-square-x > 0.5) & (top-middle-square-x > 0.5) & (bottom-middle-square-x > 0.5),(middle-middle-square-o > 0.5) & (bottom-right-square-x > 0.5) & (top-right-square-x > 0.5) & (middle-right-square-x <= 0.5) & (middle-left-square-b <= 0.5) & (middle-right-square-b <= 0.5) & (middle-left-square-o > 0.5),,
888,9,7,3,4,3,,,(bottom-right-square-o <= 0.5) & (top-right-square-o <= 0.5) & (middle-left-square-b <= 0.5) & (bottom-middle-square-x > 0.5) & (bottom-left-square-x <= 0.5) & (top-left-square-o <= 0.5) & (middle-right-square-o > 0.5) & (bottom-left-square-o <= 0.5) & (top-right-square-x > 0.5),(middle-middle-square-o > 0.5) & (bottom-left-square-x <= 0.5) & (top-right-square-x > 0.5) & (bottom-middle-square-x > 0.5) & (top-left-square-o <= 0.5) & (middle-right-square-o > 0.5) & (middle-left-square-o > 0.5),(middle-middle-square-o > 0.5) & (bottom-right-square-x <= 0.5) & (top-left-square-x <= 0.5),(middle-middle-square-o > 0.5) & (top-right-square-x > 0.5) & (top-left-square-x <= 0.5) & (bottom-right-square-x <= 0.5),(middle-middle-square-o > 0.5) & (bottom-right-square-x <= 0.5) & (top-left-square-x <= 0.5),,
889,8,10,7,10,7,,,(bottom-right-square-o <= 0.5) & (top-right-square-o <= 0.5) & (middle-left-square-b <= 0.5) & (bottom-middle-square-x <= 0.5) & (top-middle-square-b <= 0.5) & (top-left-square-x <= 0.5) & (middle-right-square-x <= 0.5) & (bottom-left-square-x <= 0.5),(middle-middle-square-o > 0.5) & (bottom-left-square-x <= 0.5) & (top-right-square-x > 0.5) & (bottom-middle-square-x <= 0.5) & (top-middle-square-o <= 0.5) & (top-left-square-o <= 0.5) & (middle-left-square-b <= 0.5) & (middle-right-square-b <= 0.5) & (middle-right-square-x <= 0.5) & (middle-left-square-o > 0.5),(middle-middle-square-o > 0.5) & (bottom-right-square-x > 0.5) & (top-right-square-x > 0.5) & (middle-right-square-x <= 0.5) & (middle-left-square-b <= 0.5) & (middle-right-square-b <= 0.5) & (middle-left-square-o > 0.5),(middle-middle-square-o > 0.5) & (top-right-square-x > 0.5) & (top-left-square-x <= 0.5) & (bottom-right-square-x > 0.5) & (top-middle-square-x > 0.5) & (bottom-middle-square-x <= 0.5) & (bottom-left-square-x <= 0.5) & (top-left-square-o <= 0.5) & (bottom-middle-square-b > 0.5) & (bottom-left-square-b > 0.5),(middle-middle-square-o > 0.5) & (bottom-right-square-x > 0.5) & (top-right-square-x > 0.5) & (middle-right-square-x <= 0.5) & (middle-left-square-b <= 0.5) & (middle-right-square-b <= 0.5) & (middle-left-square-o > 0.5),,
890,6,11,11,5,6,,,(bottom-right-square-o > 0.5) & (top-right-square-o <= 0.5) & (middle-right-square-x <= 0.5) & (top-left-square-o <= 0.5) & (bottom-left-square-o > 0.5) & (bottom-middle-square-o > 0.5),(middle-middle-square-o <= 0.5) & (top-right-square-o <= 0.5) & (bottom-left-square-o > 0.5) & (top-left-square-o <= 0.5) & (bottom-middle-square-o > 0.5) & (top-middle-square-o <= 0.5) & (middle-left-square-o <= 0.5) & (middle-right-square-o <= 0.5) & (top-middle-square-x > 0.5) & (top-right-square-x > 0.5) & (top-left-square-b > 0.5),(middle-middle-square-o <= 0.5) & (top-left-square-o <= 0.5) & (bottom-right-square-o > 0.5) & (top-right-square-o <= 0.5) & (bottom-middle-square-o > 0.5) & (top-middle-square-o <= 0.5) & (middle-right-square-o <= 0.5) & (middle-left-square-o <= 0.5) & (top-middle-square-x > 0.5) & (top-right-square-b <= 0.5) & (top-left-square-b > 0.5),(middle-middle-square-o <= 0.5) & (bottom-left-square-o > 0.5) & (top-left-square-o <= 0.5) & (bottom-right-square-o > 0.5) & (bottom-middle-square-o > 0.5),(middle-middle-square-o <= 0.5) & (top-left-square-o <= 0.5) & (bottom-right-square-o > 0.5) & (top-right-square-o <= 0.5) & (bottom-left-square-o > 0.5) & (bottom-middle-square-o > 0.5),,
891,7,11,11,5,6,,,(bottom-right-square-o > 0.5) & (top-right-square-o <= 0.5) & (middle-right-square-x > 0.5) & (top-middle-square-o <= 0.5) & (middle-left-square-b > 0.5) & (top-left-square-x <= 0.5) & (top-left-square-b > 0.5),(middle-middle-square-o <= 0.5) & (top-right-square-o <= 0.5) & (bottom-left-square-o > 0.5) & (top-left-square-o <= 0.5) & (bottom-middle-square-o > 0.5) & (top-middle-square-o <= 0.5) & (middle-left-square-o <= 0.5) & (middle-right-square-o <= 0.5) & (top-middle-square-x > 0.5) & (top-right-square-x > 0.5) & (top-left-square-b > 0.5),(middle-middle-square-o <= 0.5) & (top-left-square-o <= 0.5) & (bottom-right-square-o > 0.5) & (top-right-square-o <= 0.5) & (bottom-middle-square-o > 0.5) & (top-middle-square-o <= 0.5) & (middle-right-square-o <= 0.5) & (middle-left-square-o <= 0.5) & (top-middle-square-x > 0.5) & (top-right-square-b <= 0.5) & (top-left-square-b > 0.5),(middle-middle-square-o <= 0.5) & (bottom-left-square-o > 0.5) & (top-left-square-o <= 0.5) & (bottom-right-square-o > 0.5) & (bottom-middle-square-o > 0.5),(middle-middle-square-o <= 0.5) & (top-left-square-o <= 0.5) & (bottom-right-square-o > 0.5) & (top-right-square-o <= 0.5) & (bottom-left-square-o > 0.5) & (bottom-middle-square-o > 0.5),,
892,3,10,5,12,5,,,(bottom-right-square-o > 0.5) & (top-right-square-o > 0.5) & (middle-right-square-o > 0.5),(middle-middle-square-o <= 0.5) & (top-right-square-o > 0.5) & (top-left-square-o <= 0.5) & (middle-right-square-o > 0.5) & (top-middle-square-o <= 0.5) & (middle-left-square-o <= 0.5) & (bottom-middle-square-o > 0.5) & (top-middle-square-x > 0.5) & (middle-middle-square-b <= 0.5) & (bottom-left-square-x > 0.5),(middle-middle-square-o <= 0.5) & (top-left-square-o <= 0.5) & (bottom-right-square-o > 0.5) & (top-right-square-o > 0.5) & (middle-right-square-o > 0.5),(middle-middle-square-o <= 0.5) & (bottom-left-square-o <= 0.5) & (top-right-square-o > 0.5) & (bottom-right-square-o > 0.5) & (middle-left-square-b <= 0.5) & (bottom-middle-square-o > 0.5) & (top-middle-square-x > 0.5) & (middle-left-square-x > 0.5) & (top-left-square-o <= 0.5) & (middle-middle-square-x > 0.5) & (top-left-square-x <= 0.5) & (bottom-left-square-x > 0.5),(middle-middle-square-o <= 0.5) & (top-left-square-o <= 0.5) & (bottom-right-square-o > 0.5) & (top-right-square-o > 0.5) & (middle-right-square-o > 0.5),,
893,3,10,5,13,5,,,(bottom-right-square-o > 0.5) & (top-right-square-o > 0.5) & (middle-right-square-o > 0.5),(middle-middle-square-o <= 0.5) & (top-right-square-o > 0.5) & (top-left-square-o <= 0.5) & (middle-right-square-o > 0.5) & (top-middle-square-o <= 0.5) & (middle-left-square-o <= 0.5) & (bottom-middle-square-o <= 0.5) & (bottom-left-square-o <= 0.5) & (top-middle-square-b <= 0.5) & (bottom-middle-square-b > 0.5),(middle-middle-square-o <= 0.5) & (top-left-square-o <= 0.5) & (bottom-right-square-o > 0.5) & (top-right-square-o > 0.5) & (middle-right-square-o > 0.5),(middle-middle-square-o <= 0.5) & (bottom-left-square-o <= 0.5) & (top-right-square-o > 0.5) & (bottom-right-square-o > 0.5) & (middle-left-square-b <= 0.5) & (bottom-middle-square-o <= 0.5) & (middle-middle-square-b <= 0.5) & (bottom-left-square-b > 0.5) & (top-left-square-o <= 0.5) & (middle-left-square-o <= 0.5) & (top-middle-square-o <= 0.5) & (bottom-middle-square-x <= 0.5) & (top-middle-square-b <= 0.5),(middle-middle-square-o <= 0.5) & (top-left-square-o <= 0.5) & (bottom-right-square-o > 0.5) & (top-right-square-o > 0.5) & (middle-right-square-o > 0.5),,
894,10,3,3,3,3,,,(bottom-right-square-o > 0.5) & (top-right-square-o > 0.5) & (middle-right-square-o <= 0.5) & (bottom-left-square-b <= 0.5) & (top-left-square-o <= 0.5) & (top-middle-square-x > 0.5) & (top-left-square-x <= 0.5) & (middle-right-square-x > 0.5) & (middle-left-square-x > 0.5) & (bottom-middle-square-x > 0.5),(middle-middle-square-o > 0.5) & (bottom-left-square-x <= 0.5) & (top-right-square-x <= 0.5),(middle-middle-square-o > 0.5) & (bottom-right-square-x <= 0.5) & (top-left-square-x <= 0.5),(middle-middle-square-o > 0.5) & (top-right-square-x <= 0.5) & (bottom-left-square-x <= 0.5),(middle-middle-square-o > 0.5) & (bottom-right-square-x <= 0.5) & (top-left-square-x <= 0.5),,
895,9,3,5,3,4,,,(bottom-right-square-o <= 0.5) & (top-right-square-o > 0.5) & (middle-right-square-x > 0.5) & (bottom-middle-square-o > 0.5) & (bottom-right-square-x > 0.5) & (bottom-left-square-x <= 0.5) & (top-left-square-o <= 0.5) & (top-middle-square-x > 0.5) & (middle-left-square-o <= 0.5),(middle-middle-square-o > 0.5) & (bottom-left-square-x <= 0.5) & (top-right-square-x <= 0.5),(middle-middle-square-o > 0.5) & (bottom-right-square-x > 0.5) & (top-right-square-x <= 0.5) & (bottom-middle-square-x <= 0.5) & (middle-right-square-x > 0.5),(middle-middle-square-o > 0.5) & (top-right-square-x <= 0.5) & (bottom-left-square-x <= 0.5),(middle-middle-square-o > 0.5) & (bottom-right-square-x > 0.5) & (top-right-square-x <= 0.5) & (bottom-left-square-x <= 0.5),,
896,11,3,3,3,3,,,(bottom-right-square-o <= 0.5) & (top-right-square-o > 0.5) & (middle-right-square-x > 0.5) & (bottom-middle-square-o <= 0.5) & (middle-left-square-b <= 0.5) & (top-left-square-o <= 0.5) & (bottom-left-square-o > 0.5) & (top-middle-square-o <= 0.5) & (top-middle-square-b <= 0.5) & (bottom-right-square-x <= 0.5) & (middle-left-square-x > 0.5),(middle-middle-square-o > 0.5) & (bottom-left-square-x <= 0.5) & (top-right-square-x <= 0.5),(middle-middle-square-o > 0.5) & (bottom-right-square-x <= 0.5) & (top-left-square-x <= 0.5),(middle-middle-square-o > 0.5) & (top-right-square-x <= 0.5) & (bottom-left-square-x <= 0.5),(middle-middle-square-o > 0.5) & (bottom-right-square-x <= 0.5) & (top-left-square-x <= 0.5),,
897,3,9,3,6,3,,,(bottom-right-square-o > 0.5) & (top-right-square-o > 0.5) & (middle-right-square-o > 0.5),(middle-middle-square-o > 0.5) & (bottom-left-square-x > 0.5) & (top-left-square-x <= 0.5) & (bottom-middle-square-x > 0.5) & (top-middle-square-x > 0.5) & (top-right-square-o > 0.5) & (middle-left-square-x > 0.5) & (middle-right-square-b <= 0.5) & (top-left-square-o <= 0.5),(middle-middle-square-o > 0.5) & (bottom-right-square-x <= 0.5) & (top-left-square-x <= 0.5),(middle-middle-square-o > 0.5) & (top-right-square-x <= 0.5) & (bottom-left-square-x > 0.5) & (top-middle-square-x > 0.5) & (bottom-right-square-o > 0.5) & (top-left-square-x <= 0.5),(middle-middle-square-o > 0.5) & (bottom-right-square-x <= 0.5) & (top-left-square-x <= 0.5),,
898,12,3,8,3,4,,,(bottom-right-square-o <= 0.5) & (top-right-square-o > 0.5) & (middle-right-square-x <= 0.5) & (bottom-left-square-o > 0.5) & (middle-left-square-x > 0.5) & (middle-right-square-o > 0.5) & (top-left-square-o <= 0.5) & (top-middle-square-o <= 0.5) & (bottom-middle-square-o <= 0.5) & (top-middle-square-x > 0.5) & (top-left-square-x <= 0.5) & (bottom-right-square-x > 0.5),(middle-middle-square-o > 0.5) & (bottom-left-square-x <= 0.5) & (top-right-square-x <= 0.5),(middle-middle-square-o > 0.5) & (bottom-right-square-x > 0.5) & (top-right-square-x <= 0.5) & (bottom-middle-square-x > 0.5) & (top-middle-square-x > 0.5) & (top-left-square-o <= 0.5) & (top-left-square-x <= 0.5) & (middle-left-square-x > 0.5),(middle-middle-square-o > 0.5) & (top-right-square-x <= 0.5) & (bottom-left-square-x <= 0.5),(middle-middle-square-o > 0.5) & (bottom-right-square-x > 0.5) & (top-right-square-x <= 0.5) & (bottom-left-square-x <= 0.5),,
899,7,3,3,3,3,,,(bottom-right-square-o <= 0.5) & (top-right-square-o > 0.5) & (middle-right-square-x <= 0.5) & (bottom-left-square-o > 0.5) & (middle-left-square-x > 0.5) & (middle-right-square-o <= 0.5) & (top-left-square-b > 0.5),(middle-middle-square-o > 0.5) & (bottom-left-square-x <= 0.5) & (top-right-square-x <= 0.5),(middle-middle-square-o > 0.5) & (bottom-right-square-x <= 0.5) & (top-left-square-x <= 0.5),(middle-middle-square-o > 0.5) & (top-right-square-x <= 0.5) & (bottom-left-square-x <= 0.5),(middle-middle-square-o > 0.5) & (bottom-right-square-x <= 0.5) & (top-left-square-x <= 0.5),,
900,7,3,8,3,4,,,(bottom-right-square-o <= 0.5) & (top-right-square-o > 0.5) & (middle-right-square-x <= 0.5) & (bottom-left-square-o > 0.5) & (middle-left-square-x > 0.5) & (middle-right-square-o <= 0.5) & (top-left-square-b > 0.5),(middle-middle-square-o > 0.5) & (bottom-left-square-x <= 0.5) & (top-right-square-x <= 0.5),(middle-middle-square-o > 0.5) & (bottom-right-square-x > 0.5) & (top-right-square-x <= 0.5) & (bottom-middle-square-x <= 0.5) & (middle-right-square-x <= 0.5) & (middle-left-square-x > 0.5) & (middle-right-square-b > 0.5) & (top-left-square-b > 0.5),(middle-middle-square-o > 0.5) & (top-right-square-x <= 0.5) & (bottom-left-square-x <= 0.5),(middle-middle-square-o > 0.5) & (bottom-right-square-x > 0.5) & (top-right-square-x <= 0.5) & (bottom-left-square-x <= 0.5),,
901,3,10,5,8,5,,,(bottom-right-square-o > 0.5) & (top-right-square-o > 0.5) & (middle-right-square-o > 0.5),(middle-middle-square-o <= 0.5) & (top-right-square-o > 0.5) & (top-left-square-o <= 0.5) & (middle-right-square-o > 0.5) & (top-middle-square-o <= 0.5) & (middle-left-square-o <= 0.5) & (bottom-middle-square-o <= 0.5) & (bottom-left-square-o <= 0.5) & (top-middle-square-b <= 0.5) & (bottom-middle-square-b > 0.5),(middle-middle-square-o <= 0.5) & (top-left-square-o <= 0.5) & (bottom-right-square-o > 0.5) & (top-right-square-o > 0.5) & (middle-right-square-o > 0.5),(middle-middle-square-o <= 0.5) & (bottom-left-square-o <= 0.5) & (top-right-square-o > 0.5) & (bottom-right-square-o > 0.5) & (middle-left-square-b <= 0.5) & (bottom-middle-square-o <= 0.5) & (middle-middle-square-b > 0.5) & (top-middle-square-x > 0.5),(middle-middle-square-o <= 0.5) & (top-left-square-o <= 0.5) & (bottom-right-square-o > 0.5) & (top-right-square-o > 0.5) & (middle-right-square-o > 0.5),,
902,3,11,5,8,5,,,(bottom-right-square-o > 0.5) & (top-right-square-o > 0.5) & (middle-right-square-o > 0.5),(middle-middle-square-o <= 0.5) & (top-right-square-o > 0.5) & (top-left-square-o <= 0.5) & (middle-right-square-o > 0.5) & (top-middle-square-o <= 0.5) & (middle-left-square-o <= 0.5) & (bottom-middle-square-o <= 0.5) & (bottom-left-square-o <= 0.5) & (top-middle-square-b <= 0.5) & (bottom-middle-square-b <= 0.5) & (middle-middle-square-b > 0.5),(middle-middle-square-o <= 0.5) & (top-left-square-o <= 0.5) & (bottom-right-square-o > 0.5) & (top-right-square-o > 0.5) & (middle-right-square-o > 0.5),(middle-middle-square-o <= 0.5) & (bottom-left-square-o <= 0.5) & (top-right-square-o > 0.5) & (bottom-right-square-o > 0.5) & (middle-left-square-b <= 0.5) & (bottom-middle-square-o <= 0.5) & (middle-middle-square-b > 0.5) & (top-middle-square-x > 0.5),(middle-middle-square-o <= 0.5) & (top-left-square-o <= 0.5) & (bottom-right-square-o > 0.5) & (top-right-square-o > 0.5) & (middle-right-square-o > 0.5),,
903,10,3,10,3,4,,,(bottom-right-square-o <= 0.5) & (top-right-square-o > 0.5) & (middle-right-square-x > 0.5) & (bottom-middle-square-o <= 0.5) & (middle-left-square-b <= 0.5) & (top-left-square-o <= 0.5) & (bottom-left-square-o > 0.5) & (top-middle-square-o <= 0.5) & (top-middle-square-b <= 0.5) & (bottom-right-square-x > 0.5),(middle-middle-square-o > 0.5) & (bottom-left-square-x <= 0.5) & (top-right-square-x <= 0.5),(middle-middle-square-o > 0.5) & (bottom-right-square-x > 0.5) & (top-right-square-x <= 0.5) & (bottom-middle-square-x > 0.5) & (top-middle-square-x > 0.5) & (top-left-square-o <= 0.5) & (top-left-square-x <= 0.5) & (middle-left-square-x <= 0.5) & (top-right-square-o > 0.5) & (middle-right-square-x > 0.5),(middle-middle-square-o > 0.5) & (top-right-square-x <= 0.5) & (bottom-left-square-x <= 0.5),(middle-middle-square-o > 0.5) & (bottom-right-square-x > 0.5) & (top-right-square-x <= 0.5) & (bottom-left-square-x <= 0.5),,
904,3,10,5,7,5,,,(bottom-right-square-o > 0.5) & (top-right-square-o > 0.5) & (middle-right-square-o > 0.5),(middle-middle-square-o <= 0.5) & (top-right-square-o > 0.5) & (top-left-square-o <= 0.5) & (middle-right-square-o > 0.5) & (top-middle-square-o <= 0.5) & (middle-left-square-o <= 0.5) & (bottom-middle-square-o <= 0.5) & (bottom-left-square-o <= 0.5) & (top-middle-square-b <= 0.5) & (bottom-middle-square-b > 0.5),(middle-middle-square-o <= 0.5) & (top-left-square-o <= 0.5) & (bottom-right-square-o > 0.5) & (top-right-square-o > 0.5) & (middle-right-square-o > 0.5),(middle-middle-square-o <= 0.5) & (bottom-left-square-o <= 0.5) & (top-right-square-o > 0.5) & (bottom-right-square-o > 0.5) & (middle-left-square-b > 0.5) & (top-left-square-o <= 0.5) & (bottom-left-square-x > 0.5),(middle-middle-square-o <= 0.5) & (top-left-square-o <= 0.5) & (bottom-right-square-o > 0.5) & (top-right-square-o > 0.5) & (middle-right-square-o > 0.5),,
905,8,3,3,3,3,,,(bottom-right-square-o <= 0.5) & (top-right-square-o > 0.5) & (middle-right-square-x > 0.5) & (bottom-middle-square-o <= 0.5) & (middle-left-square-b > 0.5) & (bottom-left-square-x <= 0.5) & (bottom-left-square-b <= 0.5) & (top-left-square-b > 0.5),(middle-middle-square-o > 0.5) & (bottom-left-square-x <= 0.5) & (top-right-square-x <= 0.5),(middle-middle-square-o > 0.5) & (bottom-right-square-x <= 0.5) & (top-left-square-x <= 0.5),(middle-middle-square-o > 0.5) & (top-right-square-x <= 0.5) & (bottom-left-square-x <= 0.5),(middle-middle-square-o > 0.5) & (bottom-right-square-x <= 0.5) & (top-left-square-x <= 0.5),,
906,8,3,5,3,4,,,(bottom-right-square-o <= 0.5) & (top-right-square-o > 0.5) & (middle-right-square-x > 0.5) & (bottom-middle-square-o <= 0.5) & (middle-left-square-b > 0.5) & (bottom-left-square-x <= 0.5) & (bottom-left-square-b <= 0.5) & (top-left-square-b > 0.5),(middle-middle-square-o > 0.5) & (bottom-left-square-x <= 0.5) & (top-right-square-x <= 0.5),(middle-middle-square-o > 0.5) & (bottom-right-square-x > 0.5) & (top-right-square-x <= 0.5) & (bottom-middle-square-x <= 0.5) & (middle-right-square-x > 0.5),(middle-middle-square-o > 0.5) & (top-right-square-x <= 0.5) & (bottom-left-square-x <= 0.5),(middle-middle-square-o > 0.5) & (bottom-right-square-x > 0.5) & (top-right-square-x <= 0.5) & (bottom-left-square-x <= 0.5),,
907,13,3,12,3,4,,,(bottom-right-square-o <= 0.5) & (top-right-square-o > 0.5) & (middle-right-square-x <= 0.5) & (bottom-left-square-o > 0.5) & (middle-left-square-x <= 0.5) & (middle-left-square-b > 0.5) & (middle-right-square-o <= 0.5) & (bottom-middle-square-o <= 0.5) & (top-middle-square-o <= 0.5) & (top-left-square-o <= 0.5) & (bottom-middle-square-b <= 0.5) & (top-left-square-x <= 0.5) & (bottom-right-square-b <= 0.5),(middle-middle-square-o > 0.5) & (bottom-left-square-x <= 0.5) & (top-right-square-x <= 0.5),(middle-middle-square-o > 0.5) & (bottom-right-square-x > 0.5) & (top-right-square-x <= 0.5) & (bottom-middle-square-x > 0.5) & (top-middle-square-x > 0.5) & (top-left-square-o <= 0.5) & (top-left-square-x <= 0.5) & (middle-left-square-x <= 0.5) & (top-right-square-o > 0.5) & (middle-right-square-x <= 0.5) & (middle-left-square-o <= 0.5) & (middle-right-square-o <= 0.5),(middle-middle-square-o > 0.5) & (top-right-square-x <= 0.5) & (bottom-left-square-x <= 0.5),(middle-middle-square-o > 0.5) & (bottom-right-square-x > 0.5) & (top-right-square-x <= 0.5) & (bottom-left-square-x <= 0.5),,
908,3,11,5,7,5,,,(bottom-right-square-o > 0.5) & (top-right-square-o > 0.5) & (middle-right-square-o > 0.5),(middle-middle-square-o <= 0.5) & (top-right-square-o > 0.5) & (top-left-square-o <= 0.5) & (middle-right-square-o > 0.5) & (top-middle-square-o <= 0.5) & (middle-left-square-o <= 0.5) & (bottom-middle-square-o <= 0.5) & (bottom-left-square-o <= 0.5) & (top-middle-square-b <= 0.5) & (bottom-middle-square-b <= 0.5) & (middle-middle-square-b > 0.5),(middle-middle-square-o <= 0.5) & (top-left-square-o <= 0.5) & (bottom-right-square-o > 0.5) & (top-right-square-o > 0.5) & (middle-right-square-o > 0.5),(middle-middle-square-o <= 0.5) & (bottom-left-square-o <= 0.5) & (top-right-square-o > 0.5) & (bottom-right-square-o > 0.5) & (middle-left-square-b > 0.5) & (top-left-square-o <= 0.5) & (bottom-left-square-x > 0.5),(middle-middle-square-o <= 0.5) & (top-left-square-o <= 0.5) & (bottom-right-square-o > 0.5) & (top-right-square-o > 0.5) & (middle-right-square-o > 0.5),,
909,6,10,10,5,6,,,(bottom-right-square-o > 0.5) & (top-right-square-o <= 0.5) & (middle-right-square-x <= 0.5) & (top-left-square-o <= 0.5) & (bottom-left-square-o > 0.5) & (bottom-middle-square-o > 0.5),(middle-middle-square-o <= 0.5) & (top-right-square-o <= 0.5) & (bottom-left-square-o > 0.5) & (top-left-square-o <= 0.5) & (bottom-middle-square-o > 0.5) & (top-middle-square-o <= 0.5) & (middle-left-square-o <= 0.5) & (middle-right-square-o <= 0.5) & (top-middle-square-x > 0.5) & (top-right-square-x <= 0.5),(middle-middle-square-o <= 0.5) & (top-left-square-o <= 0.5) & (bottom-right-square-o > 0.5) & (top-right-square-o <= 0.5) & (bottom-middle-square-o > 0.5) & (top-middle-square-o <= 0.5) & (middle-right-square-o <= 0.5) & (middle-left-square-o <= 0.5) & (top-middle-square-x > 0.5) & (top-right-square-b > 0.5),(middle-middle-square-o <= 0.5) & (bottom-left-square-o > 0.5) & (top-left-square-o <= 0.5) & (bottom-right-square-o > 0.5) & (bottom-middle-square-o > 0.5),(middle-middle-square-o <= 0.5) & (top-left-square-o <= 0.5) & (bottom-right-square-o > 0.5) & (top-right-square-o <= 0.5) & (bottom-left-square-o > 0.5) & (bottom-middle-square-o > 0.5),,
910,7,10,10,5,6,,,(bottom-right-square-o > 0.5) & (top-right-square-o <= 0.5) & (middle-right-square-x > 0.5) & (top-middle-square-o <= 0.5) & (middle-left-square-b <= 0.5) & (bottom-left-square-o > 0.5) & (bottom-middle-square-o > 0.5),(middle-middle-square-o <= 0.5) & (top-right-square-o <= 0.5) & (bottom-left-square-o > 0.5) & (top-left-square-o <= 0.5) & (bottom-middle-square-o > 0.5) & (top-middle-square-o <= 0.5) & (middle-left-square-o <= 0.5) & (middle-right-square-o <= 0.5) & (top-middle-square-x > 0.5) & (top-right-square-x <= 0.5),(middle-middle-square-o <= 0.5) & (top-left-square-o <= 0.5) & (bottom-right-square-o > 0.5) & (top-right-square-o <= 0.5) & (bottom-middle-square-o > 0.5) & (top-middle-square-o <= 0.5) & (middle-right-square-o <= 0.5) & (middle-left-square-o <= 0.5) & (top-middle-square-x > 0.5) & (top-right-square-b > 0.5),(middle-middle-square-o <= 0.5) & (bottom-left-square-o > 0.5) & (top-left-square-o <= 0.5) & (bottom-right-square-o > 0.5) & (bottom-middle-square-o > 0.5),(middle-middle-square-o <= 0.5) & (top-left-square-o <= 0.5) & (bottom-right-square-o > 0.5) & (top-right-square-o <= 0.5) & (bottom-left-square-o > 0.5) & (bottom-middle-square-o > 0.5),,
911,8,8,3,9,3,,,(bottom-right-square-o <= 0.5) & (top-right-square-o <= 0.5) & (middle-left-square-b <= 0.5) & (bottom-middle-square-x > 0.5) & (bottom-left-square-x > 0.5) & (bottom-right-square-b > 0.5) & (top-middle-square-o <= 0.5) & (top-left-square-o <= 0.5),(middle-middle-square-o > 0.5) & (bottom-left-square-x > 0.5) & (top-left-square-x <= 0.5) & (bottom-middle-square-x > 0.5) & (top-middle-square-x > 0.5) & (top-right-square-o <= 0.5) & (top-right-square-b > 0.5) & (top-left-square-b > 0.5),(middle-middle-square-o > 0.5) & (bottom-right-square-x <= 0.5) & (top-left-square-x <= 0.5),(middle-middle-square-o > 0.5) & (top-right-square-x <= 0.5) & (bottom-left-square-x > 0.5) & (top-middle-square-x > 0.5) & (bottom-right-square-o <= 0.5) & (middle-left-square-o > 0.5) & (top-left-square-o <= 0.5) & (top-left-square-x <= 0.5) & (top-right-square-b > 0.5),(middle-middle-square-o > 0.5) & (bottom-right-square-x <= 0.5) & (top-left-square-x <= 0.5),,
912,9,6,6,9,6,,,(bottom-right-square-o <= 0.5) & (top-right-square-o <= 0.5) & (middle-left-square-b <= 0.5) & (bottom-middle-square-x <= 0.5) & (top-middle-square-b <= 0.5) & (top-left-square-x <= 0.5) & (middle-right-square-x <= 0.5) & (bottom-left-square-x > 0.5) & (top-right-square-x <= 0.5),(middle-middle-square-o > 0.5) & (bottom-left-square-x > 0.5) & (top-left-square-x <= 0.5) & (bottom-middle-square-x <= 0.5) & (middle-left-square-x <= 0.5) & (middle-right-square-x <= 0.5),(middle-middle-square-o > 0.5) & (bottom-right-square-x > 0.5) & (top-right-square-x <= 0.5) & (bottom-middle-square-x <= 0.5) & (middle-right-square-x <= 0.5) & (middle-left-square-x <= 0.5),(middle-middle-square-o > 0.5) & (top-right-square-x <= 0.5) & (bottom-left-square-x > 0.5) & (top-middle-square-x > 0.5) & (bottom-right-square-o <= 0.5) & (middle-left-square-o > 0.5) & (top-left-square-o <= 0.5) & (top-left-square-x <= 0.5) & (top-right-square-b > 0.5),(middle-middle-square-o > 0.5) & (bottom-right-square-x > 0.5) & (top-right-square-x <= 0.5) & (bottom-left-square-x > 0.5) & (bottom-middle-square-x <= 0.5) & (middle-left-square-x <= 0.5),,
913,12,3,9,3,4,,,(bottom-right-square-o <= 0.5) & (top-right-square-o <= 0.5) & (middle-left-square-b <= 0.5) & (bottom-middle-square-x > 0.5) & (bottom-left-square-x <= 0.5) & (top-left-square-o <= 0.5) & (middle-right-square-o > 0.5) & (bottom-left-square-o <= 0.5) & (top-right-square-x <= 0.5) & (top-middle-square-o <= 0.5) & (top-left-square-x <= 0.5) & (bottom-right-square-x > 0.5),(middle-middle-square-o > 0.5) & (bottom-left-square-x <= 0.5) & (top-right-square-x <= 0.5),(middle-middle-square-o > 0.5) & (bottom-right-square-x > 0.5) & (top-right-square-x <= 0.5) & (bottom-middle-square-x > 0.5) & (top-middle-square-x > 0.5) & (top-left-square-o <= 0.5) & (top-left-square-x <= 0.5) & (middle-left-square-x <= 0.5) & (top-right-square-o <= 0.5),(middle-middle-square-o > 0.5) & (top-right-square-x <= 0.5) & (bottom-left-square-x <= 0.5),(middle-middle-square-o > 0.5) & (bottom-right-square-x > 0.5) & (top-right-square-x <= 0.5) & (bottom-left-square-x <= 0.5),,
914,7,10,10,5,6,,,(bottom-right-square-o > 0.5) & (top-right-square-o <= 0.5) & (middle-right-square-x > 0.5) & (top-middle-square-o <= 0.5) & (middle-left-square-b > 0.5) & (top-left-square-x <= 0.5) & (top-left-square-b > 0.5),(middle-middle-square-o <= 0.5) & (top-right-square-o <= 0.5) & (bottom-left-square-o > 0.5) & (top-left-square-o <= 0.5) & (bottom-middle-square-o > 0.5) & (top-middle-square-o <= 0.5) & (middle-left-square-o <= 0.5) & (middle-right-square-o <= 0.5) & (top-middle-square-x > 0.5) & (top-right-square-x <= 0.5),(middle-middle-square-o <= 0.5) & (top-left-square-o <= 0.5) & (bottom-right-square-o > 0.5) & (top-right-square-o <= 0.5) & (bottom-middle-square-o > 0.5) & (top-middle-square-o <= 0.5) & (middle-right-square-o <= 0.5) & (middle-left-square-o <= 0.5) & (top-middle-square-x > 0.5) & (top-right-square-b > 0.5),(middle-middle-square-o <= 0.5) & (bottom-left-square-o > 0.5) & (top-left-square-o <= 0.5) & (bottom-right-square-o > 0.5) & (bottom-middle-square-o > 0.5),(middle-middle-square-o <= 0.5) & (top-left-square-o <= 0.5) & (bottom-right-square-o > 0.5) & (top-right-square-o <= 0.5) & (bottom-left-square-o > 0.5) & (bottom-middle-square-o > 0.5),,
915,12,5,3,4,3,,,(bottom-right-square-o > 0.5) & (top-right-square-o <= 0.5) & (middle-right-square-x > 0.5) & (top-middle-square-o > 0.5) & (top-right-square-b <= 0.5) & (top-left-square-x <= 0.5) & (bottom-left-square-o <= 0.5) & (bottom-middle-square-x <= 0.5) & (middle-left-square-x > 0.5) & (bottom-left-square-x > 0.5) & (bottom-middle-square-b <= 0.5) & (top-left-square-o <= 0.5),(middle-middle-square-o > 0.5) & (bottom-left-square-x > 0.5) & (top-left-square-x <= 0.5) & (bottom-middle-square-x <= 0.5) & (middle-left-square-x > 0.5),(middle-middle-square-o > 0.5) & (bottom-right-square-x <= 0.5) & (top-left-square-x <= 0.5),(middle-middle-square-o > 0.5) & (top-right-square-x > 0.5) & (top-left-square-x <= 0.5) & (bottom-right-square-x <= 0.5),(middle-middle-square-o > 0.5) & (bottom-right-square-x <= 0.5) & (top-left-square-x <= 0.5),,
916,14,6,3,4,3,,,(bottom-right-square-o <= 0.5) & (top-right-square-o <= 0.5) & (middle-left-square-b <= 0.5) & (bottom-middle-square-x <= 0.5) & (top-middle-square-b <= 0.5) & (top-left-square-x <= 0.5) & (middle-right-square-x > 0.5) & (top-right-square-x > 0.5) & (bottom-right-square-b > 0.5) & (top-middle-square-o > 0.5) & (middle-left-square-x > 0.5) & (bottom-left-square-o <= 0.5) & (bottom-left-square-b > 0.5) & (top-left-square-o <= 0.5),(middle-middle-square-o > 0.5) & (bottom-left-square-x <= 0.5) & (top-right-square-x > 0.5) & (bottom-middle-square-x <= 0.5) & (top-middle-square-o > 0.5) & (bottom-middle-square-o > 0.5),(middle-middle-square-o > 0.5) & (bottom-right-square-x <= 0.5) & (top-left-square-x <= 0.5),(middle-middle-square-o > 0.5) & (top-right-square-x > 0.5) & (top-left-square-x <= 0.5) & (bottom-right-square-x <= 0.5),(middle-middle-square-o > 0.5) & (bottom-right-square-x <= 0.5) & (top-left-square-x <= 0.5),,
917,12,5,8,7,8,,,(bottom-right-square-o <= 0.5) & (top-right-square-o <= 0.5) & (middle-left-square-b <= 0.5) & (bottom-middle-square-x <= 0.5) & (top-middle-square-b <= 0.5) & (top-left-square-x <= 0.5) & (middle-right-square-x <= 0.5) & (bottom-left-square-x > 0.5) & (top-right-square-x > 0.5) & (bottom-right-square-b <= 0.5) & (middle-left-square-x > 0.5) & (top-left-square-o <= 0.5),(middle-middle-square-o > 0.5) & (bottom-left-square-x > 0.5) & (top-left-square-x <= 0.5) & (bottom-middle-square-x <= 0.5) & (middle-left-square-x > 0.5),(middle-middle-square-o > 0.5) & (bottom-right-square-x > 0.5) & (top-right-square-x > 0.5) & (middle-right-square-x <= 0.5) & (middle-left-square-b <= 0.5) & (middle-right-square-b <= 0.5) & (middle-left-square-o <= 0.5) & (top-left-square-b > 0.5),(middle-middle-square-o > 0.5) & (top-right-square-x > 0.5) & (top-left-square-x <= 0.5) & (bottom-right-square-x > 0.5) & (top-middle-square-x <= 0.5) & (bottom-middle-square-o > 0.5) & (top-middle-square-o > 0.5),(middle-middle-square-o > 0.5) & (bottom-right-square-x > 0.5) & (top-right-square-x > 0.5) & (middle-right-square-x <= 0.5) & (middle-left-square-b <= 0.5) & (middle-right-square-b <= 0.5) & (middle-left-square-o <= 0.5) & (top-left-square-b > 0.5),,
918,13,5,3,4,3,,,(bottom-right-square-o <= 0.5) & (top-right-square-o <= 0.5) & (middle-left-square-b <= 0.5) & (bottom-middle-square-x <= 0.5) & (top-middle-square-b <= 0.5) & (top-left-square-x <= 0.5) & (middle-right-square-x <= 0.5) & (bottom-left-square-x > 0.5) & (top-right-square-x > 0.5) & (bottom-right-square-b > 0.5) & (top-left-square-o <= 0.5) & (middle-left-square-x > 0.5) & (middle-right-square-b > 0.5),(middle-middle-square-o > 0.5) & (bottom-left-square-x > 0.5) & (top-left-square-x <= 0.5) & (bottom-middle-square-x <= 0.5) & (middle-left-square-x > 0.5),(middle-middle-square-o > 0.5) & (bottom-right-square-x <= 0.5) & (top-left-square-x <= 0.5),(middle-middle-square-o > 0.5) & (top-right-square-x > 0.5) & (top-left-square-x <= 0.5) & (bottom-right-square-x <= 0.5),(middle-middle-square-o > 0.5) & (bottom-right-square-x <= 0.5) & (top-left-square-x <= 0.5),,
919,8,6,7,7,7,,,(bottom-right-square-o <= 0.5) & (top-right-square-o <= 0.5) & (middle-left-square-b <= 0.5) & (bottom-middle-square-x <= 0.5) & (top-middle-square-b <= 0.5) & (top-left-square-x <= 0.5) & (middle-right-square-x <= 0.5) & (bottom-left-square-x <= 0.5),(middle-middle-square-o > 0.5) & (bottom-left-square-x <= 0.5) & (top-right-square-x > 0.5) & (bottom-middle-square-x <= 0.5) & (top-middle-square-o > 0.5) & (bottom-middle-square-o > 0.5),(middle-middle-square-o > 0.5) & (bottom-right-square-x > 0.5) & (top-right-square-x > 0.5) & (middle-right-square-x <= 0.5) & (middle-left-square-b <= 0.5) & (middle-right-square-b > 0.5) & (middle-left-square-x > 0.5),(middle-middle-square-o > 0.5) & (top-right-square-x > 0.5) & (top-left-square-x <= 0.5) & (bottom-right-square-x > 0.5) & (top-middle-square-x <= 0.5) & (bottom-middle-square-o > 0.5) & (top-middle-square-o > 0.5),(middle-middle-square-o > 0.5) & (bottom-right-square-x > 0.5) & (top-right-square-x > 0.5) & (middle-right-square-x <= 0.5) & (middle-left-square-b <= 0.5) & (middle-right-square-b > 0.5) & (middle-left-square-x > 0.5),,
920,11,9,3,4,3,,,(bottom-right-square-o <= 0.5) & (top-right-square-o <= 0.5) & (middle-left-square-b > 0.5) & (bottom-middle-square-o > 0.5) & (top-middle-square-o > 0.5) & (bottom-left-square-o <= 0.5) & (top-left-square-o <= 0.5) & (middle-right-square-o <= 0.5) & (top-left-square-x <= 0.5) & (bottom-left-square-x > 0.5) & (middle-right-square-x > 0.5),(middle-middle-square-o > 0.5) & (bottom-left-square-x > 0.5) & (top-left-square-x <= 0.5) & (bottom-middle-square-x <= 0.5) & (middle-left-square-x <= 0.5) & (middle-right-square-x > 0.5) & (middle-left-square-b > 0.5) & (top-middle-square-x <= 0.5) & (top-left-square-o <= 0.5),(middle-middle-square-o > 0.5) & (bottom-right-square-x <= 0.5) & (top-left-square-x <= 0.5),(middle-middle-square-o > 0.5) & (top-right-square-x > 0.5) & (top-left-square-x <= 0.5) & (bottom-right-square-x <= 0.5),(middle-middle-square-o > 0.5) & (bottom-right-square-x <= 0.5) & (top-left-square-x <= 0.5),,
921,12,6,7,7,7,,,(bottom-right-square-o <= 0.5) & (top-right-square-o <= 0.5) & (middle-left-square-b > 0.5) & (bottom-middle-square-o > 0.5) & (top-middle-square-o > 0.5) & (bottom-left-square-o <= 0.5) & (top-left-square-o <= 0.5) & (middle-right-square-o <= 0.5) & (top-left-square-x <= 0.5) & (bottom-left-square-x > 0.5) & (middle-right-square-x <= 0.5) & (bottom-right-square-x > 0.5),(middle-middle-square-o > 0.5) & (bottom-left-square-x > 0.5) & (top-left-square-x <= 0.5) & (bottom-middle-square-x <= 0.5) & (middle-left-square-x <= 0.5) & (middle-right-square-x <= 0.5),(middle-middle-square-o > 0.5) & (bottom-right-square-x > 0.5) & (top-right-square-x > 0.5) & (middle-right-square-x <= 0.5) & (middle-left-square-b > 0.5) & (top-middle-square-o > 0.5) & (bottom-middle-square-o > 0.5),(middle-middle-square-o > 0.5) & (top-right-square-x > 0.5) & (top-left-square-x <= 0.5) & (bottom-right-square-x > 0.5) & (top-middle-square-x <= 0.5) & (bottom-middle-square-o > 0.5) & (top-middle-square-o > 0.5),(middle-middle-square-o > 0.5) & (bottom-right-square-x > 0.5) & (top-right-square-x > 0.5) & (middle-right-square-x <= 0.5) & (middle-left-square-b > 0.5) & (bottom-middle-square-o > 0.5) & (bottom-left-square-x > 0.5),,
922,3,9,5,10,5,,,(bottom-right-square-o > 0.5) & (top-right-square-o > 0.5) & (middle-right-square-o > 0.5),(middle-middle-square-o <= 0.5) & (top-right-square-o > 0.5) & (top-left-square-o <= 0.5) & (middle-right-square-o > 0.5) & (top-middle-square-o > 0.5) & (bottom-middle-square-x > 0.5) & (middle-middle-square-b <= 0.5) & (middle-left-square-x > 0.5) & (bottom-left-square-o <= 0.5),(middle-middle-square-o <= 0.5) & (top-left-square-o <= 0.5) & (bottom-right-square-o > 0.5) & (top-right-square-o > 0.5) & (middle-right-square-o > 0.5),(middle-middle-square-o <= 0.5) & (bottom-left-square-o <= 0.5) & (top-right-square-o > 0.5) & (bottom-right-square-o > 0.5) & (middle-left-square-b <= 0.5) & (bottom-middle-square-o <= 0.5) & (middle-middle-square-b <= 0.5) & (bottom-left-square-b <= 0.5) & (bottom-middle-square-x > 0.5) & (top-middle-square-x <= 0.5),(middle-middle-square-o <= 0.5) & (top-left-square-o <= 0.5) & (bottom-right-square-o > 0.5) & (top-right-square-o > 0.5) & (middle-right-square-o > 0.5),,
923,7,5,5,6,7,,,(bottom-right-square-o <= 0.5) & (top-right-square-o > 0.5) & (middle-right-square-x > 0.5) & (bottom-middle-square-o > 0.5) & (bottom-right-square-x > 0.5) & (bottom-left-square-x > 0.5) & (top-left-square-x <= 0.5),(middle-middle-square-o > 0.5) & (bottom-left-square-x > 0.5) & (top-left-square-x <= 0.5) & (bottom-middle-square-x <= 0.5) & (middle-left-square-x > 0.5),(middle-middle-square-o > 0.5) & (bottom-right-square-x > 0.5) & (top-right-square-x <= 0.5) & (bottom-middle-square-x <= 0.5) & (middle-right-square-x > 0.5),(middle-middle-square-o > 0.5) & (top-right-square-x <= 0.5) & (bottom-left-square-x > 0.5) & (top-middle-square-x <= 0.5) & (bottom-middle-square-o > 0.5) & (top-middle-square-b <= 0.5),(middle-middle-square-o > 0.5) & (bottom-right-square-x > 0.5) & (top-right-square-x <= 0.5) & (bottom-left-square-x > 0.5) & (bottom-middle-square-x <= 0.5) & (middle-left-square-x > 0.5) & (top-left-square-x <= 0.5),,
924,12,3,8,3,4,,,(bottom-right-square-o <= 0.5) & (top-right-square-o > 0.5) & (middle-right-square-x > 0.5) & (bottom-middle-square-o <= 0.5) & (middle-left-square-b <= 0.5) & (top-left-square-o <= 0.5) & (bottom-left-square-o > 0.5) & (top-middle-square-o > 0.5) & (middle-left-square-x > 0.5) & (top-left-square-x <= 0.5) & (bottom-right-square-b <= 0.5) & (bottom-middle-square-x > 0.5),(middle-middle-square-o > 0.5) & (bottom-left-square-x <= 0.5) & (top-right-square-x <= 0.5),(middle-middle-square-o > 0.5) & (bottom-right-square-x > 0.5) & (top-right-square-x <= 0.5) & (bottom-middle-square-x > 0.5) & (top-middle-square-x <= 0.5) & (top-right-square-b <= 0.5) & (middle-right-square-x > 0.5) & (middle-left-square-x > 0.5),(middle-middle-square-o > 0.5) & (top-right-square-x <= 0.5) & (bottom-left-square-x <= 0.5),(middle-middle-square-o > 0.5) & (bottom-right-square-x > 0.5) & (top-right-square-x <= 0.5) & (bottom-left-square-x <= 0.5),,
925,11,5,3,6,3,,,(bottom-right-square-o <= 0.5) & (top-right-square-o <= 0.5) & (middle-left-square-b <= 0.5) & (bottom-middle-square-x <= 0.5) & (top-middle-square-b <= 0.5) & (top-left-square-x <= 0.5) & (middle-right-square-x > 0.5) & (top-right-square-x <= 0.5) & (middle-left-square-o <= 0.5) & (bottom-left-square-x > 0.5) & (top-left-square-o <= 0.5),(middle-middle-square-o > 0.5) & (bottom-left-square-x > 0.5) & (top-left-square-x <= 0.5) & (bottom-middle-square-x <= 0.5) & (middle-left-square-x > 0.5),(middle-middle-square-o > 0.5) & (bottom-right-square-x <= 0.5) & (top-left-square-x <= 0.5),(middle-middle-square-o > 0.5) & (top-right-square-x <= 0.5) & (bottom-left-square-x > 0.5) & (top-middle-square-x <= 0.5) & (bottom-middle-square-o > 0.5) & (top-middle-square-b <= 0.5),(middle-middle-square-o > 0.5) & (bottom-right-square-x <= 0.5) & (top-left-square-x <= 0.5),,
926,13,3,5,3,4,,,(bottom-right-square-o <= 0.5) & (top-right-square-o <= 0.5) & (middle-left-square-b <= 0.5) & (bottom-middle-square-x <= 0.5) & (top-middle-square-b <= 0.5) & (top-left-square-x <= 0.5) & (middle-right-square-x > 0.5) & (top-right-square-x <= 0.5) & (middle-left-square-o <= 0.5) & (bottom-left-square-x <= 0.5) & (bottom-right-square-x > 0.5) & (top-left-square-o <= 0.5) & (bottom-left-square-o <= 0.5),(middle-middle-square-o > 0.5) & (bottom-left-square-x <= 0.5) & (top-right-square-x <= 0.5),(middle-middle-square-o > 0.5) & (bottom-right-square-x > 0.5) & (top-right-square-x <= 0.5) & (bottom-middle-square-x <= 0.5) & (middle-right-square-x > 0.5),(middle-middle-square-o > 0.5) & (top-right-square-x <= 0.5) & (bottom-left-square-x <= 0.5),(middle-middle-square-o > 0.5) & (bottom-right-square-x > 0.5) & (top-right-square-x <= 0.5) & (bottom-left-square-x <= 0.5),,
927,9,5,8,6,7,,,(bottom-right-square-o <= 0.5) & (top-right-square-o <= 0.5) & (middle-left-square-b <= 0.5) & (bottom-middle-square-x <= 0.5) & (top-middle-square-b <= 0.5) & (top-left-square-x <= 0.5) & (middle-right-square-x <= 0.5) & (bottom-left-square-x > 0.5) & (top-right-square-x <= 0.5),(middle-middle-square-o > 0.5) & (bottom-left-square-x > 0.5) & (top-left-square-x <= 0.5) & (bottom-middle-square-x <= 0.5) & (middle-left-square-x > 0.5),(middle-middle-square-o > 0.5) & (bottom-right-square-x > 0.5) & (top-right-square-x <= 0.5) & (bottom-middle-square-x <= 0.5) & (middle-right-square-x <= 0.5) & (middle-left-square-x > 0.5) & (middle-right-square-b > 0.5) & (top-left-square-b > 0.5),(middle-middle-square-o > 0.5) & (top-right-square-x <= 0.5) & (bottom-left-square-x > 0.5) & (top-middle-square-x <= 0.5) & (bottom-middle-square-o > 0.5) & (top-middle-square-b <= 0.5),(middle-middle-square-o > 0.5) & (bottom-right-square-x > 0.5) & (top-right-square-x <= 0.5) & (bottom-left-square-x > 0.5) & (bottom-middle-square-x <= 0.5) & (middle-left-square-x > 0.5) & (top-left-square-x <= 0.5),,
928,11,9,5,6,6,,,(bottom-right-square-o <= 0.5) & (top-right-square-o <= 0.5) & (middle-left-square-b > 0.5) & (bottom-middle-square-o > 0.5) & (top-middle-square-o > 0.5) & (bottom-left-square-o <= 0.5) & (top-left-square-o <= 0.5) & (middle-right-square-o <= 0.5) & (top-left-square-x <= 0.5) & (bottom-left-square-x > 0.5) & (middle-right-square-x > 0.5),(middle-middle-square-o > 0.5) & (bottom-left-square-x > 0.5) & (top-left-square-x <= 0.5) & (bottom-middle-square-x <= 0.5) & (middle-left-square-x <= 0.5) & (middle-right-square-x > 0.5) & (middle-left-square-b > 0.5) & (top-middle-square-x <= 0.5) & (top-left-square-o <= 0.5),(middle-middle-square-o > 0.5) & (bottom-right-square-x > 0.5) & (top-right-square-x <= 0.5) & (bottom-middle-square-x <= 0.5) & (middle-right-square-x > 0.5),(middle-middle-square-o > 0.5) & (top-right-square-x <= 0.5) & (bottom-left-square-x > 0.5) & (top-middle-square-x <= 0.5) & (bottom-middle-square-o > 0.5) & (top-middle-square-b <= 0.5),(middle-middle-square-o > 0.5) & (bottom-right-square-x > 0.5) & (top-right-square-x <= 0.5) & (bottom-left-square-x > 0.5) & (bottom-middle-square-x <= 0.5) & (middle-left-square-x <= 0.5),,
929,6,12,12,5,6,,,(bottom-right-square-o > 0.5) & (top-right-square-o <= 0.5) & (middle-right-square-x <= 0.5) & (top-left-square-o <= 0.5) & (bottom-left-square-o > 0.5) & (bottom-middle-square-o > 0.5),(middle-middle-square-o <= 0.5) & (top-right-square-o <= 0.5) & (bottom-left-square-o > 0.5) & (top-left-square-o <= 0.5) & (bottom-middle-square-o > 0.5) & (top-middle-square-o <= 0.5) & (middle-left-square-o <= 0.5) & (middle-right-square-o <= 0.5) & (top-middle-square-x <= 0.5) & (top-left-square-b > 0.5) & (top-right-square-b <= 0.5) & (middle-left-square-x > 0.5),(middle-middle-square-o <= 0.5) & (top-left-square-o <= 0.5) & (bottom-right-square-o > 0.5) & (top-right-square-o <= 0.5) & (bottom-middle-square-o > 0.5) & (top-middle-square-o <= 0.5) & (middle-right-square-o <= 0.5) & (middle-left-square-o <= 0.5) & (top-middle-square-x <= 0.5) & (top-left-square-x <= 0.5) & (top-right-square-b <= 0.5) & (middle-left-square-b <= 0.5),(middle-middle-square-o <= 0.5) & (bottom-left-square-o > 0.5) & (top-left-square-o <= 0.5) & (bottom-right-square-o > 0.5) & (bottom-middle-square-o > 0.5),(middle-middle-square-o <= 0.5) & (top-left-square-o <= 0.5) & (bottom-right-square-o > 0.5) & (top-right-square-o <= 0.5) & (bottom-left-square-o > 0.5) & (bottom-middle-square-o > 0.5),,
930,7,12,12,5,6,,,(bottom-right-square-o > 0.5) & (top-right-square-o <= 0.5) & (middle-right-square-x > 0.5) & (top-middle-square-o <= 0.5) & (middle-left-square-b <= 0.5) & (bottom-left-square-o > 0.5) & (bottom-middle-square-o > 0.5),(middle-middle-square-o <= 0.5) & (top-right-square-o <= 0.5) & (bottom-left-square-o > 0.5) & (top-left-square-o <= 0.5) & (bottom-middle-square-o > 0.5) & (top-middle-square-o <= 0.5) & (middle-left-square-o <= 0.5) & (middle-right-square-o <= 0.5) & (top-middle-square-x <= 0.5) & (top-left-square-b > 0.5) & (top-right-square-b <= 0.5) & (middle-left-square-x > 0.5),(middle-middle-square-o <= 0.5) & (top-left-square-o <= 0.5) & (bottom-right-square-o > 0.5) & (top-right-square-o <= 0.5) & (bottom-middle-square-o > 0.5) & (top-middle-square-o <= 0.5) & (middle-right-square-o <= 0.5) & (middle-left-square-o <= 0.5) & (top-middle-square-x <= 0.5) & (top-left-square-x <= 0.5) & (top-right-square-b <= 0.5) & (middle-left-square-b <= 0.5),(middle-middle-square-o <= 0.5) & (bottom-left-square-o > 0.5) & (top-left-square-o <= 0.5) & (bottom-right-square-o > 0.5) & (bottom-middle-square-o > 0.5),(middle-middle-square-o <= 0.5) & (top-left-square-o <= 0.5) & (bottom-right-square-o > 0.5) & (top-right-square-o <= 0.5) & (bottom-left-square-o > 0.5) & (bottom-middle-square-o > 0.5),,
931,8,8,3,4,3,,,(bottom-right-square-o <= 0.5) & (top-right-square-o <= 0.5) & (middle-left-square-b <= 0.5) & (bottom-middle-square-x > 0.5) & (bottom-left-square-x > 0.5) & (bottom-right-square-b > 0.5) & (top-middle-square-o <= 0.5) & (top-left-square-o <= 0.5),(middle-middle-square-o > 0.5) & (bottom-left-square-x > 0.5) & (top-left-square-x <= 0.5) & (bottom-middle-square-x > 0.5) & (top-middle-square-x <= 0.5) & (top-left-square-b > 0.5) & (top-right-square-x > 0.5) & (top-middle-square-o <= 0.5),(middle-middle-square-o > 0.5) & (bottom-right-square-x <= 0.5) & (top-left-square-x <= 0.5),(middle-middle-square-o > 0.5) & (top-right-square-x > 0.5) & (top-left-square-x <= 0.5) & (bottom-right-square-x <= 0.5),(middle-middle-square-o > 0.5) & (bottom-right-square-x <= 0.5) & (top-left-square-x <= 0.5),,
932,13,6,7,10,7,,,(bottom-right-square-o <= 0.5) & (top-right-square-o <= 0.5) & (middle-left-square-b <= 0.5) & (bottom-middle-square-x <= 0.5) & (top-middle-square-b > 0.5) & (bottom-middle-square-o <= 0.5) & (middle-left-square-x <= 0.5) & (middle-right-square-o > 0.5) & (top-left-square-o <= 0.5) & (bottom-left-square-o <= 0.5) & (bottom-left-square-x > 0.5) & (top-left-square-x <= 0.5) & (bottom-right-square-x > 0.5),(middle-middle-square-o > 0.5) & (bottom-left-square-x > 0.5) & (top-left-square-x <= 0.5) & (bottom-middle-square-x <= 0.5) & (middle-left-square-x <= 0.5) & (middle-right-square-x <= 0.5),(middle-middle-square-o > 0.5) & (bottom-right-square-x > 0.5) & (top-right-square-x > 0.5) & (middle-right-square-x <= 0.5) & (middle-left-square-b <= 0.5) & (middle-right-square-b <= 0.5) & (middle-left-square-o > 0.5),(middle-middle-square-o > 0.5) & (top-right-square-x > 0.5) & (top-left-square-x <= 0.5) & (bottom-right-square-x > 0.5) & (top-middle-square-x <= 0.5) & (bottom-middle-square-o <= 0.5) & (middle-left-square-o > 0.5) & (top-middle-square-b > 0.5) & (top-left-square-b > 0.5) & (bottom-left-square-x > 0.5),(middle-middle-square-o > 0.5) & (bottom-right-square-x > 0.5) & (top-right-square-x > 0.5) & (middle-right-square-x <= 0.5) & (middle-left-square-b <= 0.5) & (middle-right-square-b <= 0.5) & (middle-left-square-o > 0.5),,
933,9,7,7,12,7,,,(bottom-right-square-o <= 0.5) & (top-right-square-o <= 0.5) & (middle-left-square-b <= 0.5) & (bottom-middle-square-x > 0.5) & (bottom-left-square-x <= 0.5) & (top-left-square-o <= 0.5) & (middle-right-square-o > 0.5) & (bottom-left-square-o <= 0.5) & (top-right-square-x > 0.5),(middle-middle-square-o > 0.5) & (bottom-left-square-x <= 0.5) & (top-right-square-x > 0.5) & (bottom-middle-square-x > 0.5) & (top-left-square-o <= 0.5) & (middle-right-square-o > 0.5) & (middle-left-square-o > 0.5),(middle-middle-square-o > 0.5) & (bottom-right-square-x > 0.5) & (top-right-square-x > 0.5) & (middle-right-square-x <= 0.5) & (middle-left-square-b <= 0.5) & (middle-right-square-b <= 0.5) & (middle-left-square-o > 0.5),(middle-middle-square-o > 0.5) & (top-right-square-x > 0.5) & (top-left-square-x <= 0.5) & (bottom-right-square-x > 0.5) & (top-middle-square-x <= 0.5) & (bottom-middle-square-o <= 0.5) & (middle-left-square-o > 0.5) & (top-middle-square-b > 0.5) & (top-left-square-b > 0.5) & (bottom-left-square-x <= 0.5) & (bottom-left-square-o <= 0.5) & (bottom-middle-square-x > 0.5),(middle-middle-square-o > 0.5) & (bottom-right-square-x > 0.5) & (top-right-square-x > 0.5) & (middle-right-square-x <= 0.5) & (middle-left-square-b <= 0.5) & (middle-right-square-b <= 0.5) & (middle-left-square-o > 0.5),,
934,7,13,13,5,6,,,(bottom-right-square-o > 0.5) & (top-right-square-o <= 0.5) & (middle-right-square-x > 0.5) & (top-middle-square-o <= 0.5) & (middle-left-square-b > 0.5) & (top-left-square-x <= 0.5) & (top-left-square-b > 0.5),(middle-middle-square-o <= 0.5) & (top-right-square-o <= 0.5) & (bottom-left-square-o > 0.5) & (top-left-square-o <= 0.5) & (bottom-middle-square-o > 0.5) & (top-middle-square-o <= 0.5) & (middle-left-square-o <= 0.5) & (middle-right-square-o <= 0.5) & (top-middle-square-x <= 0.5) & (top-left-square-b > 0.5) & (top-right-square-b <= 0.5) & (middle-left-square-x <= 0.5) & (middle-middle-square-x > 0.5),(middle-middle-square-o <= 0.5) & (top-left-square-o <= 0.5) & (bottom-right-square-o > 0.5) & (top-right-square-o <= 0.5) & (bottom-middle-square-o > 0.5) & (top-middle-square-o <= 0.5) & (middle-right-square-o <= 0.5) & (middle-left-square-o <= 0.5) & (top-middle-square-x <= 0.5) & (top-left-square-x <= 0.5) & (top-right-square-b <= 0.5) & (middle-left-square-b > 0.5) & (middle-right-square-b <= 0.5),(middle-middle-square-o <= 0.5) & (bottom-left-square-o > 0.5) & (top-left-square-o <= 0.5) & (bottom-right-square-o > 0.5) & (bottom-middle-square-o > 0.5),(middle-middle-square-o <= 0.5) & (top-left-square-o <= 0.5) & (bottom-right-square-o > 0.5) & (top-right-square-o <= 0.5) & (bottom-left-square-o > 0.5) & (bottom-middle-square-o > 0.5),,
935,3,11,5,11,5,,,(bottom-right-square-o > 0.5) & (top-right-square-o > 0.5) & (middle-right-square-o > 0.5),(middle-middle-square-o <= 0.5) & (top-right-square-o > 0.5) & (top-left-square-o <= 0.5) & (middle-right-square-o > 0.5) & (top-middle-square-o <= 0.5) & (middle-left-square-o <= 0.5) & (bottom-middle-square-o <= 0.5) & (bottom-left-square-o <= 0.5) & (top-middle-square-b > 0.5) & (middle-middle-square-x > 0.5) & (top-left-square-b > 0.5),(middle-middle-square-o <= 0.5) & (top-left-square-o <= 0.5) & (bottom-right-square-o > 0.5) & (top-right-square-o > 0.5) & (middle-right-square-o > 0.5),(middle-middle-square-o <= 0.5) & (bottom-left-square-o <= 0.5) & (top-right-square-o > 0.5) & (bottom-right-square-o > 0.5) & (middle-left-square-b <= 0.5) & (bottom-middle-square-o <= 0.5) & (middle-middle-square-b <= 0.5) & (bottom-left-square-b <= 0.5) & (bottom-middle-square-x <= 0.5) & (top-middle-square-o <= 0.5) & (top-left-square-o <= 0.5),(middle-middle-square-o <= 0.5) & (top-left-square-o <= 0.5) & (bottom-right-square-o > 0.5) & (top-right-square-o > 0.5) & (middle-right-square-o > 0.5),,
936,3,11,5,12,5,,,(bottom-right-square-o > 0.5) & (top-right-square-o > 0.5) & (middle-right-square-o > 0.5),(middle-middle-square-o <= 0.5) & (top-right-square-o > 0.5) & (top-left-square-o <= 0.5) & (middle-right-square-o > 0.5) & (top-middle-square-o <= 0.5) & (middle-left-square-o <= 0.5) & (bottom-middle-square-o <= 0.5) & (bottom-left-square-o <= 0.5) & (top-middle-square-b > 0.5) & (middle-middle-square-x > 0.5) & (top-left-square-b > 0.5),(middle-middle-square-o <= 0.5) & (top-left-square-o <= 0.5) & (bottom-right-square-o > 0.5) & (top-right-square-o > 0.5) & (middle-right-square-o > 0.5),(middle-middle-square-o <= 0.5) & (bottom-left-square-o <= 0.5) & (top-right-square-o > 0.5) & (bottom-right-square-o > 0.5) & (middle-left-square-b <= 0.5) & (bottom-middle-square-o <= 0.5) & (middle-middle-square-b <= 0.5) & (bottom-left-square-b > 0.5) & (top-left-square-o <= 0.5) & (middle-left-square-o <= 0.5) & (top-middle-square-o <= 0.5) & (bottom-middle-square-x > 0.5),(middle-middle-square-o <= 0.5) & (top-left-square-o <= 0.5) & (bottom-right-square-o > 0.5) & (top-right-square-o > 0.5) & (middle-right-square-o > 0.5),,
937,10,3,3,3,3,,,(bottom-right-square-o <= 0.5) & (top-right-square-o > 0.5) & (middle-right-square-x > 0.5) & (bottom-middle-square-o <= 0.5) & (middle-left-square-b <= 0.5) & (top-left-square-o <= 0.5) & (bottom-left-square-o > 0.5) & (top-middle-square-o <= 0.5) & (top-middle-square-b > 0.5) & (bottom-middle-square-x > 0.5),(middle-middle-square-o > 0.5) & (bottom-left-square-x <= 0.5) & (top-right-square-x <= 0.5),(middle-middle-square-o > 0.5) & (bottom-right-square-x <= 0.5) & (top-left-square-x <= 0.5),(middle-middle-square-o > 0.5) & (top-right-square-x <= 0.5) & (bottom-left-square-x <= 0.5),(middle-middle-square-o > 0.5) & (bottom-right-square-x <= 0.5) & (top-left-square-x <= 0.5),,
938,13,3,5,3,4,,,(bottom-right-square-o <= 0.5) & (top-right-square-o > 0.5) & (middle-right-square-x > 0.5) & (bottom-middle-square-o <= 0.5) & (middle-left-square-b <= 0.5) & (top-left-square-o <= 0.5) & (bottom-left-square-o > 0.5) & (top-middle-square-o <= 0.5) & (top-middle-square-b > 0.5) & (bottom-middle-square-x <= 0.5) & (middle-left-square-x > 0.5) & (top-left-square-b > 0.5) & (bottom-right-square-b <= 0.5),(middle-middle-square-o > 0.5) & (bottom-left-square-x <= 0.5) & (top-right-square-x <= 0.5),(middle-middle-square-o > 0.5) & (bottom-right-square-x > 0.5) & (top-right-square-x <= 0.5) & (bottom-middle-square-x <= 0.5) & (middle-right-square-x > 0.5),(middle-middle-square-o > 0.5) & (top-right-square-x <= 0.5) & (bottom-left-square-x <= 0.5),(middle-middle-square-o > 0.5) & (bottom-right-square-x > 0.5) & (top-right-square-x <= 0.5) & (bottom-left-square-x <= 0.5),,
939,7,3,12,3,4,,,(bottom-right-square-o <= 0.5) & (top-right-square-o > 0.5) & (middle-right-square-x <= 0.5) & (bottom-left-square-o > 0.5) & (middle-left-square-x > 0.5) & (middle-right-square-o <= 0.5) & (top-left-square-b > 0.5),(middle-middle-square-o > 0.5) & (bottom-left-square-x <= 0.5) & (top-right-square-x <= 0.5),(middle-middle-square-o > 0.5) & (bottom-right-square-x > 0.5) & (top-right-square-x <= 0.5) & (bottom-middle-square-x > 0.5) & (top-middle-square-x <= 0.5) & (top-right-square-b <= 0.5) & (middle-right-square-x <= 0.5) & (top-left-square-x <= 0.5) & (middle-left-square-x > 0.5) & (top-left-square-b > 0.5) & (middle-right-square-b > 0.5) & (top-middle-square-o <= 0.5),(middle-middle-square-o > 0.5) & (top-right-square-x <= 0.5) & (bottom-left-square-x <= 0.5),(middle-middle-square-o > 0.5) & (bottom-right-square-x > 0.5) & (top-right-square-x <= 0.5) & (bottom-left-square-x <= 0.5),,
940,3,13,5,10,5,,,(bottom-right-square-o > 0.5) & (top-right-square-o > 0.5) & (middle-right-square-o > 0.5),(middle-middle-square-o <= 0.5) & (top-right-square-o > 0.5) & (top-left-square-o <= 0.5) & (middle-right-square-o > 0.5) & (top-middle-square-o <= 0.5) & (middle-left-square-o <= 0.5) & (bottom-middle-square-o <= 0.5) & (bottom-left-square-o <= 0.5) & (top-middle-square-b > 0.5) & (middle-middle-square-x <= 0.5) & (bottom-middle-square-b <= 0.5) & (top-left-square-b > 0.5) & (middle-left-square-b <= 0.5),(middle-middle-square-o <= 0.5) & (top-left-square-o <= 0.5) & (bottom-right-square-o > 0.5) & (top-right-square-o > 0.5) & (middle-right-square-o > 0.5),(middle-middle-square-o <= 0.5) & (bottom-left-square-o <= 0.5) & (top-right-square-o > 0.5) & (bottom-right-square-o > 0.5) & (middle-left-square-b <= 0.5) & (bottom-middle-square-o <= 0.5) & (middle-middle-square-b > 0.5) & (top-middle-square-x <= 0.5) & (bottom-middle-square-x > 0.5) & (top-left-square-x <= 0.5),(middle-middle-square-o <= 0.5) & (top-left-square-o <= 0.5) & (bottom-right-square-o > 0.5) & (top-right-square-o > 0.5) & (middle-right-square-o > 0.5),,
941,3,11,5,7,5,,,(bottom-right-square-o > 0.5) & (top-right-square-o > 0.5) & (middle-right-square-o > 0.5),(middle-middle-square-o <= 0.5) & (top-right-square-o > 0.5) & (top-left-square-o <= 0.5) & (middle-right-square-o > 0.5) & (top-middle-square-o <= 0.5) & (middle-left-square-o <= 0.5) & (bottom-middle-square-o <= 0.5) & (bottom-left-square-o <= 0.5) & (top-middle-square-b > 0.5) & (middle-middle-square-x > 0.5) & (top-left-square-b > 0.5),(middle-middle-square-o <= 0.5) & (top-left-square-o <= 0.5) & (bottom-right-square-o > 0.5) & (top-right-square-o > 0.5) & (middle-right-square-o > 0.5),(middle-middle-square-o <= 0.5) & (bottom-left-square-o <= 0.5) & (top-right-square-o > 0.5) & (bottom-right-square-o > 0.5) & (middle-left-square-b > 0.5) & (top-left-square-o <= 0.5) & (bottom-left-square-x > 0.5),(middle-middle-square-o <= 0.5) & (top-left-square-o <= 0.5) & (bottom-right-square-o > 0.5) & (top-right-square-o > 0.5) & (middle-right-square-o > 0.5),,
942,8,3,12,3,4,,,(bottom-right-square-o <= 0.5) & (top-right-square-o > 0.5) & (middle-right-square-x > 0.5) & (bottom-middle-square-o <= 0.5) & (middle-left-square-b > 0.5) & (bottom-left-square-x <= 0.5) & (bottom-left-square-b <= 0.5) & (top-left-square-b > 0.5),(middle-middle-square-o > 0.5) & (bottom-left-square-x <= 0.5) & (top-right-square-x <= 0.5),(middle-middle-square-o > 0.5) & (bottom-right-square-x > 0.5) & (top-right-square-x <= 0.5) & (bottom-middle-square-x > 0.5) & (top-middle-square-x <= 0.5) & (top-right-square-b <= 0.5) & (middle-right-square-x > 0.5) & (middle-left-square-x <= 0.5) & (top-left-square-x <= 0.5) & (top-left-square-o <= 0.5) & (middle-left-square-o <= 0.5) & (top-middle-square-b > 0.5),(middle-middle-square-o > 0.5) & (top-right-square-x <= 0.5) & (bottom-left-square-x <= 0.5),(middle-middle-square-o > 0.5) & (bottom-right-square-x > 0.5) & (top-right-square-x <= 0.5) & (bottom-left-square-x <= 0.5),,
943,12,10,9,8,8,,,(bottom-right-square-o > 0.5) & (top-right-square-o > 0.5) & (middle-right-square-o <= 0.5) & (bottom-left-square-b <= 0.5) & (top-left-square-o <= 0.5) & (top-middle-square-x > 0.5) & (top-left-square-x > 0.5) & (middle-right-square-b <= 0.5) & (middle-left-square-b <= 0.5) & (bottom-middle-square-b <= 0.5) & (middle-left-square-o > 0.5) & (bottom-left-square-o <= 0.5),(middle-middle-square-o <= 0.5) & (top-right-square-o > 0.5) & (top-left-square-o <= 0.5) & (middle-right-square-o <= 0.5) & (top-middle-square-x > 0.5) & (bottom-middle-square-o > 0.5) & (top-left-square-x > 0.5) & (middle-right-square-x > 0.5) & (middle-left-square-o > 0.5) & (bottom-left-square-x > 0.5),(middle-middle-square-o <= 0.5) & (top-left-square-o <= 0.5) & (bottom-right-square-o > 0.5) & (top-right-square-o > 0.5) & (middle-right-square-o <= 0.5) & (bottom-middle-square-o > 0.5) & (top-middle-square-x > 0.5) & (top-left-square-x > 0.5) & (middle-middle-square-x > 0.5),(middle-middle-square-o <= 0.5) & (bottom-left-square-o <= 0.5) & (top-right-square-o > 0.5) & (bottom-right-square-o > 0.5) & (middle-left-square-b <= 0.5) & (bottom-middle-square-o > 0.5) & (top-middle-square-x > 0.5) & (middle-left-square-x <= 0.5),(middle-middle-square-o <= 0.5) & (top-left-square-o <= 0.5) & (bottom-right-square-o > 0.5) & (top-right-square-o > 0.5) & (middle-right-square-o <= 0.5) & (bottom-middle-square-o > 0.5) & (bottom-left-square-o <= 0.5) & (middle-left-square-x <= 0.5),,
944,12,10,6,7,7,,,(bottom-right-square-o > 0.5) & (top-right-square-o > 0.5) & (middle-right-square-o <= 0.5) & (bottom-left-square-b <= 0.5) & (top-left-square-o <= 0.5) & (top-middle-square-x > 0.5) & (top-left-square-x > 0.5) & (middle-right-square-b <= 0.5) & (middle-left-square-b <= 0.5) & (bottom-middle-square-b <= 0.5) & (middle-left-square-o > 0.5) & (bottom-left-square-o <= 0.5),(middle-middle-square-o > 0.5) & (bottom-left-square-x > 0.5) & (top-left-square-x > 0.5) & (middle-left-square-x <= 0.5) & (middle-right-square-b <= 0.5) & (middle-left-square-b <= 0.5) & (middle-right-square-o <= 0.5) & (top-right-square-b <= 0.5) & (top-right-square-o > 0.5) & (top-middle-square-o <= 0.5),(middle-middle-square-o > 0.5) & (bottom-right-square-x <= 0.5) & (top-left-square-x > 0.5) & (bottom-middle-square-x > 0.5) & (top-right-square-o > 0.5) & (top-middle-square-x > 0.5),(middle-middle-square-o > 0.5) & (top-right-square-x <= 0.5) & (bottom-left-square-x > 0.5) & (top-middle-square-x > 0.5) & (bottom-right-square-o > 0.5) & (top-left-square-x > 0.5) & (middle-left-square-x <= 0.5),(middle-middle-square-o > 0.5) & (bottom-right-square-x <= 0.5) & (top-left-square-x > 0.5) & (bottom-middle-square-x > 0.5) & (top-right-square-o > 0.5) & (bottom-left-square-x > 0.5) & (middle-left-square-x <= 0.5),,
945,8,10,5,8,6,,,(bottom-right-square-o <= 0.5) & (top-right-square-o > 0.5) & (middle-right-square-x > 0.5) & (bottom-middle-square-o > 0.5) & (bottom-right-square-x > 0.5) & (bottom-left-square-x > 0.5) & (top-left-square-x > 0.5) & (top-middle-square-x > 0.5),(middle-middle-square-o > 0.5) & (bottom-left-square-x > 0.5) & (top-left-square-x > 0.5) & (middle-left-square-x <= 0.5) & (middle-right-square-b <= 0.5) & (middle-left-square-b <= 0.5) & (middle-right-square-o <= 0.5) & (top-right-square-b <= 0.5) & (top-right-square-o > 0.5) & (top-middle-square-o <= 0.5),(middle-middle-square-o > 0.5) & (bottom-right-square-x > 0.5) & (top-right-square-x <= 0.5) & (bottom-middle-square-x <= 0.5) & (middle-right-square-x > 0.5),(middle-middle-square-o > 0.5) & (top-right-square-x <= 0.5) & (bottom-left-square-x > 0.5) & (top-middle-square-x > 0.5) & (bottom-right-square-o <= 0.5) & (middle-left-square-o > 0.5) & (top-left-square-o <= 0.5) & (top-left-square-x > 0.5),(middle-middle-square-o > 0.5) & (bottom-right-square-x > 0.5) & (top-right-square-x <= 0.5) & (bottom-left-square-x > 0.5) & (bottom-middle-square-x <= 0.5) & (middle-left-square-x <= 0.5),,
946,7,10,11,10,9,,,(bottom-right-square-o > 0.5) & (top-right-square-o <= 0.5) & (middle-right-square-x <= 0.5) & (top-left-square-o <= 0.5) & (bottom-left-square-o > 0.5) & (bottom-middle-square-o <= 0.5) & (top-middle-square-o > 0.5),(middle-middle-square-o <= 0.5) & (top-right-square-o <= 0.5) & (bottom-left-square-o > 0.5) & (top-left-square-o <= 0.5) & (bottom-middle-square-o <= 0.5) & (top-middle-square-o > 0.5) & (bottom-middle-square-x > 0.5) & (top-right-square-x > 0.5) & (middle-middle-square-x > 0.5) & (middle-left-square-o <= 0.5),(middle-middle-square-o <= 0.5) & (top-left-square-o <= 0.5) & (bottom-right-square-o > 0.5) & (top-right-square-o <= 0.5) & (bottom-middle-square-o <= 0.5) & (top-middle-square-o > 0.5) & (bottom-middle-square-x > 0.5) & (top-left-square-b <= 0.5) & (middle-right-square-x <= 0.5) & (middle-left-square-x > 0.5) & (top-right-square-b <= 0.5),(middle-middle-square-o <= 0.5) & (bottom-left-square-o > 0.5) & (top-left-square-o <= 0.5) & (bottom-right-square-o > 0.5) & (bottom-middle-square-o <= 0.5) & (top-left-square-b <= 0.5) & (middle-left-square-x > 0.5) & (bottom-middle-square-x > 0.5) & (top-middle-square-o > 0.5) & (top-right-square-o <= 0.5),(middle-middle-square-o <= 0.5) & (top-left-square-o <= 0.5) & (bottom-right-square-o > 0.5) & (top-right-square-o <= 0.5) & (bottom-left-square-o > 0.5) & (bottom-middle-square-o <= 0.5) & (top-left-square-b <= 0.5) & (bottom-middle-square-x > 0.5) & (middle-left-square-x > 0.5),,
947,7,7,7,12,7,,,(bottom-right-square-o > 0.5) & (top-right-square-o <= 0.5) & (middle-right-square-x > 0.5) & (top-middle-square-o > 0.5) & (top-right-square-b <= 0.5) & (top-left-square-x > 0.5) & (bottom-left-square-x <= 0.5),(middle-middle-square-o > 0.5) & (bottom-left-square-x <= 0.5) & (top-right-square-x > 0.5) & (bottom-middle-square-x > 0.5) & (top-left-square-o <= 0.5) & (middle-right-square-o <= 0.5) & (middle-left-square-x > 0.5),(middle-middle-square-o > 0.5) & (bottom-right-square-x <= 0.5) & (top-left-square-x > 0.5) & (bottom-middle-square-x > 0.5) & (top-right-square-o <= 0.5) & (middle-left-square-o <= 0.5) & (middle-right-square-x > 0.5),(middle-middle-square-o > 0.5) & (top-right-square-x > 0.5) & (top-left-square-x > 0.5) & (top-middle-square-x <= 0.5) & (bottom-middle-square-b <= 0.5) & (top-middle-square-b <= 0.5) & (bottom-middle-square-o <= 0.5) & (bottom-left-square-b <= 0.5) & (bottom-right-square-b <= 0.5) & (bottom-right-square-x <= 0.5) & (middle-left-square-o <= 0.5) & (bottom-left-square-o > 0.5),(middle-middle-square-o > 0.5) & (bottom-right-square-x <= 0.5) & (top-left-square-x > 0.5) & (bottom-middle-square-x > 0.5) & (top-right-square-o <= 0.5) & (middle-left-square-o <= 0.5) & (middle-right-square-x > 0.5),,
948,12,8,11,11,11,,,(bottom-right-square-o <= 0.5) & (top-right-square-o <= 0.5) & (middle-left-square-b <= 0.5) & (bottom-middle-square-x > 0.5) & (bottom-left-square-x <= 0.5) & (top-left-square-o <= 0.5) & (middle-right-square-o > 0.5) & (bottom-left-square-o > 0.5) & (bottom-right-square-x > 0.5) & (top-right-square-b <= 0.5) & (top-middle-square-o > 0.5) & (middle-left-square-o <= 0.5),(middle-middle-square-o > 0.5) & (bottom-left-square-x <= 0.5) & (top-right-square-x > 0.5) & (bottom-middle-square-x > 0.5) & (top-left-square-o <= 0.5) & (middle-right-square-o > 0.5) & (middle-left-square-o <= 0.5) & (top-middle-square-x <= 0.5),(middle-middle-square-o > 0.5) & (bottom-right-square-x > 0.5) & (top-right-square-x > 0.5) & (middle-right-square-x <= 0.5) & (middle-left-square-b <= 0.5) & (middle-right-square-b <= 0.5) & (middle-left-square-o <= 0.5) & (top-left-square-b <= 0.5) & (bottom-middle-square-o <= 0.5) & (top-middle-square-x <= 0.5) & (top-left-square-x > 0.5),(middle-middle-square-o > 0.5) & (top-right-square-x > 0.5) & (top-left-square-x > 0.5) & (top-middle-square-x <= 0.5) & (bottom-middle-square-b <= 0.5) & (top-middle-square-b <= 0.5) & (bottom-middle-square-o <= 0.5) & (bottom-left-square-b <= 0.5) & (bottom-right-square-b <= 0.5) & (bottom-right-square-x > 0.5) & (middle-left-square-o <= 0.5),(middle-middle-square-o > 0.5) & (bottom-right-square-x > 0.5) & (top-right-square-x > 0.5) & (middle-right-square-x <= 0.5) & (middle-left-square-b <= 0.5) & (middle-right-square-b <= 0.5) & (middle-left-square-o <= 0.5) & (top-left-square-b <= 0.5) & (bottom-left-square-b <= 0.5) & (bottom-middle-square-x > 0.5) & (bottom-left-square-o > 0.5),,
949,7,11,9,8,10,,,(bottom-right-square-o > 0.5) & (top-right-square-o <= 0.5) & (middle-right-square-x > 0.5) & (top-middle-square-o > 0.5) & (top-right-square-b <= 0.5) & (top-left-square-x > 0.5) & (bottom-left-square-x <= 0.5),(middle-middle-square-o <= 0.5) & (top-right-square-o <= 0.5) & (bottom-left-square-o > 0.5) & (top-left-square-o <= 0.5) & (bottom-middle-square-o <= 0.5) & (top-middle-square-o > 0.5) & (bottom-middle-square-x > 0.5) & (top-right-square-x > 0.5) & (middle-middle-square-x > 0.5) & (middle-left-square-o > 0.5) & (middle-right-square-o <= 0.5),(middle-middle-square-o <= 0.5) & (top-left-square-o <= 0.5) & (bottom-right-square-o > 0.5) & (top-right-square-o <= 0.5) & (bottom-middle-square-o <= 0.5) & (top-middle-square-o > 0.5) & (bottom-middle-square-x > 0.5) & (top-left-square-b <= 0.5) & (middle-right-square-x > 0.5),(middle-middle-square-o <= 0.5) & (bottom-left-square-o > 0.5) & (top-left-square-o <= 0.5) & (bottom-right-square-o > 0.5) & (bottom-middle-square-o <= 0.5) & (top-left-square-b <= 0.5) & (middle-left-square-x <= 0.5) & (top-middle-square-x <= 0.5),(middle-middle-square-o <= 0.5) & (top-left-square-o <= 0.5) & (bottom-right-square-o > 0.5) & (top-right-square-o <= 0.5) & (bottom-left-square-o > 0.5) & (bottom-middle-square-o <= 0.5) & (top-left-square-b <= 0.5) & (bottom-middle-square-x > 0.5) & (middle-left-square-x <= 0.5) & (middle-right-square-x > 0.5),,
950,9,10,8,11,8,,,(bottom-right-square-o > 0.5) & (top-right-square-o <= 0.5) & (middle-right-square-x > 0.5) & (top-middle-square-o > 0.5) & (top-right-square-b <= 0.5) & (top-left-square-x > 0.5) & (bottom-left-square-x > 0.5) & (middle-left-square-o > 0.5) & (bottom-middle-square-o <= 0.5),(middle-middle-square-o > 0.5) & (bottom-left-square-x > 0.5) & (top-left-square-x > 0.5) & (middle-left-square-x <= 0.5) & (middle-right-square-b <= 0.5) & (middle-left-square-b <= 0.5) & (middle-right-square-o <= 0.5) & (top-right-square-b <= 0.5) & (top-right-square-o <= 0.5) & (top-middle-square-x <= 0.5),(middle-middle-square-o > 0.5) & (bottom-right-square-x <= 0.5) & (top-left-square-x > 0.5) & (bottom-middle-square-x > 0.5) & (top-right-square-o <= 0.5) & (middle-left-square-o > 0.5) & (middle-right-square-o <= 0.5) & (top-middle-square-x <= 0.5),(middle-middle-square-o > 0.5) & (top-right-square-x > 0.5) & (top-left-square-x > 0.5) & (top-middle-square-x <= 0.5) & (bottom-middle-square-b <= 0.5) & (top-middle-square-b <= 0.5) & (bottom-middle-square-o <= 0.5) & (bottom-left-square-b <= 0.5) & (bottom-right-square-b <= 0.5) & (bottom-right-square-x <= 0.5) & (middle-left-square-o > 0.5),(middle-middle-square-o > 0.5) & (bottom-right-square-x <= 0.5) & (top-left-square-x > 0.5) & (bottom-middle-square-x > 0.5) & (top-right-square-o <= 0.5) & (middle-left-square-o > 0.5) & (middle-right-square-o <= 0.5) & (bottom-left-square-x > 0.5),,
951,7,10,8,10,9,,,(bottom-right-square-o > 0.5) & (top-right-square-o > 0.5) & (middle-right-square-o <= 0.5) & (bottom-left-square-b <= 0.5) & (top-left-square-o <= 0.5) & (top-middle-square-x <= 0.5) & (middle-left-square-o > 0.5),(middle-middle-square-o <= 0.5) & (top-right-square-o > 0.5) & (top-left-square-o <= 0.5) & (middle-right-square-o <= 0.5) & (top-middle-square-x <= 0.5) & (middle-left-square-o > 0.5) & (middle-right-square-x > 0.5) & (bottom-middle-square-x > 0.5) & (top-left-square-b <= 0.5) & (bottom-left-square-o <= 0.5),(middle-middle-square-o <= 0.5) & (top-left-square-o <= 0.5) & (bottom-right-square-o > 0.5) & (top-right-square-o > 0.5) & (middle-right-square-o <= 0.5) & (bottom-middle-square-o <= 0.5) & (middle-left-square-o > 0.5) & (top-middle-square-x <= 0.5),(middle-middle-square-o <= 0.5) & (bottom-left-square-o <= 0.5) & (top-right-square-o > 0.5) & (bottom-right-square-o > 0.5) & (middle-left-square-b <= 0.5) & (bottom-middle-square-o <= 0.5) & (middle-middle-square-b <= 0.5) & (bottom-left-square-b <= 0.5) & (bottom-middle-square-x > 0.5) & (top-middle-square-x <= 0.5),(middle-middle-square-o <= 0.5) & (top-left-square-o <= 0.5) & (bottom-right-square-o > 0.5) & (top-right-square-o > 0.5) & (middle-right-square-o <= 0.5) & (bottom-middle-square-o <= 0.5) & (middle-left-square-o > 0.5) & (bottom-left-square-x > 0.5) & (top-left-square-b <= 0.5),,
952,8,9,11,13,13,,,(bottom-right-square-o <= 0.5) & (top-right-square-o <= 0.5) & (middle-left-square-b <= 0.5) & (bottom-middle-square-x <= 0.5) & (top-middle-square-b <= 0.5) & (top-left-square-x <= 0.5) & (middle-right-square-x <= 0.5) & (bottom-left-square-x <= 0.5),(middle-middle-square-o <= 0.5) & (top-right-square-o <= 0.5) & (bottom-left-square-o > 0.5) & (top-left-square-o > 0.5) & (middle-left-square-o <= 0.5) & (bottom-middle-square-o > 0.5) & (top-middle-square-x > 0.5) & (top-right-square-x > 0.5) & (middle-middle-square-b <= 0.5),(middle-middle-square-o <= 0.5) & (top-left-square-o > 0.5) & (top-right-square-o <= 0.5) & (middle-left-square-o <= 0.5) & (top-middle-square-x > 0.5) & (bottom-middle-square-o > 0.5) & (bottom-right-square-b <= 0.5) & (top-right-square-b <= 0.5) & (middle-left-square-x > 0.5) & (middle-right-square-o > 0.5) & (bottom-right-square-o <= 0.5),(middle-middle-square-o <= 0.5) & (bottom-left-square-o > 0.5) & (top-left-square-o > 0.5) & (middle-left-square-o <= 0.5) & (top-right-square-b <= 0.5) & (top-middle-square-b <= 0.5) & (bottom-right-square-b <= 0.5) & (bottom-middle-square-b <= 0.5) & (bottom-middle-square-x <= 0.5) & (bottom-right-square-o <= 0.5) & (middle-left-square-x > 0.5) & (top-right-square-o <= 0.5) & (top-middle-square-o <= 0.5),(middle-middle-square-o <= 0.5) & (top-left-square-o > 0.5) & (bottom-left-square-o > 0.5) & (middle-left-square-o <= 0.5) & (top-right-square-b <= 0.5) & (bottom-right-square-b <= 0.5) & (bottom-middle-square-b <= 0.5) & (middle-left-square-b <= 0.5) & (middle-right-square-b <= 0.5) & (middle-middle-square-x > 0.5) & (middle-right-square-x <= 0.5) & (bottom-right-square-o <= 0.5) & (top-right-square-o <= 0.5),,
953,13,5,10,8,11,,,(bottom-right-square-o <= 0.5) & (top-right-square-o <= 0.5) & (middle-left-square-b <= 0.5) & (bottom-middle-square-x <= 0.5) & (top-middle-square-b <= 0.5) & (top-left-square-x <= 0.5) & (middle-right-square-x <= 0.5) & (bottom-left-square-x > 0.5) & (top-right-square-x > 0.5) & (bottom-right-square-b <= 0.5) & (middle-left-square-x > 0.5) & (top-left-square-o > 0.5) & (top-middle-square-x > 0.5),(middle-middle-square-o > 0.5) & (bottom-left-square-x > 0.5) & (top-left-square-x <= 0.5) & (bottom-middle-square-x <= 0.5) & (middle-left-square-x > 0.5),(middle-middle-square-o > 0.5) & (bottom-right-square-x > 0.5) & (top-right-square-x > 0.5) & (middle-right-square-x <= 0.5) & (middle-left-square-b <= 0.5) & (middle-right-square-b <= 0.5) & (middle-left-square-o <= 0.5) & (top-left-square-b <= 0.5) & (bottom-middle-square-o > 0.5) & (top-left-square-x <= 0.5),(middle-middle-square-o > 0.5) & (top-right-square-x > 0.5) & (top-left-square-x <= 0.5) & (bottom-right-square-x > 0.5) & (top-middle-square-x > 0.5) & (bottom-middle-square-x <= 0.5) & (bottom-left-square-x > 0.5) & (middle-left-square-x > 0.5),(middle-middle-square-o > 0.5) & (bottom-right-square-x > 0.5) & (top-right-square-x > 0.5) & (middle-right-square-x <= 0.5) & (middle-left-square-b <= 0.5) & (middle-right-square-b <= 0.5) & (middle-left-square-o <= 0.5) & (top-left-square-b <= 0.5) & (bottom-left-square-b <= 0.5) & (bottom-middle-square-x <= 0.5) & (bottom-left-square-x > 0.5),,
954,10,6,10,6,11,,,(bottom-right-square-o <= 0.5) & (top-right-square-o <= 0.5) & (middle-left-square-b <= 0.5) & (bottom-middle-square-x > 0.5) & (bottom-left-square-x <= 0.5) & (top-left-square-o > 0.5) & (bottom-left-square-o > 0.5) & (middle-left-square-x > 0.5) & (top-right-square-x > 0.5) & (middle-right-square-o > 0.5),(middle-middle-square-o > 0.5) & (bottom-left-square-x <= 0.5) & (top-right-square-x > 0.5) & (bottom-middle-square-x > 0.5) & (top-left-square-o > 0.5) & (top-middle-square-x > 0.5),(middle-middle-square-o > 0.5) & (bottom-right-square-x > 0.5) & (top-right-square-x > 0.5) & (middle-right-square-x <= 0.5) & (middle-left-square-b <= 0.5) & (middle-right-square-b <= 0.5) & (middle-left-square-o <= 0.5) & (top-left-square-b <= 0.5) & (bottom-middle-square-o <= 0.5) & (top-middle-square-x > 0.5),(middle-middle-square-o > 0.5) & (top-right-square-x > 0.5) & (top-left-square-x <= 0.5) & (bottom-right-square-x > 0.5) & (top-middle-square-x > 0.5) & (bottom-middle-square-x > 0.5),(middle-middle-square-o > 0.5) & (bottom-right-square-x > 0.5) & (top-right-square-x > 0.5) & (middle-right-square-x <= 0.5) & (middle-left-square-b <= 0.5) & (middle-right-square-b <= 0.5) & (middle-left-square-o <= 0.5) & (top-left-square-b <= 0.5) & (bottom-left-square-b <= 0.5) & (bottom-middle-square-x > 0.5) & (bottom-left-square-o > 0.5),,
955,7,11,10,9,10,,,(bottom-right-square-o <= 0.5) & (top-right-square-o > 0.5) & (middle-right-square-x <= 0.5) & (bottom-left-square-o <= 0.5) & (top-left-square-o > 0.5) & (top-middle-square-o <= 0.5) & (bottom-middle-square-o > 0.5),(middle-middle-square-o <= 0.5) & (top-right-square-o > 0.5) & (top-left-square-o > 0.5) & (top-middle-square-o <= 0.5) & (bottom-left-square-b <= 0.5) & (middle-right-square-b <= 0.5) & (middle-left-square-o <= 0.5) & (middle-right-square-x <= 0.5) & (middle-left-square-x > 0.5) & (bottom-left-square-o <= 0.5) & (top-middle-square-x > 0.5),(middle-middle-square-o <= 0.5) & (top-left-square-o > 0.5) & (top-right-square-o > 0.5) & (top-middle-square-o <= 0.5) & (bottom-right-square-b <= 0.5) & (middle-right-square-b <= 0.5) & (middle-left-square-o <= 0.5) & (middle-right-square-x <= 0.5) & (bottom-right-square-x > 0.5) & (bottom-middle-square-x <= 0.5),(middle-middle-square-o <= 0.5) & (bottom-left-square-o <= 0.5) & (top-right-square-o > 0.5) & (bottom-right-square-o <= 0.5) & (top-left-square-o > 0.5) & (top-middle-square-o <= 0.5) & (bottom-middle-square-o > 0.5) & (bottom-left-square-x > 0.5) & (top-middle-square-b <= 0.5),(middle-middle-square-o <= 0.5) & (top-left-square-o > 0.5) & (bottom-left-square-o <= 0.5) & (top-right-square-o > 0.5) & (bottom-middle-square-b <= 0.5) & (middle-left-square-o <= 0.5) & (middle-middle-square-b <= 0.5) & (bottom-left-square-b <= 0.5) & (middle-left-square-b <= 0.5) & (middle-right-square-x <= 0.5),,
956,7,5,5,8,7,,,(bottom-right-square-o <= 0.5) & (top-right-square-o > 0.5) & (middle-right-square-x > 0.5) & (bottom-middle-square-o > 0.5) & (bottom-right-square-x > 0.5) & (bottom-left-square-x > 0.5) & (top-left-square-x <= 0.5),(middle-middle-square-o > 0.5) & (bottom-left-square-x > 0.5) & (top-left-square-x <= 0.5) & (bottom-middle-square-x <= 0.5) & (middle-left-square-x > 0.5),(middle-middle-square-o > 0.5) & (bottom-right-square-x > 0.5) & (top-right-square-x <= 0.5) & (bottom-middle-square-x <= 0.5) & (middle-right-square-x > 0.5),(middle-middle-square-o > 0.5) & (top-right-square-x <= 0.5) & (bottom-left-square-x > 0.5) & (top-middle-square-x > 0.5) & (bottom-right-square-o <= 0.5) & (middle-left-square-o <= 0.5) & (top-left-square-o > 0.5) & (bottom-middle-square-x <= 0.5),(middle-middle-square-o > 0.5) & (bottom-right-square-x > 0.5) & (top-right-square-x <= 0.5) & (bottom-left-square-x > 0.5) & (bottom-middle-square-x <= 0.5) & (middle-left-square-x > 0.5) & (top-left-square-x <= 0.5),,
957,7,9,8,9,8,,,(bottom-right-square-o <= 0.5) & (top-right-square-o > 0.5) & (middle-right-square-x > 0.5) & (bottom-middle-square-o > 0.5) & (bottom-right-square-x > 0.5) & (bottom-left-square-x > 0.5) & (top-left-square-x <= 0.5),(middle-middle-square-o <= 0.5) & (top-right-square-o > 0.5) & (top-left-square-o > 0.5) & (top-middle-square-o <= 0.5) & (bottom-left-square-b <= 0.5) & (middle-right-square-b <= 0.5) & (middle-left-square-o > 0.5) & (bottom-left-square-o <= 0.5) & (bottom-middle-square-x <= 0.5),(middle-middle-square-o <= 0.5) & (top-left-square-o > 0.5) & (top-right-square-o > 0.5) & (top-middle-square-o <= 0.5) & (bottom-right-square-b <= 0.5) & (middle-right-square-b <= 0.5) & (middle-left-square-o > 0.5) & (bottom-middle-square-x <= 0.5),(middle-middle-square-o <= 0.5) & (bottom-left-square-o <= 0.5) & (top-right-square-o > 0.5) & (bottom-right-square-o <= 0.5) & (top-left-square-o > 0.5) & (top-middle-square-o <= 0.5) & (bottom-middle-square-o > 0.5) & (bottom-left-square-x > 0.5) & (top-middle-square-b <= 0.5),(middle-middle-square-o <= 0.5) & (top-left-square-o > 0.5) & (bottom-left-square-o <= 0.5) & (top-right-square-o > 0.5) & (bottom-middle-square-b <= 0.5) & (middle-left-square-o > 0.5) & (middle-right-square-x > 0.5) & (bottom-middle-square-o > 0.5),,
958,10,8,9,13,13,,,(bottom-right-square-o <= 0.5) & (top-right-square-o <= 0.5) & (middle-left-square-b <= 0.5) & (bottom-middle-square-x > 0.5) & (bottom-left-square-x <= 0.5) & (top-left-square-o > 0.5) & (bottom-left-square-o > 0.5) & (middle-left-square-x > 0.5) & (top-right-square-x > 0.5) & (middle-right-square-o > 0.5),(middle-middle-square-o <= 0.5) & (top-right-square-o <= 0.5) & (bottom-left-square-o > 0.5) & (top-left-square-o > 0.5) & (middle-left-square-o <= 0.5) & (bottom-middle-square-o <= 0.5) & (middle-right-square-o > 0.5) & (top-middle-square-x <= 0.5),(middle-middle-square-o <= 0.5) & (top-left-square-o > 0.5) & (top-right-square-o <= 0.5) & (middle-left-square-o <= 0.5) & (top-middle-square-x <= 0.5) & (bottom-middle-square-x > 0.5) & (middle-left-square-x > 0.5) & (bottom-right-square-x > 0.5) & (top-right-square-b <= 0.5),(middle-middle-square-o <= 0.5) & (bottom-left-square-o > 0.5) & (top-left-square-o > 0.5) & (middle-left-square-o <= 0.5) & (top-right-square-b <= 0.5) & (top-middle-square-b <= 0.5) & (bottom-right-square-b <= 0.5) & (bottom-middle-square-b <= 0.5) & (bottom-middle-square-x > 0.5) & (top-middle-square-o > 0.5) & (top-right-square-o <= 0.5) & (middle-left-square-x > 0.5) & (bottom-right-square-o <= 0.5),(middle-middle-square-o <= 0.5) & (top-left-square-o > 0.5) & (bottom-left-square-o > 0.5) & (middle-left-square-o <= 0.5) & (top-right-square-b <= 0.5) & (bottom-right-square-b <= 0.5) & (bottom-middle-square-b <= 0.5) & (middle-left-square-b <= 0.5) & (middle-right-square-b <= 0.5) & (middle-middle-square-x > 0.5) & (middle-right-square-x <= 0.5) & (bottom-right-square-o <= 0.5) & (top-right-square-o <= 0.5),,
